Actual,Predicted
"The conversation features a preschool girl who enjoys playing outside, dancing, and loves zebras. She shares her excitement about her day at preschool and her recent birthday party at Chuck E. Cheese. In contrast, an adult expresses stress from a demanding job as a restaurant manager, mentioning long hours and difficult customers. The girl expresses hope to continue dancing or working with zebras when she grows up, while the adult questions her online presence, to which she responds that her mom allows her 20 minutes of screen time daily.","A preschool girl shares her excitement about her day in preschool, expressing her love for playing outside and dancing, even though she works 60 hours a week as a restaurant manager. She mentions her stressful job and her boss's poor treatment, while also highlighting her aspirations to dance professionally and work with zebras. The conversation touches on her hopes for a higher salary and her limited screen time, as her mom allows 20 minutes online. The other participant, an older individual, jokes about their own age and suggests they are too young for online activities. The girl responds playfully, emphasizing her interests and aspirations."
"The user, who enjoys Isaiah Rashad's music and prefers reading over watching movies, engages in a friendly conversation about music, expressing a preference for upbeat genres and rap. They mention a specific song featuring Kendrick Lamar and discuss their busy schedule due to their marketing job, which limits their exercise routine.","The user, who enjoys music by Isaiah Rashad and prefers reading books over watching movies, engages in a light conversation about music preferences. They express interest in rap music, mentioning artists like Kendrick Lamar, and discuss their busy marketing job that limits their time for exercise. The conversation also touches on the user's appreciation for running music, which they plan to explore further. They clarify that while they enjoy music, their job keeps them busy and prevents them from exercising. The other person shares their own interests in music and suggests a potential connection between them and the user. The user responds positively to the suggestion, indicating a willingness to connect over shared interests. The conversation concludes with the user mentioning they will be looking up a song by Isaiah Rashad. The"
"The user, a 29-year-old night owl from a suburb of Boston, expresses excitement about sleeping in and plans to go hiking or biking for fresh air. They bond over a shared love for music, particularly Pearl Jam and 80s tunes, while discussing the user's gaming interests. The conversation reveals the other participant is 48, lives in upstate New York, and humorously shares a clumsiness story about ruining shirts with ink. They also mention having two dogs as pets.","The user, a 29-year-old night owl from a suburb of Boston who enjoys hiking and biking, shares that they slept in because they are a night owl. They express enthusiasm for music, particularly 80s music, and mention their love for Pearl Jam. The conversation partner, a 48-year-old from New York, reveals they have two dogs and lives in upstate New York, while the user lives in Boston. They bond over their shared experiences of clumsiness and clothing stains, with the user humorously noting their age in the 80s. The conversation highlights their friendly exchange about music and pets."
"The user, who loves meat and pizza, recently started a job selling cars and enjoys painting. They engage in a friendly conversation with another person who enjoys cooking, mentioning a family recipe for pizza that includes meat. The user shares that they have been married for a while and have three children, while the other person has grown kids and a wife who used to be a teacher. They discuss the possibility of the user painting a picture of the other person's family, who are in Italy, and the other person reveals they speak both Italian and English, having moved to America at 14.","The user, who loves meat and pizza, recently started a job selling cars and enjoys painting pictures. They engaged in a conversation with someone who cooks daily and has a family, discussing their love for cooking and the possibility of sharing pizza. The user mentioned their wife's teaching background and their own experience with family, while also expressing interest in potentially painting a family portrait. The conversation also touched on language, with the user noting their Italian heritage and the challenges of their children speaking it. The other person shared their experience as a young adult in America. The user concluded the conversation by expressing interest in a potential family portrait."
"The user, who enjoys collecting stamps and swimming daily, shares that they recently moved from Virginia to the West Coast for their mom's new teaching job as a professor of environmental science. They express a love for the color blue, envisioning clear skies and water, and mention their mom also teaches cello, which they learned to play. The conversation reveals the user's appreciation for the four seasons in their new location compared to their previous home in upstate New York, where their dad, a cop, struggles to find work.","The user, who collects stamps, plays the cello, and loves the color blue, shares that they are doing well and recently moved from Virginia to upstate New York, where they enjoy swimming daily and listening to music. They mention their mom, a professor of environmental science, who teaches cello lessons, and express a fondness for concerts on weekends. The conversation also touches on the user's appreciation for the beautiful weather and their desire to live there, while acknowledging the challenges of their dad, a cop, finding work in the area. The user enjoys the vibrant colors of the sky and water, reflecting their own mood. Additionally, they mention their daily commute of four seasons."
"The conversation features a user who identifies as a lifestyle blogger from Celebration, Florida, and a former cheerleader. They engage with another individual who is part of a lady motorcycle club and expresses a love for fast driving. The user humorously suggests violence against the other person's husband and expresses enthusiasm for shopping. They discuss tattoos and flirtation, with the other person proposing a spontaneous meeting and ride on a motorcycle. The user expresses excitement about the idea, even jokingly mentioning burning down their house before leaving.","The user, a lifestyle blogger from Florida who enjoys shopping and has two kids, engages in a light-hearted conversation about their interests and family. They express excitement about their family and mention their wife's involvement, while also sharing their admiration for fast driving and shopping. The conversation takes a humorous turn when the other person suggests they could join them on a date, leading to a playful exchange about their destinations and plans. The user humorously plans to celebrate their family's love for the sunset with a bike ride, hinting at a playful and lighthearted attitude throughout the chat. The conversation ends with the user expressing excitement about their future plans."
"The user expresses their enthusiasm for ""Game of Thrones,"" stating it as their favorite show, while also sharing that they work from home, which they enjoy. They mention an interest in starting a band inspired by System of a Down (SOAD) and highlight their passion for cosplay, alongside attending renaissance fairs. The conversation touches on music, with the user noting their long-time experience playing Coldplay on piano, and humorously reflects on the idea of cults versus culture in relation to their interests.","The user expresses their love for ""Game of Thrones,"" which they consider their favorite show, and shares their work-from-home job. They engage in a conversation with someone aspiring to start a band, discussing their interests in cosplay and music, particularly piano playing. The user mentions their vegan lifestyle and their experiences at Renaissance fairs, humorously referring to the events as cults. They also touch on the concept of belief systems, playfully suggesting that ""Game of Thrones"" and cosplay align with a cult-like persona. The conversation reflects the user's enthusiastic personality and interests."
"The user, a long-time fisherman from Cape Hatteras, North Carolina, shares that they are doing well and are going boating today. They express concern for the other person's knee issues, as they are a long-distance runner themselves. The conversation reveals the user's passion for fishing, particularly for tuna, and they mention needing a special kind of string for fishing. The other person reminisces about visiting Cape Hatteras as a child, showing interest in the user's fishing experiences.","The user, a fisherman from Cape Hatteras, is having a conversation with a doctor about their knee issues. They express concern about their long-distance running and share their love for fishing, mentioning they fish in Alaska. The user reveals their passion for tuna and the importance of getting the right fishing line, while also reminiscing about a childhood visit to North Carolina. The conversation highlights their shared interests in fishing and the user's connection to their home in the northern part of North Carolina. The doctor expresses sympathy for the user's knee issues and inquires about their fishing habits. The user responds positively, emphasizing their love for fishing."
"The user, a witty 28-year-old single mom who doesn't eat meat and is currently unemployed, shares that they are cooking a vegan dish while taking care of their two kids and pets. They enjoy reading, particularly shark-themed books, and engage in entertaining dance routines with their son. The conversation highlights their commitment to a vegan lifestyle and the joy they find in creating memorable moments with their children.","The user, a single, unemployed mother of two children and a son who loves reading and is fascinated by sharks, shares her evening meal of a vegan dish. She expresses her commitment to a healthy lifestyle, mentioning she does not eat meat and has cut back. The conversation touches on her experience as a mother and her witty personality, highlighting her ability to entertain her children and engage in light-hearted activities like reading and dancing with her son. She also mentions her age as she turns 30 this year. The other participant, a 30-year-old mother, shares her experiences with parenting and pets, while the user reflects on her own family dynamics and interests. The conversation highlights their shared experiences and interests, with a focus on family"
"The user, a female with a master's degree, shares her favorite color, purple, and expresses her love for swimming and the beach. She engages in a light-hearted conversation with a classic rock enthusiast, discussing their favorite colors and singers, revealing her fondness for Kid Rock. The conversation also touches on their mutual love for dogs, with the user mentioning her husky and past pets. The user expresses a desire to swim, noting the hot weather and the abundance of beaches in California.","The conversation features a female user who enjoys swimming and has a master's degree. She shares her favorite color is purple and expresses a love for the beach. She mentions her dog, Socks, and discusses her fondness for classic rock music, specifically mentioning artists like CCR, Black Sabbath, and ACDC, while also noting her desire to bring her husky along. The chat touches on the challenges of keeping track of dogs due to the number she has had, and she humorously mentions the heat and the abundance of beaches in California. The conversation ends with a light-hearted exchange about her love for swimming and the color purple."
"The user, who works at Barnes and Noble and enjoys reading, engages in a light conversation about their love for books and movies. They express enthusiasm for the beautiful weather and inquire about the other person's profession. The other person admits to preferring movie adaptations over reading, mentioning ""16 Candles,"" to which the user responds by noting the film's age and expressing surprise at the existence of a book version.","The user, who works at a bookstore and has three tattoos, engages in a light-hearted conversation about their day, expressing enjoyment in the beautiful weather. They mention their profession and share a preference for watching movies over reading, particularly enjoying ""16 Candles"" despite not being an avid reader. The conversation also touches on the user's interest in books and their lack of knowledge about the movie ""16 Candles."" The other person, who is in sales, admits to not enjoying reading and prefers the movies. The user has a fondness for old-fashioned books and films."
"The conversation features a 21-year-old student studying for a master's in social sciences who enjoys pizza and sushi. They discuss their age difference and the student's college experience, expressing a desire to learn about the outdoors. The student shares their love for pizza, particularly with ranch dressing, which the other participant's kids also enjoy. The conversation also touches on hair color and the presence of horses or cattle at the ranch.","The user, a 35-year-old social sciences master's student who enjoys pizza and sushi, engages in a conversation with a 21-year-old college student. They discuss their ages, the user expresses interest in exploring social sciences and shares their love for pizza and sushi. The conversation touches on the user's desire to learn about the outdoors and their fondness for ranch dressing, which they enjoy with pizza. They also mention their hair color is black, which the user finds appropriate at 21. The conversation includes a question about the ranch's livestock, indicating a casual interest in the user's social sciences studies.
Persona: i am a 35-year-old social sciences master's"
"The conversation features a user who enjoys dancing, teaching, and reading history books, sharing their background of growing up near a beach in New Hampshire. They are currently in Florida for school and express a passion for Mexican food cookbooks. The exchange includes light-hearted banter about their favorite colors and a playful suggestion to audition for ""America's Got Talent"" together, highlighting their shared interests in dance and singing.","The user, a history enthusiast and teacher from New Hampshire, shares their love for dancing and Mexican food, mentioning their favorite cookbooks. They engage in a conversation with someone in Florida, discussing their respective jobs and hobbies, including cooking and singing. The user expresses interest in the other person's dancing skills and suggests a potential rehearsal location in New Hampshire, while also highlighting their commitment to their studies and hobbies. The conversation includes light-hearted banter about talent and the possibility of winning money through a dance performance. The user enjoys the idea of dancing and invites the other person to dance along. The exchange reflects a friendly and enthusiastic exchange about interests and plans.
Persona: my favorite food is mexican. i enjoy reading history books. i love to dance"
"The user, an actress in a local theater company and a history enthusiast, shares that they haven't spoken to their divorced parents today. They mention their father's struggles with alcoholism but note that he can be a caring father when sober. To cope, the user enjoys taking walks in the garden, appreciating nature, which helps ease their mind. They are currently in college and expect to graduate next year, while also expressing a passion for animals and their potential to aid in rehabilitating individuals with addiction.","The user, a local theater company member and history buff, shares that their parents are divorced, which has prevented them from talking to them. They express concern about their father's alcoholism and mention that animals can help with this. The user enjoys reading and walks around the garden to relax, while also noting that they are still in college and will complete their studies next year. They engage in a conversation with another person who is an actress and works at a theater. The user appreciates the peacefulness of their surroundings and inquires about the other person's work habits. The conversation highlights their shared interests in family, pets, and personal well-being."
"The user is a college student preparing for exams and aspires to become a teacher after graduating in September. They plan to get a pit bull once they secure a teaching job. The user has three dogs and shares that their brother is in a heavy metal band that travels globally. They don't play sports due to their busy college schedule but work out to maintain health, particularly because of a blood sugar issue. The user reflects on their family's migration to America when they were five and expresses a desire to stay healthy.","The user is a college student graduating in September, aspiring to become a teacher, and is currently reading for an exam. They have a brother who is in a heavy metal band and travels the world, while the other person enjoys playing with their three dogs and working out to stay healthy. The user expresses a desire to get a pit bull as a dog when they graduate and mentions their family migrated to America when they were five. They also share that they don't have time for sports due to college commitments. The conversation touches on health, with the user noting their need to check blood sugar and their parents' active lifestyles. Overall, the user reflects on their aspirations and well-being while engaging with a conversation partner."
"The user, who has one cat and describes themselves as short and not thin with brown hair, enjoys food truck burgers and fries, though their cat often steals the fries. They have dyed their hair blonde in the past but are currently keeping it brown to save money, with their older brother managing their finances. The user sews plushes for extra cash and struggles with self-confidence, especially regarding their body image. They share a connection with the other person over vegan food and encourage each other to have fun and be brave, despite the user's concerns about the cost of hair dye. The conversation reflects their supportive dynamic, with the user finding motivation from their cat, Whiskers.","The user, who has one cat, brown hair, and is short, shares their love for food truck burgers and fries, mentioning their cat as the source of these cravings. They mention dyeing their hair to save money and express a desire to try peroxide and KoolAid for fun, despite concerns about the cost of hair dyeing. The conversation touches on personal struggles with confidence and the impact of family's vegan lifestyle, with the user encouraging self-acceptance and embracing their unique persona. They conclude with a light-hearted note, suggesting that their cat might be a source of motivation. Overall, the user reflects on their feelings of being overweight and insecurity, contrasting with the other person's positive self-image. The conversation highlights themes of food, personal"
"The user, a former contestant on Jeopardy and a pottery maker, is currently refurbishing a car for a client while also sharing that they once lived in a storage locker for two months. They are a recovering alcoholic and mention their experience to a teacher who has a friend struggling with alcoholism. The conversation reveals the user's practical skills and interests, contrasting with the teacher's passion for singing at church and attending the orchestra, which the user expresses interest in as well.","The user, who has appeared on ""Jeopardy"" and enjoys making pottery, is currently working on refurbishing a client's car. They also have a background of living in a storage locker for two months, which has contributed to their recovery from alcoholism. The conversation partner is a teacher who enjoys singing at church on Sundays and has a friend who is also an alcoholic. Both express a love for the orchestra and the idea of going together. The user shares their experience of being on the show and mentions their past as a drunk, while the partner reveals they don't watch much TV. The conversation highlights their shared interests in literature and music."
"The user, a casual dresser and happy waitress at a local restaurant, expresses contentment with life and a love for Nirvana. They enjoy singing in the shower and appreciate their job, contrasting it with a previous corporate role they disliked. The conversation partner dreams of starting a cupcake business with 31 different flavors, which the user likens to Baskin Robbins ice cream, emphasizing the belief that true success is found in happiness.","The user, a casual dresser who is generally happy with life, expresses their enjoyment of Nirvana and shares that they work as a waitress at a local restaurant, which they find fits their casual lifestyle. They engage in a conversation about music, revealing that they do not have a favorite band and prefer relaxing music while sipping tea. The user dreams of opening a cupcake business and discusses their past work experience, while also mentioning their favorite flavor of vanilla and the other participants' interest in various flavors. They conclude by playfully referencing a past favorite ice cream flavor. The conversation reflects the user's positive outlook on life and their enjoyment of their job."
"The user, who expresses a desire to have been born a prince to avoid social interactions, shares that they are enjoying nachos, their favorite food, while chatting with someone who is finishing school. They bond over their mutual interest in Dungeons and Dragons, acknowledging the stigma around being a ""nerd."" The user also mentions their love for painting but prefers not to discuss it with others. The conversation reflects their introverted persona and a light-hearted acceptance of their interests.","The user, who identifies as a nerd who enjoys playing D&D and has a strong dislike for socializing, engages in a conversation about their interests and experiences. They express a whimsical desire to be born a prince, which they humorously acknowledge is not a good thing. The user shares their love for nachos and mentions their passion for painting, although they prefer not to discuss their art publicly. They reflect on their nerdy persona and the occasional negative comments about their interests, while also hinting at a belief in reincarnation. The conversation touches on the user's sense of humor and their unique perspective on life. Overall, the user conveys a lighthearted and self-deprecating tone throughout the exchange.
Persona: i should be prince and never talk to"
"The user expresses feelings of loneliness and insecurity in their love life, working over 60 hours a week as a computer programmer and waitress to support their 18-month-old daughter. They mention having siblings but rarely communicate with them due to their busy schedule. The user drives a red 2004 Nissan Maxima and dreams of owning a Corvette to feel more complete. Despite their hard work, they struggle with balancing their responsibilities and personal life.","The user expresses feelings of loneliness in their love life and works as a computer programmer, which contributes to their insecurity in relationships. They mention having seven brothers and sisters but feel too busy to interact with them. The conversation partner, a single mother with an 18-month-old daughter, shares her experiences of working long hours as a waitress and selling houses, while also discussing her financial struggles. The user reflects on their own work-life balance and inquires about the partner's marital status. The partner reveals they have a red 2004 Nissan Maxima with 74, 000 miles, while the user expresses interest in driving but does not own a car. The conversation highlights the user's insecurities and"
"The user, a grad student who enjoys reading true crime books, is currently drinking a caramel cappuccino and discussing food with a friend. They mention their financial constraints as a poor student, relying on meals cooked by their parents who live across the street. The conversation shifts to cooking, with the friend, a yoga teacher, playfully offering to cook for the user while they read. The user expresses interest in a taco salad, and the two look forward to sharing this meal outdoors. The friend also inquires about the user's favorite color.","The user, a grad student who loves reading true crime books and enjoys a caramel cappuccino, is currently enjoying a salad after a long day of teaching yoga. They mention their parents live across the street and express a desire to cook for them, particularly if it's an outdoor meal. The conversation touches on the user's financial constraints as a grad student, which limits their salad choices, and they humorously suggest a taco salad, which the other person agrees to make. The user also inquires about the other person's favorite color.
Persona: i am a grad student in college. i love to read true crime books and enjoy a caramel cappuccino. i live near my parents and cook what they prepare.
Conversation History: hi there"
"The conversation features a user who expresses dislike for tofu, humorously noting its presence at work, while the other person enjoys it. The user shares a strange dream about living in a sinking mobile home, emphasizing their preference for homeownership, as they own a house and drive a Prius. The other participant, who is not interested in settling down, contrasts their lifestyle with the user's, who mentions their wife stays home with the kids. The user offers legal advice, highlighting their profession at a law firm.","The user, who owns a home and works for a large law firm, expresses frustration over a friend's tofu in the fridge. They dislike tofu but enjoy its fried version with garlic. The user dreams of a mobile home that sinks, while the friend lives in a mobile home due to their lack of income. The user humorously mentions their wife stays home to care for their kids, which they find chaotic, and they own a Prius, appreciating its fuel efficiency. The friend, who is not interested in sharing investments, suggests seeking legal advice from the user's firm. The conversation reflects the user's laid-back attitude towards personal life and their preference for not sharing financial responsibilities. The friend, who is not interested in sharing investments"
"The user, aspiring to be an astronaut and a fan of magicians Penn and Teller, engages in a lighthearted conversation about their fast talking and love for lasagna, reminiscent of Garfield. They mention having two dogs named Lucille and Dixon, and humorously ponder the idea of magic related to the moon landing, asserting that it was not faked due to their father's profession as an astronaut. The conversation touches on medication, dog training, and shared interests in lasagna and fun activities like surfing and swimming.","The user, who aspires to be an astronaut and has a fondness for magicians like Penn and Teller, engages in a light-hearted conversation about their professions and interests. They mention their two dogs, Lucille and Dixon, and express a humorous connection with Garfield, sharing a mutual dislike for Mondays. The user also discusses their tendency to talk quickly and mentions their dogs are not involved in typing. They enjoy surfing and swimming for fun, while the other person prefers activities like magic the gathering and playing tennis. The conversation reflects a friendly exchange about shared interests and personal experiences. The user's enthusiasm for lasagna and their admiration for magicians highlights their whimsical personality."
"The user, a college student aspiring to be a lawyer, enjoys summer and loves butterflies, while expressing a dislike for dresses. They engage in a conversation with someone who used to drive a big rig but now fixes trucks, sharing that they are married for two years and need to learn to relax. The user mentions having a boyfriend for almost a year, and they both reflect on their family connections to truck driving.","The user, a college student aspiring to be a lawyer, enjoys summer and has a fondness for butterflies. They engage in a conversation with someone who previously drove a big rig and now works in fixing them. The user expresses excitement about their relationship, mentioning they have been married for almost a year, and seeks to take their girlfriend to Fiji. The other person shares their experience of moving frequently due to their father's past as a truck driver, which resonates with the user's active lifestyle. The conversation highlights their shared interests and the user's desire to find calm through activities like flying butterflies. Additionally, the user mentions their grandfather's background as a truck driver.
Persona: my favorite hero is flash. i dislike dresses. i love"
"The user, a passionate photographer and dog lover with a sleeve of tattoos, expresses excitement for the upcoming winter, their favorite season for napping and watching basketball. They engage in a light-hearted exchange with a cat person who sings in a barbershop quartet and occasionally raps, complimenting their lifestyle. The user shares their profession and inquires about recordings of the other person's work, leading to a discussion about tattoos.","The user, a photographer who loves dogs and has a unique persona, engages in a conversation about winter and pets. They express excitement for the season and mention their love for napping and watching basketball. The other person, a cat lover who sings in a barbershop quartet and raps, shares their passion for photography and mentions having tattoos. The user also inquires about recordings of their work, revealing they have taken many videos on YouTube. The conversation highlights their shared interests in dogs and music."
"The user, a veterinarian who grew up on a ranch, enjoys burgers and finds relaxation in running, especially to maintain sanity while helping their sister-in-law with her two energetic nephews, as their brother is stationed in Kuwait. They also have a hobby of working on cars and appreciate the importance of having interests. Despite the challenges of keeping up with their nephews, the user humorously compares them to pets, noting that animals can be easier to communicate with than children.","The user, a veterinarian who grew up on a ranch and enjoys running as a way to relax, engages in a light-hearted conversation about food preferences, revealing their love for pizza and running. They mention having two nephews who keep them busy, and they discuss their hobbies, including running and playing games, while also acknowledging the challenges of parenting. The user shares that their brother is stationed in Kuwait, which they help their sister-in-law with, and they humorously note that their nephews might be perceived as pets due to their communication skills. The conversation reflects the user's laid-back persona and their commitment to running and family activities."
"Todd, an 8-year-old who loves comic books and dreams of becoming a superhero, chats with Melissa, a music store owner and former saxophonist. They discuss their interests, with Todd expressing his admiration for Superman over Spider-Man, while Melissa shares her love for comics, anime, and animal rights activism. Todd mentions his parents sing in a church choir and expresses a desire to sing as well.","Todd, an 8-year-old who loves Superman and dreams of becoming a superhero, engages in a conversation with Melissa, who owns a music store and plays the saxophone. They discuss their interests, with Todd expressing his limited ability to own a music store and sharing his love for comics and Superman. Melissa mentions her activism for animal rights and her interest in animals, while Todd shares his aspiration to retire in Florida and mentions his parents' involvement in the church choir. They bond over their shared interests and Todd's enthusiasm for singing."
"The user, a wedding planner who loves 80s music and the color yellow, expressed frustration with puzzles and shared their aspiration of wanting to be an architect as a child, though they never pursued it. They enjoy country music for its positive messages and mentioned their interest in ghosts, especially with Halloween approaching. The conversation also touched on shared interests in music, highlighting a mutual appreciation for 80s tunes.","The user, a wedding planner who loves 80s music and is fascinated with ghosts, engages in a conversation about their passion for music and writing. They express frustration with puzzles but are trying to write a fiction novel. The user shares their aspiration to become an architect in the past, while the other person mentions their father's job at Home Depot and their enjoyment of country music, particularly from the 80s. The conversation touches on the regret of not pursuing dreams and the fun of Halloween, with the user expressing interest in ghosts. Overall, the user highlights their love for music and their unique perspective on life, while also acknowledging the challenges of pursuing dreams."
"The user, an only child in nursing school who enjoys ballet and has a background in an all-girls Christian high school, engages in a light-hearted conversation about their shared tiredness after dancing and walking. They express a desire to visit the theater, with the user mentioning their ballet performances. The conversation shifts to baking, where the user shares their passion for it and offers to bake a wedding cake, humorously stating they want one just for themselves. The exchange highlights their playful spirit and enthusiasm for creating a beautiful cake.","The user, a nursing student who dances ballet and was an only child, shares that they just finished dancing and are feeling tired, particularly due to their foot pain. They engage in a conversation with another person who is tired from walking in the park and plans to go to the theater to watch plays. The user expresses interest in baking, particularly for a wedding cake, and mentions their love for dancing, specifically ballet. They also express a desire for a big cake, despite the other person's suggestion of making one. The conversation highlights their shared enjoyment of baking and the user's positive outlook on life. The other person compliments the user's dancing and expresses a desire for a beautiful wedding cake. The conversation ends with the user wanting to know"
"The user, who loves chocolate milkshakes and enjoys Halloween for dressing up, shares a fondness for animals, particularly their dog Allie. They engage in a conversation about pets, revealing admiration for the other person's kitten, Leela, while expressing their aspirations of becoming a famous YouTuber focused on makeup tutorials. The user mentions riding their red bike to comic cons and enjoys cloud gazing, finding it a delightful pastime, especially during picnics. The other person shares their experience of flying to events, as their father is a pilot, and they both appreciate the beauty of clouds.","The user, who loves chocolate milkshakes, riding their red bike to work daily, and has a dog named Allie, engages in a conversation about animals and interests. They mention their YouTube channel, where they share makeup tutorials, and express excitement about future plans to become famous. The user enjoys attending comic cons and riding their bike to recent events, while also sharing a passion for gazing at clouds and having picnics. They appreciate the fun of flying, particularly since their father is a pilot for a major airline, and contrast their enjoyment of flying with the beauty of clouds. The conversation highlights the user's lighthearted personality and interests."
"The user, who loves the outdoors and works as a janitor, engages in a conversation about reading a favorite book while mentioning the need to put in their contacts. They express a sense of academic superiority, noting they left school early, and discuss their past school experiences, particularly in fifth grade. The other person reveals they are a teacher, and they suggest the user might benefit from staying in school longer. The user humorously refers to themselves as a ""genius janitor"" and contemplates getting LASIK surgery for their vision.","The user, who loves the outdoors and wears contacts, engages in a conversation about their interests and background. They express a willingness to read a favorite book and mention their past as a smart student who left school early. The user works as a janitor and is considering Lasik contact lenses to correct vision. They reflect on their educational journey, noting they were always eager to learn and compare themselves to others. The conversation also touches on the user's current job and their perspective on the importance of education. The other participant, a teacher, encourages the user to continue pursuing education. The user humorously acknowledges their intelligence but also reflects on their past as a ""genius janitor."" They express a desire to wear glasses like the teacher and consider Las"
"The user, who enjoys laughing, wearing flip flops, and baking brownies, engages in a friendly conversation about their favorite foods, revealing a preference for desserts, particularly brownies. They share that they are a music journalist and express their admiration for Lindsey Stirling's music. The user is from San Diego, while the other person is located in the Inland Empire of Southern California, which the user is unfamiliar with. The conversation also touches on hobbies, although that part remains unexplored.","The user, who enjoys laughing and has freckles, engages in a friendly conversation about their interests and background. They express a love for desserts, particularly brownies, and mention their best friend is from Tanzania. The other person is a music journalist from San Diego, while the user is in the Southern California inland empire. They discuss their professions and hobbies, revealing that the user enjoys baking brownies and has a fondness for alcohol in their coffee. The conversation highlights their shared interests and the user's friendly persona."
"The user, a college student studying biology, is feeling stressed due to homework and preparing for a quiz. They engage in a conversation with someone in graduate school studying fine arts and design, sharing their mutual love for reading. The user expresses a particular fondness for the book ""1984,"" which the other person recognizes, leading to a light-hearted exchange about their favorite pastimes, including hanging out with friends and reading.","The user, a college student working on a biology degree, is feeling stressed due to homework. They are engaged in a conversation with a graduate student studying fine arts and design, discussing their shared love for reading, particularly ""1984,"" which resonates with the user's own interests. The user expresses excitement about finishing their studies and plans to catch up on reading while the other person is focused on their studies. The conversation reflects a friendly exchange about hobbies and interests."
"The conversation features a ten-year-old martial arts enthusiast who enjoys reading Harry Potter and has a best friend named Abigail. They discuss their ages, with the user being 10 and the other person 49. The user shares excitement about their first day on safety patrol, which includes a reward of a Harry Potter book. They express interest in collaborating on a YouTube channel for martial arts, while also mentioning their mother's restrictions on makeup. The other person talks about their cat, Leela, who they find annoying, suggesting she might need a friend.","A ten-year-old martial arts enthusiast shares that they are 10 and enjoy reading Harry Potter books, while their best friend is Abigail. They discuss their parents, with one driving a pink car and the other an airline pilot, and express interest in martial arts, suggesting a potential collaboration on a YouTube channel. The child mentions their first day of safety patrol, which they find fun, and they receive a Harry Potter book as a reward. The conversation touches on the child's cat, Leela, who is perceived as annoying, and a light-hearted exchange about makeup, with the child expressing a desire to try it but noting their mother's restrictions. The chat reflects a friendly and age-appropriate exchange between the two individuals."
"The conversation features a user who enjoys shopping and has their rent paid by their parents. They express a love for their dog and share that they are a vegetarian who eats fish, particularly sushi. The user recently graduated from college with a major in music and is planning to attend graduate school to pursue a career in detective work. They engage with a grocery store manager who also has interests in music and bookkeeping, discussing their dietary choices and aspirations.","The user, a recent college graduate who works as a grocery store manager and is vegetarian, engages in a friendly conversation about their interests and hobbies. They express enthusiasm for music and share their commitment to a strictly vegan diet, mentioning they have been vegan since birth due to their parents' influence. The other person, who has been vegan for a year, admires the user's dedication and aspirations, while also inquiring about their interests. The user also mentions their desire to pursue a career in detective work, highlighting their academic pursuits. The conversation concludes with a casual inquiry about the other person's enjoyment of dogs."
"The user, who enjoys jazz music and values family, shares that they have a metal plate in their left knee, preventing them from jogging. They express gratitude for their family's support and mention their social circle consists mainly of family, three dogs, and a parrot. They experience social anxiety and prefer to engage in activities like playing bingo with their husband on Wednesdays, rather than participating in larger social gatherings. The conversation reveals a shared appreciation for family and a love for music, prompting curiosity about the other person's similar experiences.","The user, who enjoys jazz music from their youth and has a strong family bond, shares their excitement about completing a marathon and expressing gratitude for their supportive family, including their three dogs and a parrot. They mention having a metal plate in their knee that prevents them from jogging, but they remain hopeful that their social anxiety doesn't hold them back. The conversation touches on loneliness due to social anxiety, which the user finds manageable by listening to jazz alone. They also reveal a similar background with pets and social activities, while the other person shares their own experiences and interests. The user expresses interest in the other person's story."
"The user enjoys discussing their passion for animals, expressing a preference for wildlife and animal videos over social interactions. They frequently visit animal shelters, which they find emotionally challenging, and share that they have three rescue dogs that accompany them on country drives. The conversation reveals the user's deep connection with animals, highlighting their role as a significant part of their life.","The user, who enjoys wildlife and animal shelters, shares that they are doing well and have hobbies like reading, particularly series. They express a preference for animals over people, mentioning their fondness for animals and their tendency to visit them in their outdoor activities. The conversation touches on personal experiences, including the emotional impact of visiting animal shelters and the joy of having rescue dogs, which they enjoy taking on country drives. The user also mentions having several different breeds of pets. Overall, the user reflects a compassionate and animal-loving persona."
"The user, a hippie with curly red hair and two tattoos, expressed a lack of interest in Elvis, while the other person is a fan. The user drives a large blue van and has blue shoes, while the other person has eight tattoos and is planning more. They discussed their differing music preferences, with the user enjoying various genres except country, while the other person occasionally likes country music. The conversation also touched on tattoo ideas, with the user contemplating their next design.","The user, a large blue van and hippie with red curly hair, engages in a light-hearted conversation about tattoos and music, revealing they have two and are considering getting more. They express a lack of clarity about their tattoo choices and share a fondness for Elvis, whom they consider their next favorite. The other person mentions their eight tattoos and their desire for more, while the user humorously admits to not being a fan of Tupac, despite acknowledging their love for rap music. The conversation also touches on their preferences in music and the user's interest in country music, although they don't enjoy it as much as they enjoy Elvis. The other person drives a van, while the user drives their blue van."
"The user is feeling good but is experiencing eye discomfort from looking at the eclipse without special glasses. They plan to wait it out and are considering dinner options, leaning towards Mexican or Italian cuisine. The user enjoys drinking tea throughout the day and expresses a preference for indoor activities like shopping over the outdoors.","The user enjoys pizza, burritos, and shopping, and is currently feeling good despite an eye injury from looking at the eclipse. They are considering staying home and relaxing until their eyesight heals, while the other person is thinking about dining out, expressing a preference for indoor shopping over outdoor activities. The user also mentions drinking a lot of tea throughout the day. The conversation highlights their casual and lighthearted personality, with a focus on their food preferences and lifestyle. The other person, who is not so much interested in the outdoors, suggests staying home for dinner, while the user prefers to shop indoors. The conversation reflects their friendly and friendly exchange."
"The user, who enjoys steak and prefers solitude, is engaged in a conversation about their night filled with tasks and software development, which often leads to sleep deprivation. They express a strong sense of independence and pride in their work, declining an offer for help with coding despite acknowledging the other person's qualifications. The conversation also touches on their mutual preference for solitude and a shared craving for snacks, with the user specifically mentioning their desire for steak.","The user, who identifies as incredibly smart and prefers solitude, engages in a conversation about their day, expressing a desire to complete tasks and pondering life. They mention their tendency to sleep 3 hours a day due to their focus on intellectual pursuits. The conversation partner offers to help with a software code they are developing, which disrupts their sleep, but the user declines, claiming pride in their work. The conversation shifts to a desire for a Hershey's bar and steak, highlighting the user's preference for steak and their independence from family. The partner, who enjoys using the computer, expresses interest in coding but is not qualified for the project. The user humorously responds to the partner's offer, indicating a sense of pride in their intellectual abilities"
"The user enjoys fishing with his four attractive daughters and races cars for a living. He expresses interest in volunteering and suggests running a charity at his new race track. The conversation reveals his playful nature, as he jokingly offers to sell one of his daughters and mentions his daughter's affinity for board games. He humorously claims to have robot limbs, referring to himself as a cyborg, and shares a quirky anecdote about a robot dog created by one of his daughters that exploded. Overall, he presents a lively persona with a mix of humor and family-oriented interests.","The user enjoys fishing with his four daughters and races cars, mentioning his new race track. He is a computer programmer who volunteers and donates, and he humorously suggests that one of his daughters might be attracted to him. The conversation touches on hobbies, with the user revealing his interest in board games and his large pool of gold coins, which he humorously describes as his ""robots."" The chat includes playful banter about arm wrestling and pets, with the user noting that one of his daughters created a robot dog that tragically exploded. The conversation reflects a light-hearted and humorous exchange about personal interests and playful banter."
"The user, a single woman who works over 60 hours a week at a newspaper and is passionate about writing, engages in a conversation about their busy lives. She mentions her favorite color is grey and that she is writing a book titled ""Grey Things."" The restaurant owner invites her to eat at his establishment, which has small tables suitable for her solo dining. She expresses interest in visiting after her yoga session, while also noting she has no time for music due to her writing commitments. When asked about family, she confirms she is single and not looking for a relationship.","The user, a single newspaper worker passionate about writing and yoga, engages in a conversation about their busy life, mentioning the challenges of balancing work and writing. They express a desire to relax after work, suggesting a restaurant visit, while also noting the limitations of their single status. The conversation touches on the user's love for yoga and their favorite color, grey, which inspires their upcoming book. They also inquire about family, revealing they are single and not looking for a relationship. The other person shares their own experiences as a journalist and their love for writing, while the user appreciates their writing skills and inquires about the restaurant's location. The conversation highlights their shared interests and the user's focus on their writing and personal well-being."
"The user, a 12-year-old who enjoys playing Quake on Slackware Linux and expresses excitement with exclamation marks, shares that they have three dogs and two cats, and their two moms show them love when they call. They are currently in the 7th grade and feel overwhelmed by homework, contrasting with the other person who has kids and loves horses and sea life. The user expresses a desire to ride horses, finding it fun to think about.","The user, a 7th-grade student who enjoys playing Quake on Slackware Linux, shares that they have three dogs and two cats, and they love their moms who call them. They express a desire to ride a horse but acknowledge that it's not feasible due to their school schedule. The conversation touches on the user's positive attitude towards their pets and their love for animals, while also discussing their own academic challenges with homework. The user enjoys the excitement of learning and expresses a whimsical interest in horses. Additionally, they mention helping their youngest sibling with school."
"Sarah, an older lady who loves listening to Frank Sinatra and cooking stews for her grandkids, is on her way to visit her father in prison. She humorously remarks about being too old for prison and expresses her enjoyment of music, particularly Sinatra's, which she describes as heavenly. While discussing hobbies, she mentions her love for cooking and meats, and playfully responds to a question about her age, emphasizing that it's rude to ask. The conversation concludes with her light-hearted request for cheese, specifically Colby Jack, as a treat.","Sarah, who is on her way to visit her father in prison, expresses her love for Frank Sinatra and her cooking, particularly stews, which she enjoys with her grandkids. The conversation touches on her perspective on time, her enjoyment of meat, and her desire to be together, despite her age. She humorously responds to a question about her age, while also inviting Sarah to bring cheese, which she loves. The exchange reflects a light-hearted and friendly tone, with Sarah appreciating Sinatra's music and her own sense of humor. The user, an older lady, shares her contentment with her life despite her physical limitations. The conversation ends with a playful invitation to connect over food and music."
"The user, a professional baseball player for the Baltimore Orioles, shares that he is doing well and reminisces about his time at Miami University, where he focused on baseball. He has been playing professionally for about seven years and enjoys traveling during the off-season with his wife and three kids. In contrast, the other participant is a lifeguard who enjoys the beach and is currently single, to which the user expresses confidence that they will find someone in the future.","The user, a professional baseball player for the Baltimore Orioles who earns a million dollars a year and has a wife and three kids, engages in a conversation with a lifeguard who enjoys the beach. The user reminisces about their Miami University days, where they focused on their studies, while the lifeguard shares their experience of living single and being open to meeting new people. The conversation reflects a friendly exchange about hobbies and aspirations, with the lifeguard encouraging the user to continue seeking a relationship. The user expresses confidence in finding a partner in the future."
"The user, a construction worker who drives a Prius and has a background in the army, engages in a conversation about their well-being and work. They express interest in the other person's job at a scientific research facility focused on cancer research, sharing a hopeful yet realistic perspective on finding a cure. The conversation touches on the complexities of cancer and ends with a question about sports, revealing the user's interest in motocross.","The conversation features a friendly exchange between two individuals, where one works in construction and drives a Prius, while the other is a scientist researching cancer. They discuss their professions, with the scientist expressing hope for a cure, while the construction worker shares their passion for riding motocross. The conversation reflects a shared interest in science and a light-hearted exchange about the challenges of cancer research. The construction worker also mentions having freckles, which the scientist finds amusing. The conversation ends with a casual inquiry about sports."
"The conversation features a user who expresses their passion for music, specifically their favorite band ""up,"" and shares their unique job as the leader of the French fry research department at Del Taco, where they are excited about introducing designer fries to the menu. They engage with someone who is coping with the loss of their husband, offering condolences and discussing how they both find solace in their respective hobbies—photography and music. The user highlights their quirky lifestyle, mentioning their hand-pedaled bicycle and their enthusiasm for French fries.","The user, who is tired but positive, shares that they are doing well and are focused on feeling better after the recent loss of their husband. They express a passion for designer French fries, which they believe will be featured on the menu at Del Taco. The conversation also touches on coping strategies for grief, including photography and travel, and the user's job in the French fry research department. Overall, the user reflects on their struggles and aspirations while maintaining a hopeful outlook. The other participant expresses interest in photography for a living, which the user finds exciting. The conversation highlights their shared experiences and interests, with a focus on personal well-being and aspirations."
"The conversation features two individuals discussing their interests and backgrounds. One person, who lives in a suburb near a major city, enjoys golfing and is a teacher with three children. The other, residing in a rural area, is a poet and the head of a gun club, has no children but owns a beta fish, and enjoys gardening. They both express a passion for poetry and community service, with the rural poet mentioning a commitment to donating clothes to the homeless. The exchange highlights their shared appreciation for poetry and potential collaboration in teaching.","The head of a gun club, who enjoys golfing on sunny days and is a poet, engages in a conversation about their lives. They mention living in a rural area and have a beta fish, while the other person shares their experience of having three children and being a teacher. The gun club head expresses interest in gardening and donating old clothes, while the teacher discusses their writing and poetry. They also mention their recent graduation in writing and poetry, suggesting a potential connection between the two. The conversation highlights their shared interests and the importance of education.
Persona: i am the head of a gun club. i am a poet. i have a beta fish. i donate old clothes to the homeless.
Conversation History: hi how are you today ?"
"The user, a kindergarten teacher in New York with 26 students, shares their passion for nature and kayaking during a conversation. They discuss their recent graduation and express excitement about teaching. The other participant mentions their hobby of collecting autographs, particularly from comic book writers, and reveals a fondness for Spiderman due to their pet snakes, an anaconda and a python. The user shares that their class has a Kenyan sand boa and expresses a dislike for snake shedding due to dust allergies, while also noting concerns about pollution in New York.","The conversation features a kindergarten teacher who recently graduated and is currently teaching a class of 26 students in New York. They express a love for kayaking and nature, while the other participant shares their passion for collecting autographs and has a large collection of comics, particularly enjoying ""Spider-Man"" due to their two snakes and venom. The teacher mentions their large class and the challenges of outdoor activities, while the other person discusses their aversion to dust and the potential for pollution in their area. The exchange highlights their shared interests in nature and humor, with a light-hearted tone throughout. The teacher also mentions their favorite comic, ""Spiderman,"" and expresses a desire to get outside more, while the other person reveals their hobby of collecting autographs. The conversation"
"The user, an artist who recently acquired a cat named Jojo, shares that they have four children and enjoy watching Game of Thrones, appreciating its color palettes for inspiration. They converse with an interior designer, discussing the show’s aesthetic and the user's kids' interest in role-playing characters from the new Power Rangers movie, which the designer recommends. The user acknowledges the challenges of managing a busy household with their two boys and two girls.","The user, an artist and full-time parent with four children, shares that they recently bought a cat named Jojo and enjoys walking for exercise. They engage in a conversation with an interior designer, discussing their shared interests in ""Game of Thrones"" and the show ""Power Rangers."" The user expresses a fondness for the new movie and mentions their children's enjoyment of role-playing characters from their favorite movies. The designer reveals they have two boys and two girls, acknowledging the challenges of parenting such a large family. The conversation highlights their connection over their shared interests and the user's artistic perspective on parenting."
"The user, who finds joy in the little things and listens to music for over five hours daily, engages in a light conversation about their well-being and interests. They enjoy clubbing and have a preference for rap and pop music. The user works as a graphic designer, typically for five days a week, but never more than four consecutive days. They also mention that both of their parents have passed away.","The user expresses a positive outlook on life, finding joy in the smallest things and appreciating music for over five hours a day. They mention their parents are both deceased and their preference for staying home rather than working long hours, typically working about five days a week. The conversation partner works as a graphic designer and has a similar interest in music, particularly rap and pop, while the user shares their unique work habits. The user also enjoys going out to clubs and appreciates the opportunity to spend time with friends. The conversation highlights their laid-back persona and focus on leisure activities."
"The user, who loves The Beatles and enjoys eating vegetables, is currently experiencing family troubles due to their shyness. They typically listen to music rather than read magazines and have a preference for teal over yellow. While they do not play video games, they enjoy baking despite being allergic to peanuts. The user expresses a fondness for baked foods and works out occasionally, favoring vegetable pizza.","The user, who identifies as shy and has a strong affinity for the Beatles, is having difficulty with family issues and expresses a dislike for their behavior. They mention their tendency to avoid social interactions and reveal their allergy to peanuts. The conversation partner has a family but does not read magazines, while the user enjoys listening to music and baking, although they are allergic to peanuts. They also share a mutual interest in video games, particularly shooting games, and discuss their favorite foods, with the user favoring vegetable pizza. The conversation reflects the user's introverted nature and their struggles with family relationships. The partner, who enjoys coldplay, also mentions their love for baked foods and their workout routine, while the user primarily works out and eats vegetables. The user"
"The user enjoys attending TED Talks, particularly those related to philosophy, as they are a philosophy major at UMass. They prefer staying active and fit, often opting for vegan food and walking in the woods instead of watching TV. The conversation includes plans to attend a TED Talk and visit a vegan restaurant afterward, highlighting the user's commitment to a healthy lifestyle and their love for philosophical discussions and nature.","The user enjoys watching TED Talks and staying fit, often preferring to stay indoors rather than watch TV. They express interest in attending a concert, specifically inquiring about its content, including a potential discussion about philosophy. The user mentions their commitment to fitness, noting they keep an angel on their hip to encourage healthy eating, and shares their unique way of staying active, which includes walking in the forest. They appreciate the idea of a vegan restaurant nearby and suggest going there after the concert. The conversation reflects the user's lighthearted personality and focus on health and fitness."
"The user expresses a desire to escape their current job as a customer service representative, feeling underpaid and unfulfilled, while dreaming of becoming an artist. They enjoy writing long poetry and are working on a novel, showing a passion for creative expression. The conversation reveals their admiration for Pink Floyd, which they find inspiring, and contrasts with the other person's preference for Black Sabbath. The user also has a peculiar obsession with pens, reflecting their artistic inclinations.","The user expresses a desire to quit their current job as a grill cook and wishes to make more money, mentioning their struggle with customer service and a lack of inspiration. They enjoy writing poetry and have a strange obsession with pens, humorously suggesting that they would be a better artist if they were not forced to work. The conversation touches on hobbies, with the user revealing a love for running and a desire to become a comic book artist and cartoonist, while also expressing admiration for Pink Floyd and mentioning their preference for Black Sabbath. The other person, who also enjoys Pink Floyd, shares a similar interest in the band and suggests listening to them while working. The user reflects on their artistic aspirations and the challenges of pursuing them in a conventional career. The conversation highlights"
"Dana, who has an exceptionally high IQ of 250, shares that she lost her parents in a plane crash three years ago and now lives alone with her dog, Mack. She expresses a desire to travel the world but feels uncertain about how to leverage her intellect for financial gain. The conversation touches on the idea of inventing a weight-loss solution that could help others feel attractive, leading to a discussion about personal relationships and feelings of neglect, particularly in the context of marriage.","Dana, who has an IQ of 250, expresses a desire to travel the world despite living alone with her dog, Mack. She shares that her parents died in a plane crash three years ago, which she humorously claims gave her super intellect. While discussing her lack of interest in travel, she considers the idea of inventing a way to lose weight and feel attractive, suggesting that neglecting wives and mothers would be costly. The conversation touches on personal feelings of dissatisfaction with her husband and other women, leading to a light-hearted exchange about relationships and self-image. Dana also mentions her concern about her sexual dissatisfaction with her husband. The conversation reflects her intellectual background and her perspective on personal feelings. Dana's intelligence and quirky personality contribute to"
"The user, a former Superman fan who has been cheated on by all but one ex-girlfriend, shares their fear of heights and mentions having only one set of twins in their family, who are now 16. They engage in a conversation with a vet tech, discussing interests like horror shows and journaling, while revealing their atheism and curiosity about religion. The chat ends on a friendly note as they express enjoyment in the conversation.","The user, who identifies as a childhood Superman fan and has been cheated on by every ex-girlfriend except for one, engages in a conversation with a vet tech about their shared interests. They express a preference for horror shows and mention their fear of heights, which they share with the other person, who is Christian and atheist. The user reveals their unique family trait of having only one set of twins, while the other person discusses their fear of heights and skiing. The conversation concludes with well wishes for each other's day.
Persona: i used to be a huge superman fan as a child. i have been cheated on by every ex girlfriend except for one. my biggest fear in life is heights. there is only been one set of twins in"
"The user, who has long blonde hair and a passion for cooking, shares that they are about to go for a run, their favorite hobby. They express a lack of interest in gaming, particularly chess, which the other person enjoys. The user fondly recalls cooking with their mother, who passed away when they were a child, and mentions that blue is their favorite color, linked to a blue stone their mother gave them. The conversation reveals the user's focus on cooking and running, contrasting with the other person's preference for chess and relaxation.","The user, who enjoys cooking and has a passion for it, shares that they are about to go running, their favorite hobby. They express a preference for cooking over chess, although they acknowledge the latter's appeal. The conversation touches on personal memories, including a fond memory of cooking with their mother, who tragically died when they were a child. They mention their long blonde hair, which they received from their mother, and reveal that they have a blue stone, possibly related to their favorite color. The user also mentions their high-speed internet and their enjoyment of chess and relaxation. They clarify that English is not their second language. The conversation reflects a friendly exchange about hobbies and personal interests."
"The user, a mechanic who owns a Corvette and lives in California, shared their frustration about a rough drive home and expressed a desire to relax. They mentioned only having beets in their fridge and how they relieve stress by driving their Corvette. The conversation revealed that the user enjoys surfing on their days off, learned to surf from their father, and prefers the country lifestyle despite working in the city. They also expressed a fondness for fresh vegetables but do not grow their own, while the other person mentioned being a vegetarian who eats fresh chicken eggs and prefers swimming in pools due to concerns about sharks in the ocean.","The user, a mechanic from California who owns a Corvette and enjoys surfing, shares their frustration about a rough drive home, mentioning their only vegetable, beets. They express that they surf on their days off and mention their safety in California. The conversation reveals their preference for country living and work, contrasting with the other person's city lifestyle. The user shares that they surf and swim, while the other person admits to being a vegetarian who eats chicken eggs and enjoys fresh vegetables, although they do not grow their own. They also mention their father's influence on their surfing and swimming. The conversation highlights their shared appreciation for the ocean and their differing lifestyles.
Persona: i own a corvette. i live in california. i am a mechanic. i"
"The user, who lives in a tiny house to save money, is currently studying for a law school test while working as a bartender on weekends. They enjoy listening to blues and jazz, with Eric Clapton and B.B. King as favorites, and are passionate about their future career in law. The conversation also touches on family life, with the other participant being a stay-at-home mom with two young children, while the user expresses admiration for her ability to spend more time with her kids.","The user, a college student living in a tiny house to save money, is studying for a test and works weekends at a bar. They enjoy listening to blues and jazz music, with Eric Clapton and Billie Joe King being two of their favorites. The conversation partner, a stay-at-home mom from Sterling Heights, Michigan, shares her experience of being a stay-at-home mom and enjoying her family time. The user expresses admiration for her lifestyle and hopes to return to her home country after graduation. The conversation also touches on their interests in music, with the user highlighting their love for gospel and country music. The partner mentions their preference for blues and jazz. The user appreciates the partner's family life and hopes to connect with"
"The user, who works for a large company and drives a fast car, expresses excitement about their job and a strong desire to win the lottery, envisioning a future where they can drive their car into the stars. They engage in a light-hearted conversation with a ballerina, discussing their shared love for fast driving and rock music. The user humorously contemplates wearing a ballet uniform to a concert, highlighting their playful personality and enthusiasm for fun experiences like eating out and attending shows.","The user, who works for a large company and drives a fast car, expresses a desire to win the lottery and dreams of driving their car into the stars. They mention their job's financial benefits but still seek to win. The conversation partner, a ballerina, shares their love for dancing and driving fast, leading to a light-hearted exchange about their interests. The user humorously suggests that a ballet dancer could learn to drive fast, while also discussing their enjoyment of rock music, which they plan to incorporate into their future outfits. The conversation reflects a friendly and playful exchange about interests and aspirations."
"The user, a 33-year-old who enjoys the Backstreet Boys and has a playful relationship with their cat, shares that their cat often drives them crazy and makes fun of their unique blue and hazel eyes. They express a sense of individuality and humor about their family's silliness, while also looking forward to reaching the age of their conversation partner, who is under 46.","The user, a younger individual who enjoys the music group The Back Street Boys and dislikes driving, engages in a light-hearted conversation about their day. They mention their cat is driving them crazy and express a sense of uniqueness due to their different eye colors. The user humorously notes that their cat makes fun of them for their unusual appearance, while also sharing that they are 33 years old. They express a desire to reach their 46th birthday and receive respect for their age. The conversation reflects their playful personality and sense of humor."
"The user, a former Marine turned bartender and vegetarian, engages in a conversation about their recent work and personal life, expressing a desire to overcome their divorce by socializing. They suggest going to dinner at vegetarian restaurants and share their love for dogs, noting they quit eating meat during their time in the Marines. The conversation also touches on the user's interest in cars and the idea of driving along the coast, while they inquire about the other person's interests.","The user, a former Marine and vegetarian who works as a bartender, engages in a conversation about their lives. They express a desire to overcome a divorce and suggest going to a bar for a chance to chat. The user mentions their love for reading and vegetarian restaurants, inviting the other person to join them in this interest. They also share their past experience in the Marines and their current hobbies, while the other person discusses their job as a security guard and their enjoyment of cars and dogs. The conversation highlights their shared interests and the user's commitment to their vegetarian lifestyle. Additionally, the user mentions they have quit eating meat in the marines and expresses a desire to own a nice car for leisure. The other person expresses interest in the user's lifestyle"
"The user, a high school student with European immigrant parents, shares that they spent the day at school struggling with multivariable calculus, while expressing a preference for literature and poetry. They mention writing a poem about their motorcycle during a ride and joke about being both a poet and a comedian. The conversation reveals their consideration of attending a public university after graduating in the summer, and they express excitement about visiting Ukraine, where their grandmother lives, and connect over a shared interest in Ukrainian authors.","The user, a private high school student with a unique background, shares that they are doing well and mentions their day, which includes attending school and taking challenging courses like multi-variable calculus. They express a preference for literature over math, humorously referencing their bike and a poem they wrote while riding. The conversation reveals their aspirations to attend a public university and their upcoming trip to Ukraine, where they are interested in the author from there, who they believe is also related to their grandmother. The user acknowledges their naiveté as a high school student but shows enthusiasm for their studies and future plans. Additionally, they mention their motorcycle instead of a car and are enrolled in several college credit courses.
Persona: The user is a private high school student with"
"The user, a 21-year-old aspiring artist with a small pet cat named Donald, enjoys gardening and has a favorite flower, the rose. In a conversation, they share that they do not play sports but prefer spending time with their cat, who is under a year old. They engage with someone who has two dogs, a big Labrador and a small Yorkshire Terrier, and express enjoyment in their pet's companionship, contrasting their cat's more sedentary lifestyle.","The conversation features a 21-year-old artist who has a small pet cat named Donald and is currently in school. They discuss their ages, with the artist revealing they are 21 and have a black cat. The other participant, a middle-aged individual, has two dogs and expresses a fondness for running with their pets. The artist shares that Donald is just under a year old and enjoys sitting at home, while the other person mentions their big labrador and a little Yorkshire terrier. The exchange highlights their shared interests in pets and outdoor activities. The artist also notes that their cat prefers gardening over playing sports. The other participant, who is 21 as well, has no pets and prefers running. The artist appreciates Donald'"
"The conversation features a high school girl with blonde hair who enjoys skateboarding and pizza. She engages with another person who has purple hair and likes the band Korn, discussing their favorite foods and music genres. The girl expresses a sense of humor and camaraderie, while also inquiring about living situations and locations, revealing that she currently resides in Washington. The dialogue touches on interests in rock music and movies, with a light-hearted tone throughout.","The conversation features a high school female with blonde hair who enjoys skateboarding and pizza. She shares her love for the band Korn, which she humorously mentions because she has purple hair. The other participant, who is not a fan of rock music, expresses a desire for solitude and suggests that they could get along better if they lived alone. The user, however, insists on their friendship and suggests they should hang out, despite the other person's caution about living alone. The conversation reflects the user's lighthearted personality and interests. The other person, who is in Washington state, humorously mentions their fear of living alone and suggests they could get along better if they lived alone. The user, however, insists on their friendship and suggests they should"
"The user, who values family and enjoys jazz music, engaged in a light-hearted conversation about their educational backgrounds, sharing that they both have degrees they don't use. They discussed daily activities, with the user mentioning playing bingo with their husband and having a challenging relationship with in-laws. The user expressed contentment with their life, especially as long as their dogs love them, and revealed they have three dogs and a parrot, while the other person has a fish tank and a lizard.","The user, a jazz musician and mother of three dogs and a parrot, engages in a conversation about personal interests and daily activities. They mention their lack of a formal education, humorously noting their biology degree, while discussing their husband's wife's dislike for them. The user shares their love for jazz music and their unique perspective on family relationships, noting their own struggles with in-law issues. They also mention their daily activities, including playing bingo and having their hair done, while expressing a preference for dogs over lizards. The conversation reflects the user's family-oriented persona and her focus on personal well-being and relationships."
"The user, a mother who enjoys reading fantasy fiction, is currently finishing a novel and encourages her children to read for college preparation. She previously worked for Monsanto, a company that sells pesticides and seeds, which she acknowledges can seem dangerous. In contrast, her conversation partner is a college student studying biology and expresses concern about potentially failing in their studies. The user suggests seeking help and questions if biology is the right field for them.","The user, a mother who enjoys reading fantasy fiction novels and swimming, is currently reading a book. They engage in a conversation with a college student who does not read unless required. The user mentions their past work at Monsanto, which they find dangerous, and they discuss their studies, revealing a concern about failing biology, prompting a suggestion to seek help. The conversation reflects the user's interests and her perspective on her children's education. The student, in turn, shares their own hobbies and background. The user expresses her love for swimming and shopping online. The conversation highlights her commitment to her children's education and her own personal interests."
"The conversation revolves around two individuals discussing their interests and lifestyles. The user identifies as a night owl who enjoys playing cards, billiards, and darts, while also working in marketing and occasionally working on cars. They express a love for classic rock music and enjoy trying different imported beers, particularly pairing them with pizza. The other participant, a student without a major, primarily plays video games and appreciates a variety of music but has not tried imported beers due to financial constraints. The exchange highlights their shared enjoyment of food and leisure activities.","The user, who enjoys working on cars and playing recreational games like cards, darts, and billiards, identifies as a night owl and prefers late nights. They have a love for classic rock music and appreciate the variety of music available. The conversation partner is a student who enjoys learning different things and has a diverse diet, including a fondness for fried chicken and chocolate cake. The user shares their interest in cars and pizza, while the partner mentions their preference for imported beers and the social aspect of borrowing money for drinks. The exchange highlights their mutual interests and light-hearted banter about food and music. The user also notes their job in marketing, while the partner is a student without a major. The conversation reflects a friendly and casual exchange about personal interests and"
"The user expresses a laid-back attitude, enjoying relaxation at the beach and painting trees. They mention riding their bike on a pleasant path, humorously clarifying that it doesn't literally go through a tree. The user shares that they previously worked for a cable company but have since simplified their life by making rope and working with a team, which they believe would alleviate loneliness. They invite the conversation partner to join them in this new work, indicating their positive feelings about their job.","The user enjoys relaxing on the beach and riding their bike, often using a nice path through trees. They used to work for a cable company but are now making rope, which they sell to others. The conversation touches on feelings of loneliness and the joy of working with others, with the user expressing a preference for their current job over their previous one. They humorously acknowledge the simplicity of their job and invite the other person to join them in making rope. The exchange reflects a light-hearted and friendly tone, with the user maintaining a sense of detachment while also inviting connection. The conversation also includes a playful exchange about the user's past experience with cable."
"The user, a rock band drummer who dislikes hot weather and wearing makeup, shared that they were tired from a late gig and prefer music over reading, though they acknowledge enjoying books. They mentioned riding their hot pink moped and expressed a desire to travel the world if financially possible. In their downtime, they enjoy staying home and painting their long fingernails.","The user, a rock band member who dislikes makeup and has long fingernails, shares that they were feeling tired after a late night playing drums. They enjoy reading and have a penchant for rock music, while also expressing a preference for staying home and painting nails. The conversation touches on the weather, with the user mentioning the heat from their recent gig, and they bond over their love for music and friendship, although the other person prefers being indoors. The user owns a pink moped and enjoys riding it, while the other person enjoys traveling and spending time with friends and family. The conversation reflects a friendly exchange about interests and preferences."
"The conversation features two female users discussing their interests and family dynamics. One user, who is 19, enjoys traveling and playing tennis, while the other, aged 14, has hobbies in sports, cars, and video games. They share about their family situations, with one having a father who works offshore and living with her mom and brother, while the other lives with her mom and grandparents. They both acknowledge the sometimes overbearing nature of family and briefly touch on their social lives and friendships.","The conversation features a female user who enjoys sports, cars, and video games, and works as a lifeguard. She shares her age and mentions her best friends live on her block, while the other participant, a 14-year-old, expresses a lack of life and relies on her mom and brother for companionship. The user reflects on her father's offshore job and the challenges of family life, while also discussing her interest in travel and the Chainsmokers. The conversation touches on the importance of family and the balance between personal interests and responsibilities. The other participant, whose family consists solely of their mother and grandparents, shares a similar perspective on family dynamics. The user concludes by asking about specific sports, indicating her active lifestyle and interests"
"The user, who identifies as gay but hasn't come out to their parents, shares their love for anime, comic books, and video games. They enjoy drawing characters from anime and aspire to publish their own work. In the conversation, they discuss their hobbies and mention their partner, who is frustrated that they haven't met the user's parents yet, highlighting the complexities of being in a relationship while not being out. The other person in the chat is not currently in a relationship and reflects on the complications that come with being involved with someone.","The user, who identifies as gay but hasn't disclosed this to their parents, shares their love for anime, comic books, and video games, mentioning they enjoy drawing characters from anime while also expressing a desire to publish their own comics. They engage in a conversation about hobbies, revealing that they spend free time sketching and that their partner is upset because they haven't met their parents. The user is in a serious relationship, but their partner is jealous because they haven't met their parents yet. The conversation reflects the user's diverse interests and their commitment to their relationship while also discussing personal struggles like the impact of loss on their partner. The user also mentions their love for flowers, which resonates with their partner's feelings. The conversation"
"The user, who humorously describes themselves as smelling like French fries due to their job working with them, engages in a light-hearted conversation about their day and recent purchases, including a new sweater. They express interest in getting a pot-bellied pig and share that they feel small in stature. The conversation also touches on reading ""Anne of Green Gables"" and winning a beauty pageant, showcasing the user's playful and self-deprecating persona.","The user, who identifies as small and enjoys eating French fries, engages in a light-hearted conversation about their day, expressing interest in reading ""Anne of Green Gables."" They mention not having pets but humorously suggest buying a pot-bellied pig, while also sharing that they work in the food industry and have a strong odor from their job. The conversation includes playful banter about pets and the user's self-deprecating comments about their size. Overall, the user maintains a humorous and light-hearted tone throughout the exchange."
"The user, a painter living in Los Angeles, shares that he enjoys various music genres but dislikes pop and country. He reveals a past as an extra on ""Moesha,"" expressing fondness for his acting experiences despite the challenges. While he claims to have lots of money from a lottery win six years ago, he feels unfulfilled and unhappy, particularly due to a strained relationship with his wife, who perceives him as lazy and poor. He also mentions not having any pets, indicating a sense of isolation.","The user, a painter who lives in LA, expresses feelings of dissatisfaction with their current life, mentioning their wife's disapproval of their financial struggles and their past as an extra on ""Moesha."" They share a love for country music, contrasting it with their preference for other artists, and reflect on their artistic pursuits despite the challenges they face. The conversation touches on the user's financial stability and their lack of companionship, while also discussing their appreciation for animals and the importance of their artistic expression. The user reveals they are in a bad relationship, indicating a sense of sadness and uncertainty about their future."
"The user expresses feelings of awkwardness in formal situations and shares a love for lasagna, likening themselves to Garfield. They mention having 4,000 Facebook friends but prioritize their two dogs as their best companions. The conversation reveals a sense of isolation, as the user lives alone and hasn't talked to their family in years, while still dreaming of becoming an astronaut. They also have a cat named Contraband and a poster of Neil deGrasse Tyson on their wall. The exchange includes light-hearted banter about dad jokes and aspirations of going to space, emphasizing a shared sense of humor and dreaming big despite current circumstances.","The user, who aspires to be an astronaut and has a passion for lasagna, engages in a light-hearted conversation about their feelings of discomfort in formal situations. They mention having two dogs as their best friends and share a humorous take on their lack of real friendships, contrasting with the other person's large social circle. The user expresses a desire to be an astronaut, while the other person dreams of getting paid for space travel. They both agree on the importance of pursuing dreams, with the user humorously contemplating the financial aspects of going to space. The conversation reflects a friendly and light-hearted exchange about personal aspirations and interests."
"The user, who was adopted as a baby and feels scared about their future, shares that their stepfather works at HP and their mother is a stay-at-home parent. They express concern about their biological father potentially coming back into their life, fearing he might be angry with them. The conversation partner, who grew up in Virginia and drives trucks, encourages the user to consider getting a job to save for a car, but the user admits to feeling too lazy to pursue that.","The user, who was adopted and has a complex relationship with their biological father, shares that their mom stays home and they are worried about her future. They mention their step father works at HP and express concern about his potential anger towards them. The user reflects on their difficult upbringing, noting they were adopted and have never owned a car, despite wanting one. They express a desire to visit Virginia someday, where they enjoyed driving cars, while the other person suggests they should find a job to afford transportation. The user also touches on their feelings of being lazy and not wanting to take responsibility for their future."
"The user, an environmental activist from Vermont who enjoys mountain biking and hiking, engages in a light-hearted conversation with another person. They discuss their dinner choices, driving preferences, and love for the mountains. The user expresses a preference for hip hop music and shares their passion for visiting national parks, having been to 12. The other person reveals a more nihilistic attitude, wishing to ""watch the world burn"" while listening to rock music, which the user acknowledges with understanding. The conversation concludes with a playful exchange about the other person's unusual birthplace, humorously referencing Pink Floyd.","The user, an environmental activist and outdoor enthusiast from Vermont who enjoys hiking and mountain biking, engages in a light-hearted conversation about food and music. They express a preference for biking in the mountains over dining with dog food, while the other person shares their love for rock and roll and mentions their work at a big company. The user reveals their passion for visiting national parks, having visited 12, and humorously remarks on the concept of the ""dark side of the moon"" as a reference to the band Pink Floyd. The conversation reflects a friendly exchange about interests and lifestyles."
"Nancy, an only child who enjoys Barbies, converses with Maximo about their day and aspirations. She shares her hope to move from New York to Australia, expressing a desire to visit the country. Maximo mentions having a sister who has passed away, prompting Nancy to empathize, noting her own childhood was spent with Barbies instead of siblings.","Nancy, an only child from New York, chats with Maximo, who is preparing to jog after work. They discuss their living situations, with Nancy expressing a desire to move to Australia, while Maximo is considering a change of scenery. Nancy shares her love for Barbies, reflecting her childhood, while Maximo mentions his lack of siblings and his friends in New York. The conversation touches on the complexities of family and personal aspirations. Nancy also notes her sister is in heaven, which she has never met. Maximo expresses sympathy for Nancy's loss of siblings and her desire to make a change. They conclude by acknowledging the challenges of family dynamics."
"The user, who enjoys the book ""Twilight,"" humorously shares that they have six toes on one foot and a broken nose from childhood. They engage in light-hearted banter about their unique features, including strong prescription glasses, and compare themselves to a Picasso painting. The conversation reveals their sense of humor and high IQ, as they discuss their singing voice, which is only appreciated by their son. They express a love for travel, mentioning a recent trip to Argentina, and recommend Mendoza's wine country as a beautiful destination.","The user, who enjoys ""Twilight,"" has six toes on one foot and wears glasses, engages in a light-hearted conversation about their appearance and humor. They mention their strong prescription lenses and a fondness for music, specifically Bach, while also sharing a nostalgic connection to their past relationship with someone who resembled Picasso. The user expresses a love for traveling, although they admit to not making it often, and mentions a recent trip to Argentina, while also expressing a desire to visit wine country in Mendoza. The conversation ends with a humorous farewell. The user also reveals a humorous anecdote about breaking their nose in fifth grade, which they attribute to their unique features. The exchange highlights their personality and interests, with a playful tone throughout.
Persona: my favorite book"
"The user, who enjoys sleeping, watching YouTube, and writing, just finished a busy shift at McDonald's and expressed their dissatisfaction with the job. They run a YouTube channel called ""Make Up Magic,"" where they share makeup tutorials, having studied the subject at Stanford on the West Coast. They currently live in the Bay Area, while the other person lives in Seattle, noting the similarities between the two locations.","The user, who enjoys sleeping and watching YouTube videos, recently finished work at McDonald's and works at the Golden Arches. They are currently focused on their YouTube channel, ""Make Up Magic,"" where they share makeup tutorials. The user is from Seattle and has a background in education, having attended Stanford. They appreciate the Bay Area for its nice weather and are located in the city. The conversation partner is interested in the user's work and has not yet explored their channel. The user lives in Seattle and is familiar with the city's culture."
"The user engages in a lighthearted conversation about their interests, mentioning their love for rock music and ironic enjoyment of Gary Human with hipster friends. They express a preference for black decor, specifically looking for black lace curtains, and highlight their loyalty to Apple products, deeming other phones inferior. The user humorously discusses their black iPhone and black purse, while also joking about the dangers of other phones. They mention snorkeling and chasing komodo dragons on a private island, and share a playful exchange about borrowing a black car for their adventures.","The user enjoys listening to rock music, particularly Gary Human, and prefers Apple products over inferior brands. They have a black iPhone and are currently redecorating while listening to music. The conversation touches on the user's interest in snorkeling and a desire to borrow a black car for a private island trip, despite the other person's skepticism about the waterproof phone. The user humorously mentions their aversion to chasing comodo lizards and expresses a playful attitude towards technology, noting that their black iPhone and purse match their black car. The conversation also includes a light-hearted exchange about rock stations and the user's unique perspective on technology and personal preferences.
Persona: The user enjoys snorkeling and has a private island where they like to go. They prefer"
"The user, a lead singer in an indie band who enjoys drinking Budweiser and lives in the city, shares that they are doing well while relaxing with a beer. They mention their love for horseback riding and the frequent gigs they play at bars and open mics in the urban area. Although they don't have a gig this weekend, they plan to ride their quiet horse, which the conversation partner expresses interest in trying someday.","The user, who is the lead singer of an indie band and enjoys horse riding, shares that they are doing well while sipping Budweiser beer. They mention their city's vibrant music scene, which includes various venues for their band to perform at. The conversation touches on hobbies, with the user expressing a love for horseback riding and mentioning their horse's quiet nature. They also confirm they won't be performing at a gig this weekend, instead planning to ride their horse the next day. The other person expresses interest in riding horses and shares their own experiences with live music and bars. The user highlights their city's lively music scene and their passion for their band and horse."
"The user, who regularly goes to the gym and enjoys Metallica, shared that they just returned from a big workout and are now eating dinner, which includes chicken and rice. They discussed a recent visit to a friend's city and mentioned their cat, George, trying to steal their food. The conversation also touched on the user's mother's gardening and social work, highlighting her busy lifestyle. Both participants expressed their love for Metallica and the hope of attending a concert soon.","The user recently returned from the gym, sharing that they lifted weights and have a cat named George. They discussed their experiences with a friend living in the city and mentioned the challenges of traveling. The conversation also touched on the user's love for Metallica and their mother's gardening, which provides them with fresh chicken. The other participant expressed admiration for the user's busy mother and mentioned their own interest in music. The user expressed excitement about attending a concert soon. Overall, the conversation highlighted their shared interests in music and personal experiences."
"The user works the night shift at a hotel and is saving for college, where they study art with a focus on acrylic paints. They are funding their education through work and scholarships, painting community-inspired murals for extra income. The user expresses a love for winter and dreams of having a winter-themed mural. They aspire to pursue acting, inspired by their favorite actor, Robert De Niro.","The user, who works a graveyard shift at a hotel and is saving for college, engages in a conversation about their jobs and aspirations. They express interest in winter and the idea of having a mural of the season, inspired by actor Robert De Niro. The other person is an art student specializing in acrylics and works towards scholarships. They share a mutual interest in painting and discuss their respective pursuits, including the user's goal of going into acting. The conversation highlights their shared interests and the user's inspiration from a favorite actor. Additionally, the user mentions their love for snow. The other person is currently focused on their studies and has no plans for the future. The user reflects on their current activities and aspirations while also expressing admiration for the other"
"The user, who aspires to be a published author and enjoys writing short stories, shares their recent visit to an art museum. They express a preference for staying cozy at home while drinking various types of tea. The conversation partner, a farmer, mentions their interest in driving and raising chickens for eggs. The user shows some shyness about sharing their writing but is open to discussing their interests and hobbies.","The user, who aspires to be a published author and enjoys writing short stories, recently visited an art museum and expressed a desire to share their work. They mentioned their love for cozy activities at home, drinking tea, and engaged in a conversation about their interests and background. The other person shared their love for driving trucks and eating eggs, while the user noted their preference for various types of tea. The conversation also touched on the user's writing habits and their connection to art museums. The other person inquired about the user's location, revealing they live on a farm. The user responded that they primarily enjoy being cozy at home rather than sharing their writing. They also mentioned their fondness for tea. The conversation concluded with a friendly exchange.
Your"
"Jasmine, a yoga instructor and mother, shares her interests and family life in a conversation with Rob, who enjoys gangster rap. Jasmine has two chihuahuas named Chico and Sienna, collects seashells, and enjoys spending time with her son and horses. While Rob lifts weights and drives a fast black car, Jasmine drives a minivan and listens to meditation music for relaxation, emphasizing the importance of calmness in her daily life.","Rob, a yoga instructor and mother of a 1-year-old son, shares his love for music, particularly gangster rap, while discussing his family with Jasmine. He mentions his son's antics and his own experience with meditation, which he finds helpful for staying calm. Rob also collects seashells and has a fondness for horses, while Jasmine expresses her interest in yoga and spending time with her kids. They bond over their shared interests and Rob's perspective on music, noting he isn't much of a rap fan. The conversation reflects Rob's laid-back persona as a mother, emphasizing the importance of relaxation and family time. Jasmine, in turn, highlights her commitment to her kids and her appreciation for yoga. They conclude with a"
"The user, who has a humorous persona and describes themselves as having ""sausage fingers"" and feeling bloated, engages in a light-hearted conversation about hobbies, revealing a passion for drawing. They live on the west coast and enjoy the pleasant weather and proximity to the ocean, contrasting it with the rainy climate of the other person's home in North Carolina. The user also shares a past experience of living in Nebraska, expressing appreciation for their current location's weather.","The user, who identifies as funny, has sausage fingers, is bloated, and enjoys drawing, engages in a light-hearted conversation about hobbies. They express a fondness for the ocean and shopping, while the other person shares their experience living in North Carolina and a desire for warmer weather, contrasting with the user's current location. The conversation reflects a friendly exchange about personal interests and locations. The user also mentions their love for Sprite soda. The other person mentions playing the violin and their enjoyment of Netflix. The user lives on the West Coast and expresses a fondness for the ocean, while the other person lives in Nebraska and has never been to the West Coast. The conversation highlights their shared interests and the user's sense of humor. The other person"
"Marie Anne, who plans to retire in six months and has the support of her family, engages in a light conversation with Omar. She shares that she owns a farm in Ohio, where she enjoys the peaceful life with her sheep, goats, and horses, and mentions she has never been to a big city. In contrast, Omar lives in Los Angeles, highlighting their different lifestyles.","Marie Anne, who plans to retire in six months and has the support of her whole family, engages in a friendly conversation with Omar, who owns a farm in Ohio. They discuss their names and Marie Anne expresses her love for animals, mentioning her sheep, goats, and horses. Omar shares his experience of never having visited a big city, which Marie Anne finds peaceful, contrasting it with her own life in a big city. They also mention their respective cities, with Marie Anne being located in the closest city to Omar, who is in LA. The conversation highlights their differing lifestyles and interests, with Marie Anne highlighting her family support and her passion for ballet, which is also her mother's profession."
"The user, a Seattle-based vegan with a Buddhist background, enjoys hip hop and is a fan of the band Bon Over, despite their unpopularity among colleagues in public relations. They engaged in a light-hearted conversation with another user from Spain, who is married with five children, leading to a humorous misunderstanding about their spouse's profession, which was clarified to be a veterinarian. The user expressed their love for rap music, highlighting their diverse musical interests.","The user, a Seattle-based vegan from a Buddhist background, engages in a light-hearted conversation about family and music, expressing a fondness for the band Bon Over despite their colleagues' dislike for the band. They share that they are married with five children and humorously refer to themselves as a ""married veterinarian."" The conversation includes playful banter about hip hop and the user's love for rap music, which they find hilarious. The other participant, a vet, responds with a light-hearted acknowledgment of the user's humor. The conversation reflects a friendly and humorous exchange about family and music."
"The user, who is short, has brown hair, enjoys sewing, and has a cat, engages in a conversation about personal interests. They express admiration for brown hair and share their hobbies, which include sewing and taking their cat out. The other person mentions making short films and having a boyfriend in acting school, to which the user responds positively, joking about the boyfriend potentially becoming the next George Clooney. The conversation shifts to the user's father's past as a movie director for the ""Friday the 13th"" series, leading to a discussion about the appeal of horror movies, with the user admitting to being terrified of them but still enjoying the make-believe aspect.","The user, who has brown hair and is short, thin, and has a cat, engages in a conversation about interests. They express a love for sewing and taking their cat out, while the other person enjoys making short films and eating nachos. The user mentions their single status and shares that their boyfriend is in acting school, expressing hope that he will follow in the footsteps of their father, a former movie director, as he directed films like ""Friday the 13th"" and ""Jeans."" The conversation reflects a friendly exchange about shared interests and personal experiences. The user also notes their fear of the ""Jeans"" movies, which the other person finds enjoyable due to their belief in make-believe.
Persona: i am short."
"The user, who enjoys playing retro video games on their 386 and has a cat named Leroy Jenkins, is currently doing well and spending time gaming with their cat. They express a desire for a blue dragon and mention their dissatisfaction with their current job as a painter, while looking at job postings. The conversation touches on travel, with the user expressing interest in visiting Hawaii and Ireland, and the other person sharing their experiences in India, highlighting the kindness of its people.","The user, who enjoys retro video games and has a cat named Leroy Jenkins, is having a light-hearted conversation about their evening activities. They mention playing video games and express a desire to train a real dragon, while also discussing their current job at Walmart due to frequent travel to India. The user shares their love for the color blue and mentions their interest in travel photos, while also expressing a desire to visit Hawaii and Ireland. The conversation reflects the user's playful personality and interests."
"The user, who works at a local party store and enjoys being social, shares that they love Christmas and often shop for the holiday at their workplace. They throw parties primarily at the gym, where they also meet many friends. The user reveals they were adopted as a baby and met their birth mother at sixteen, but they consider their adoptive parents to be their real family. They enjoy going to the movies with friends and inquire about upcoming films.","The user, who was adopted and works at a local party store, enjoys Christmas and has a close relationship with their birth mother, whom they met at sixteen. They socialize at the party store and often host parties, although they primarily buy items for these gatherings. The user shares that their parents are their real family, while the other person mentions their own experiences with adoption and family. They both express a love for movies and discuss their interests, including swimming and the importance of friendship. The conversation highlights the user's connection to their birth mother and their preference for shopping for Christmas. Additionally, the user mentions their daily gym workouts and their enjoyment of going to the movies with friends. The other person reveals they have a similar background with adoption and family,"
"The user, who owns two snakes and has a significant autograph collection of over 2,000 signatures, is doing well and recently enjoyed looking through their comic book collection, particularly favoring Superman. They mentioned their allergy to dust, which requires them to dust their comics often, and expressed a preference for purple. They have recently adopted an organic-only diet, allowing for organic meat, and are focused on maintaining a healthy lifestyle to enjoy their car longer. The conversation also touched on the user's interest in comic books and a desire to eat healthily while keeping a balanced diet.","The user, who owns two snakes and has an autograph collection with over 2000 signatures, is doing well and recently finished looking through their comic book collection. They express a preference for the color purple in their comics and mention having an autograph from Alice Silverstone. The user also shares their love for organic food and their commitment to a balanced diet, while acknowledging the desire to try meat again. They engage in a conversation about pets, expressing interest in snakes, and discuss their aspiration to be healthier and enjoy their car for longer. The other person mentions having reached their credit limit and expresses a desire for a snake. The user also reveals they have an autograph from a character from ""Clueless,"" which they believe is Alicia Silverstone. The conversation"
"The conversation features a user who enjoys horseback riding and has three daughters, sharing a light-hearted exchange with a teen who jokingly fears being arrested by the user, a cop. The teen expresses a love for horses and country music, while the user mentions their family travels, particularly enjoying annual scuba diving trips. The user describes themselves as an average 40-year-old, maintaining a friendly and humorous tone throughout the chat.","The user, a 40-year-old who enjoys horseback riding and scuba diving, shares that they recently rode their horse and expressed a love for country music. They mention not having a job and humorously clarify that they do not have a reason to arrest someone. The conversation reveals their family-oriented lifestyle, with the user mentioning they travel with their family annually and feeling average in appearance. They also humorously acknowledge their wife's role as a parent. The other participant, a cop, expresses interest in relaxing after work and shares their own hobbies, including scuba diving. The user reflects on their family-oriented persona and their sense of humor."
"The user, who is under 6 feet tall, sells paper products, primarily napkins, and enjoys cooking, engages in a conversation with someone who is feeling sad about a breakup. The user empathizes, sharing that their daughter recently experienced a similar situation, having been dumped for a taller girl. They both agree that the individuals who left them are not worth their time. The user mentions they can take home mislabeled napkins from work, which they find useful in their cooking.","The user, who is under 6 feet tall and sells paper products, expresses sadness over their girlfriend's recent breakup, attributing it to her dislike for their relationship. They mention their daughter, who is also affected by the breakup, and share that they teach at a school, which they find a good job. The conversation touches on the user's preference for not using cheese in their cooking, despite their daughter's fondness for it. The user humorously notes that their daughter's mislabeling of paper products could contribute to the problem. Overall, the user reflects on their struggles with personal relationships while maintaining a light-hearted tone."
"Arnold, a 10-year-old who enjoys watching TV and loves ham and cheese sandwiches, engages in a light-hearted conversation about his day, mentioning picking corn and making popcorn. He expresses a preference for watching TV over sharing popcorn and humorously claims he can't have friends at his age. The chat concludes with a reminder for Arnold to brush his teeth before bed, leading to a playful misunderstanding where he jokingly suggests the other person is his parent.","Arnold, a 10-year-old who enjoys watching TV and loves ham and cheese sandwiches, engages in a light-hearted conversation about daily activities. He mentions picking corn and making popcorn, expressing a preference for watching TV over sharing food. Arnold humorously responds to a comment about not being nice, claiming he would rather avoid playing instruments. He reminds his conversation partner, who is also young, about the importance of friendship and the disappointment of their parents. The conversation ends with Arnold expressing a desire to brush his teeth before bed, while the partner suggests it might be time for bed. The exchange reflects Arnold's playful personality and his perspective on social interactions at his age.
Persona: arnold is a 10-year-"
"The user, who works at a large law firm and drives a Prius, shares that his wife stays home with their kids while he dislikes tofu, which she is preparing for dinner. He expresses interest in photography, mentioning that he lives in Portland, Maine, where there are beautiful subjects to capture, especially with the changing leaves. The conversation partner, who claims to live in Antarctica, discusses the scenic photography opportunities there, including underground caves and lakes. The user notes that it's too cold for his kids to join him on a night hike, highlighting his family-oriented persona.","The user, who works at a large law firm and drives a Prius, expresses a dislike for tofu and finds it amusing that his wife stays home to care for their children. He enjoys hiking and considers himself an amateur photographer, although he admits that his profession makes it challenging to pursue photography professionally. The conversation reveals his location in Portland, Maine, and his appreciation for the scenic beauty of the area, including caves and lakes. He shares that he lives alone and cooks for himself, while the other person mentions living with their children in a house in Antarctica, which the user finds fascinating. The exchange highlights their differing lifestyles and interests, with the user humorously noting the challenges of photographing in his profession. He also expresses a fondness for tofu, although the"
"The conversation features a female user from the USA who is very short at 5'2"" and uses a wheelchair. She discusses her two kids, expressing that they often tease her about her height. She shares her love for knitting and crocheting outfits for her children and mentions her favorite food is chicken, while strongly disliking tomatoes. The user connects with another individual from England, who is also short at 4'9"", and they bond over their shared experiences and love for the lake.","The conversation features a short female user who dislikes tomatoes and requires a wheelchair for mobility. She shares her love for her children and her enjoyment of chicken, while also expressing a fondness for the lake and a humorous take on her height compared to another person. The exchange highlights her connection with the other participant, who also has a short stature and enjoys teasing her about it. They bond over their shared experiences and preferences, including a light-hearted mention of the lake. The user reflects on her challenges with her children and her perspective on tomatoes. Additionally, she mentions her two dogs as companions. The conversation reflects a friendly and humorous exchange about personal interests and experiences."
"The user, who loves basketball, singing, and hunting, is preparing for a camping trip and expresses concern about bears due to limited visibility. They mention their struggle with writing, preferring to play guitar instead. The user has six cats but is allergic to them, as is their spouse, who was their high school sweetheart. They enjoy the outdoors, noting that while some cats may like it, dogs are generally more fun.","The user, who loves basketball, singing, and hunting, is preparing for a camping trip despite concerns about bears. They mention their experience with dogs and cats, noting their own allergy to cats. The conversation reveals a light-hearted exchange about pets, with the user humorously noting they have six cats and a dog, while the other person has a dog and a high school sweetheart who is not married. The user expresses a preference for the outdoors and mentions their guitar as their form of entertainment. The conversation reflects a friendly and humorous tone throughout."
"The user, a married veterinarian and vegetarian with five children, is having a pleasant day with family. They engage in a conversation with someone who recently broke up with their boyfriend and enjoys painting, particularly in springtime and at the beach. The user expresses their love for hip hop music and discusses their appreciation for art and animals. They share a mutual interest in vegetables, specifically beets, which the other person enjoys painting in still life. The conversation highlights their shared interests in art and food, with a focus on the beauty of beets.","The user, a vegetarian veterinarian who enjoys hip hop music and has five children, is spending time with his family while discussing daily activities and interests. He shares his love for art and animals, mentioning his favorite artist is Beyoncé, while expressing a dislike for hip hop music, which he humorously mentions was also a favorite of his ex-boyfriend. The conversation touches on food preferences, with the user highlighting his love for various vegetables, particularly beets, and his artistic skills in painting, especially still life paintings of beets. The exchange reflects a friendly and light-hearted tone, with both participants enjoying the conversation."
"The user, who enjoys reading, solitude, and pizza, congratulates someone on their 20th anniversary and expresses their love for traveling and experiencing new cultures. They suggest grabbing pizza and mention their preference for being alone, especially while watching football or taking late night walks. The conversation shifts to pets, with the user recommending adopting a dog for companionship and security, while also sharing their volunteer work at animal shelters, where they provide love and attention to the animals.","The user, who enjoys reading and spending time alone, is celebrating their 20th anniversary with a trip to Iceland. They express a love for pizza and mention that they prefer solitude, even enjoying late-night walks in the dark. The conversation partner, a veteran, shares their enjoyment of traveling and helps at animal shelters, highlighting a mutual interest in pets and their love for walking. The user encourages the partner to continue their work at the shelter, showing appreciation for their dedication. The conversation reflects a friendly exchange about personal interests and shared experiences."
"The user expresses a strong affinity for Disney, particularly enjoying Disney movies and characters like Ariel from ""The Little Mermaid,"" which they prefer over the darker book version. They mention being on a competitive dance team and love dancing, alongside their passion for reading. The conversation partner shares a different interest in sports, noting a family connection to ESPN, but the user finds this contrast interesting.","The user, a Disney fan and competitive dance team member, shares their love for the movies and characters, particularly Ariel. They express a preference for the Disney version of films over the book, which they find dark, while the other person enjoys reading and watching sports on ABC. The user enjoys dancing and reading, highlighting their shared interests in entertainment and literature. The conversation reflects a friendly exchange about hobbies and preferences. The other person mentions their dislike for Disney's ESPN, while the user appreciates the show but prefers the Disney movies. The user also shares their admiration for the Little Mermaid and their love for reading. The conversation highlights their shared interests in Disney and literature. The other person enjoys watching sports and reading, while the user emphasizes their passion for dancing"
"The user, who enjoys playing guitar and video games, expresses a lack of interest in reading John Grisham's books despite enjoying his movies. They share a love for beef and mention their girlfriend's frustration over their meat-eating habits, humorously noting that she might dump them for it. The user also shares that they work from home on various internet jobs and live with their dog, Donald, who has behavioral issues. They reflect on their parents' departure from politics and joke about having behavioral problems themselves, while ultimately expressing a carefree attitude about their interests.","The user, who enjoys playing guitar and video games, shares a connection with John Grisham and a mutual dislike for pants, humorously mentioning their girlfriend's disapproval of their meat consumption. They work from home and have a dog named Donald, who is experiencing behavioral issues, reflecting the user's own struggles with relationships and personal challenges. The conversation takes a lighthearted turn as the user jokingly suggests their dog might be prescient, while the other person expresses a desire for freedom from their parents, who have become politicians. The exchange highlights their shared interests and playful banter about personal lives. The user also mentions their love for beef."
"The conversation features a receptionist at a lawyer's office who enjoys getting her nails done every Saturday and secretly loves watching WWE wrestling. She shares that she has a parrot and discusses her poor eyesight, mentioning plans to get glasses. While her conversation partner expresses a passion for sewing unique outfits, the receptionist daydreams about cafes in Paris, highlighting her creative and whimsical side.","The user, a receptionist at a lawyer's office who secretly loves watching WWE wrestling and gets her nails done every Saturday, is having a great day while getting ready for work. She mentions her unique and flawless wardrobe, inspired by her unique outfits, and shares her fondness for daydreaming about cafes in Paris. The conversation touches on her eyesight, which she is trying to improve by seeing an eye doctor, and her parrot, a former family member. The user also notes her use of her glasses, which she wears at work as a ""magnet tool."" The conversation concludes with a light-hearted inquiry about her current sewing project. The other participant expresses interest in wrestling but does not watch it. The user reveals her secret love for the sport. The"
"The user, who lives in a small city and enjoys gardening, shares that they have a cat named Felix and a small terrier named Emmy. They engage in a conversation about hobbies, mentioning their enjoyment of gardening and walking, while the other person talks about painting outdoors and arm wrestling. The user reflects on their life with grown children and appreciates having a pet for company, noting the differences between city and small-town life. They bond over shared interests and reminisce about childhood cartoons.","The user, who lives in a small city and enjoys gardening, shares that they have a cat named Felix and a small terrier named Emmy. They engage in a conversation with someone who was once a nurse and enjoys painting outdoors, discussing hobbies like gardening and walking. The user mentions their children are mostly grown, which provides companionship in their small-town life, while the other person reflects on the quiet nature of city life compared to the charm of their cartoon. The conversation highlights their shared interests and light-hearted banter about age and pets. The user also mentions their cat's name, which they humorously refer to as ""Felix."" The other person expresses a fondness for the cartoon ""Felix"" and shares their own experiences with gardening and walking. The"
"The user, who works in a bookstore in Cincinnati, expresses loyalty to their girlfriend and shares a lighthearted conversation about personal interests and food preferences. They mention their older brother has children and that they enjoy dyeing their hair pink and eating bacon. The user engages with a strong married woman who works in the art field and discusses hobbies, revealing a mutual appreciation for different types of meat and a love for books, particularly those about bacon.","The conversation features a strong, confident woman who is married and works in the art field. She expresses her love for her girlfriend and her passion for dyeing her hair pink, while also sharing her interests in bacon and reading history and romance novels. The other participant, who is a bookstore seller and has no children yet, expresses a desire for more siblings and discusses their hobbies, including a love for museums and a fondness for steak. They bond over their favorite breakfast foods and the challenges of dining out in a big city, with the woman living in Cincinnati. The conversation reflects a friendly exchange about personal interests and aspirations. The other participant, who is married and has no children, mentions living in a small town and expresses a desire for more siblings. The woman"
"The conversation features a college student majoring in business administration who is studying for school and has been in a relationship for two years. They discuss their family background, mentioning their dad is a dentist and their mom is an English teacher, emphasizing the academic influence in their life. The student expresses a love for cats and shares concerns about budgeting for car repairs, specifically regarding their new Honda, while receiving reassurance about the car's reliability and advice on getting an extended warranty.","The conversation features a college student who is studying business administration and has a close relationship with their parents, both being academics. They express a love for kitties and mention dating their boyfriend of two years. The other participant, an academic, shares a similar dynamic with their mother, who is an English teacher, and discusses their own concerns about their long-standing relationship and car, mentioning a concern about budget if the car breaks down. The student emphasizes their commitment to their boyfriend and advises the other person to consider an extended warranty if they are worried about car maintenance. The exchange highlights their close family ties and academic backgrounds.
Persona: i am a college student majoring in business administration. i have a boyfriend of two years and am saving for a new car"
"The user, a teacher who loves chocolate and practices yoga every morning, engages in a friendly conversation about food and hobbies. They express their enjoyment of coffee, which energizes them daily, and share a passion for art, specifically painting and drawing. The user mentions their twin sister, with whom they practice yoga, while discussing their favorite foods, highlighting a shared love for spaghetti and coffee.","The user, a teacher who loves chocolate and enjoys yoga, shares that they start their morning routine with coffee before work and have a twin sister. They express enthusiasm for their daily habits and discuss their favorite foods, revealing that chocolate is their favorite with coffee. The conversation also touches on art, with the user teaching art and expressing a passion for painting and drawing. They mention their enjoyment of yoga, which they do with their twin, while the other person works out occasionally. The user emphasizes their commitment to yoga as a daily habit."
"The user, a young art student with blonde hair and blue eyes, enjoys working with acrylics and aspires to paint murals professionally. They express a passion for art, particularly in their favorite class, painting. In a light-hearted conversation, they interact with an older individual who enjoys gardening and cross-stitching, while sharing a mutual love for sushi and pizza. The user mentions an upcoming trip to Italy to visit art galleries, expressing excitement about the possibility of enjoying authentic pizza there.","The user, an art school student who enjoys working with acrylics and aspires to paint murals, engages in a conversation about hobbies and interests. They express a passion for art, particularly in their favorite class, painting. The user shares their age as 45 and mentions their preference for sushi and tacos, while also expressing a desire to visit art galleries in Italy. They bond over their love for sushi and pizza, suggesting a potential trip to Italy to enjoy authentic pizza. The conversation highlights their shared appreciation for art and food."
"A ten-year-old user expresses happiness about having many friends and shares a love for cats and dogs. They mention their dad works at a mill and their mom is a teacher. In a conversation with a 31-year-old, they discuss pets, with the user hoping to get one soon. The adult shares their profession as a baker, which the user finds appealing, and they both express enjoyment of their respective environments, with the user particularly fond of school due to their friends.","A ten-year-old user, who loves dogs and cats and has many friends, engages in a conversation with a 31-year-old user. They discuss their ages, with the user expressing a lack of interest in video games but a fondness for cats and dogs. The user mentions their dad works at a mill and their mom is a teacher, while the other person shares their experience of making cakes for a living and owning a bakery with their wife. The conversation highlights their shared interests in pets and education, with the user encouraging the other person to continue enjoying their school experience. The other person also mentions their two dogs and expresses a desire for more pets in the future. The user, however, does not have any pets and is"
"The user, who dislikes the feeling of chalk and is a gymnast, shares their exhaustion after running a marathon and doing cardio workouts. They enjoy stretching and flipping due to their gymnastics background. The conversation touches on pets, with the user mentioning their overweight black and white cat named Cow, while also considering getting a service dog for social anxiety. They bond over their mutual love for French vanilla coffee and discuss the importance of staying hydrated, especially after sauna sessions that leave the user feeling chalky.","The user, a gymnast who dislikes the feeling of chalk, shares that they recently ran a marathon and enjoys stretching and doing flips. They mention their black and white cat, Cow, and express a desire to return to the gym for coffee, despite their current situation. The conversation touches on pets, with the user mentioning they might consider a service dog for social anxiety, while the other person mentions their cat at a family appliance store. They bond over their love for French vanilla coffee and discuss the user's aversion to the feeling of dryness, linking it to their gym routine and the sauna. The conversation concludes with a suggestion to grab coffee together, highlighting a shared dislike for the chalky sensation."
"The conversation features a user who shares personal details, including their blue eyes and the loss of their father at a young age. They express a love for animals and fishing, particularly in the summer, while also mentioning an aspiration to become a singer. The other participant, whose father is alive, discusses their own interests in tennis and walking. They plan to meet up for a walk, considering their respective schedules, and express hope that their plans will work out.","The user, who has blue eyes and loves fishing, shares that their father passed away when they were two years old, which has influenced their passion for animals. They express admiration for animals and aspire to become a singer, hoping their music will inspire them. The conversation touches on their love for fishing during the summer and their commitment to walking five days a week, while also discussing their plans for karate lessons and the possibility of meeting up. They agree to plan something together, considering their schedules, and express a positive outlook on their aspirations. The user also mentions their early morning classes and late afternoon activities, while the other person plans to attend tennis lessons. They conclude by agreeing to connect again in the future."
"The user, an only child who dyes their hair blonde and has three cats, is currently taking care of their pets and enjoys saving for travel rather than being interested in cars. They engage in a conversation with someone who has a dog and has been married three times. The user expresses admiration for the other person's three Ferraris but clarifies their focus on travel instead of cars. The conversation touches on the other person's past as a retired actor, which the user finds intriguing.","The user, who is blonde, an only child, and has three cats, engages in a friendly conversation about family and pets. They mention taking care of their cats and express a preference for spending time with friends over being married. The other person has a dog and shares their experience as an actor, while the user reveals they are not into cars but save for travel. The conversation reflects a light-hearted exchange about family and interests, with the user highlighting their unique background as an only child. Additionally, the other person mentions having three Ferraris in their garage, which the user finds impressive. The conversation concludes with a friendly note, indicating a positive and supportive tone.
Persona: i am a blonde only child who loves traveling and spending time with"
"The user, a nurse who works in the emergency room, enjoys reading novels and considers it their favorite pastime. They also practice yoga and have a passion for writing. Their favorite color is grey, and they prefer Dr Pepper as their beverage of choice. The conversation touches on their career in nursing and contrasts it with another person's job in the newspaper industry.","The user, a nurse who enjoys reading and works in the emergency room, engages in a conversation about their interests and career. They express a preference for Dr Pepper as their favorite beverage and share that they have a passion for reading novels. The other person mentions their job in the newspaper and their love for yoga, while the user highlights their dedication to nursing. The conversation reflects a friendly exchange about personal interests and career aspirations. The user also notes their preference for Dr Pepper in their beverage choices."
"The conversation features a stay-at-home mom who loves painting with watercolors and is currently pregnant with her second child. She expresses pride in her engineer husband and discusses her struggles with severe anxiety, which makes her appreciate her role as a mother, especially compared to her friend who works as a nurse in the ER and finds it exhausting. The friend, recently divorced, enjoys reading and finds humor in their different life situations. The exchange highlights their supportive friendship and shared experiences as mothers.","The conversation features a stay-at-home mom who is currently pregnant with her second child and is feeling anxious due to her condition. She shares that her husband is an engineer and expresses pride in her parenting, despite her struggles with anxiety. The other participant, a nurse, congratulates her on her pregnancy and discusses their own hobbies, including reading and drinking Dr Pepper. The conversation highlights her positive outlook on motherhood and her concerns about financial stability. Additionally, she mentions her husband's job as an engineer, which she finds reassuring. The other participant, who is divorced, expresses sympathy for her situation and shares their own experiences with anxiety and parenting. The conversation concludes with a light-hearted exchange about their shared interests."
"The user, who lives in a rural community and works at Amazon, engages in a light conversation about personal interests. They express disinterest in gambling despite the other person’s past as a casino owner. The user enjoys rock music, particularly Pearl Jam, and shares their fascination with robotics, specifically wondering about the development of cooking robots. They also mention their love for breakfast foods, particularly eggs.","The user, who lives in a rural community and works at Amazon, engages in a conversation about gambling and nightlife, revealing a past as a casino owner. They express a love for rock music, particularly Pearl Jam, and mention their interest in robotics, noting that one of their children enjoys robotics. The user also shares their enjoyment of breakfast and eggs, highlighting their connection to the Amazon workplace. They clarify that they do not gamble themselves but are interested in the nightlife and the possibility of robots making breakfast in the future."
"The user, an avid runner and fan of the Vancouver Grizzlies, shares that they just returned from a daily run and are relaxing. They express an appreciation for reading, particularly fiction, and mention their interest in basketball. The conversation partner, a 20-year-old studying hospital administration at a community college and working in a clerical position at a local hospital, discusses their busy schedule with work and school, which leaves little time for sports. The user notes they live near Ontario and frequently visit America, highlighting their connection to both countries.","The user, an avid runner and marathon enthusiast from Canada, enjoys relaxing activities like reading and watching basketball, particularly the Vancouver Grizzlies. They are currently studying hospital administration at a small community college and aspire to contribute positively to the healthcare industry. The conversation partner is 20 and works in a clerical position at a local hospital, expressing interest in growth potential. The user lives near Ontario, Canada, and frequently visits the U.S. to enjoy its basketball and running opportunities. They also enjoy marathons, running them twice a year across America. The partner is not interested in sports but appreciates the user's goal-oriented attitude."
"The conversation features a ten-year-old user who enjoys spending time with their pets, a cat and a dog, and shares that their mom is a teacher and their dad works at a mill. The user has many friends and enjoys going to the mall with them. They discuss the differences in their lifestyles, with the other person expressing a preference for fast-paced activities like racing and skydiving. The user mentions having to mow the yard as a chore and reflects on honesty, stating they don't lie to avoid responsibilities. The conversation highlights the user's youthful perspective and their close family ties.","A ten-year-old user, who has a cat and a dog and lives in a house with their parents, shares that they are having a great day with their pets. They mention that their dad works at a mill and their mom is a school teacher, which gives them more free time than their dad. The user enjoys going to the mall with friends and finds chores like mowing the yard bothersome. They also express a desire to sky dive and mention their tendency to lie to get what they need. The conversation touches on the importance of honesty in their friendships. Overall, the user reflects on their positive outlook on life and their close-knit family."
"The user, a law student and the youngest of three, engages in a conversation with a nine-year-old who expresses loneliness and a love for pets. The child asks to be friends, but the user prefers to take their time getting to know them. The child shares that their parents are busy, leaving them alone in a big house, and mentions having friends online from around the world. The user offers advice on making friends by being nice and knowing when to listen, while also expressing interest in meeting the child's friends.","The user, a law student and youngest of three siblings, expresses a desire to get to know the other person, who has many friends and is open to making friends. They bond over their shared experiences of loneliness and the presence of adult conversation partners, with the user mentioning their parents are busy with work. The conversation touches on the user's love for kittens and their house, while also highlighting their online friendships and the importance of being friendly and considerate in their interactions. The user seeks to connect further with the other person, reflecting their desire for friendship. The conversation concludes with a light-hearted exchange about making friends online.
Persona: i am a law student and youngest of three siblings. i love reading mysteries in my free time. i love"
"The user, who wakes early to watch sunrises and enjoys sunsets, shared that they sometimes watch the sunset with their dogs but lamented not having one due to their demanding 60-hour work week. They expressed interest in joining a gym, while the other person, who does not work and spends time reading and playing with dogs, suggested bringing books over to watch the sunset together. The user noted they haven't read in a long time due to their busy schedule and mentioned needing to check if their apartment allows pets before inviting the other person over.","The user, who wakes up early to watch the sunrise daily and enjoys sunsets, works 60 hours a week and feels a sense of freedom from their job, allowing them to spend time with their dogs. They express a desire for a dog but acknowledge the responsibility it entails. The conversation partner enjoys reading and playing with dogs, and the user plans to invite them over to watch the sunset, although they are uncertain about their apartment's pet policy. The user also mentions their love for sunsets and flowers, specifically a lily, and expresses a lack of reading habits in recent years due to their busy schedule. The conversation highlights the user's enjoyment of their free time and their appreciation for sunsets and dogs. They also mention their intention to join a"
"Gerald, who enjoys rock music and basketball, is having a conversation with someone who recently got a new laptop and is into technology and website creation. While Gerald admits he struggles with technology and finds working at McDonald's unfulfilling, he expresses interest in learning website development. The other person shares their experience with the stock market, mentioning it's challenging and not a reliable way to make easy money, while Gerald believes creating websites could be a better option for earning.","Gerald, who enjoys rock music and basketball, shares that he recently got a new laptop and is interested in technology. He expresses his preference for basketball over rock music, while the other person focuses on making websites for news. Gerald works at McDonald's, finds it tedious, and seeks ways to make easy money, leading to a discussion about the stock market, which he finds complicated. The other person mentions their interest in making websites and suggests that it could be an easier path to making money. Gerald reflects on his current job at McDonald's and expresses a desire to learn more about the stock market. The conversation highlights their differing interests and experiences.
Persona: gerald is a basketball enthusiast who enjoys rock music. He works at McDonald's"
"The conversation features two parents discussing their children and hobbies. One participant, who has a son excelling in school and enjoys video games, inquires about the other's children, who are heavily involved in sports. The second participant, a bookworm with a toned physique, shares her passion for reading, particularly fiction and biographies, expressing an interest in fashion designers.","The user, who owns a black Suburban and enjoys spending time driving their kids to sports events, engages in a light-hearted conversation about hobbies and interests. They mention having two big sports fans and a son who excels academically, while the other person shares their love for video games and reading fiction and biographies. The user also highlights their involvement in four book clubs and expresses a desire to visit Paris and design clothes. The conversation reflects a friendly exchange about shared interests and personal hobbies."
"The user expresses nostalgia and boredom, mentioning they've traveled to Canada twice and have family ties to the fishing and taxi industries. They share that they were once featured on local news for a positive reason related to National Ice Cream Day. The conversation touches on their past work in a recording studio and current focus on a healthy lifestyle, including making avocado ice cream, which the other person has never tried.","The user expresses feelings of nostalgia while reminiscing about their life, mentioning they have been to Canada twice and have a unique background with family ties to fishing and taxi driving. They share a desire to travel and connect over shared experiences, including a recent trip to Toronto. The conversation touches on hobbies, with the user focusing on a healthy lifestyle and mentioning their work in a recording studio, while the other person shares their enjoyment of the gym and a unique avocado ice cream. The user also notes a brief moment of fame from appearing on the news, clarifying it was for a positive reason. The conversation concludes with a light-hearted inquiry about the taste of avocado ice cream."
"The user, a bilingual individual from Germany with Puerto Rican and Chinese heritage, engages in a light conversation with another person. They discuss their current activities, with the user listening to Prince while working out, and the other person tutoring math and English. The user shares their language skills, mentioning their fluency in German and Spanish, and reflects on their experience with Latin. They briefly touch on their childhood in the Caribbean and the impact of hurricanes, revealing they are currently in Virginia. The conversation concludes with a friendly exchange and well wishes.","The user, who speaks English and Spanish fluently and is from Germany, enjoys listening to blues music and is a fan of Prince. They are currently working as a tutor, focusing on math and English, while the other person is in the process of taking Latin. The user has a mixed heritage of Puerto Rican and Chinese, and they recently moved to Virginia, while the other person was in California. The conversation ended on a friendly note, with both expressing enjoyment in their exchange. The user wished the other person a wonderful day. The other person wished the user a similar day. The conversation also touched on the impact of a hurricane in Virginia. The user mentioned their fluency in both languages, while the other person noted their limited experience with languages. The"
"The user, who has brown eyes, loves the color purple, and owns a pet lizard named Gila, is having a fabulous day. They express a strong dislike for typical pets and share that Gila sheds, which they find a bit freaky. The user mentions having allergies and takes medication for them, speculating they might also be allergic to plants, which they love. They clarify a misunderstanding about being an only child, humorously noting that autocorrect is their nemesis. The conversation reveals the user's quirky personality, as they drive a big purple van and offer rides only to those who enjoy candy.","The user, who has brown eyes, loves the color purple, and has a pet lizard named Gila, engages in a light-hearted conversation about pets, expressing a dislike for typical ones. They reveal their allergy to plants, which they wish they could overcome, and mention their experience as an only child, which they feel has made them feel different. The conversation shifts to a discussion about driving, with the user humorously suggesting they might give rides to people who drive, but only if it involves candy. The other participant, who identifies as normal despite their allergies, shares a similar perspective on being an only child. The user maintains a playful and quirky tone throughout the exchange."
"The conversation features a recent high school graduate who is excited about attending UC Santa Cruz to study computer science. They express a fondness for their lunches made by their mom and share that they are a vegetarian. The user engages with a young girl who enjoys playing outside with dolls and has a sister who is also interested in outdoor activities. The user encourages the girl to consider studying computer science in the future, while discussing family dynamics, such as receiving flowers from their dad. The conversation is light-hearted and playful, highlighting the user's friendly and supportive persona.","The user, a recent high school graduate who is heading to UC Santa Cruz to study computer science, expresses a love for their vegetarian lunches, which their mom prepares for picnics. They mention not eating meat and play outside with dolls, while the other person enjoys playing online games and has a sister who is five years old. The conversation touches on family, with the user noting their dad brings flowers home, and they discuss hair and eye color, revealing that the other person's brown eyes and hair are the same color as the user's. The user encourages the other person to study computer science in the future."
"The user, who has a close relationship with their mom and four sisters, shares their enjoyment of iced tea and discusses their cooking skills, revealing that their mom taught them to cook. They mention being an ovo vegetarian and express the challenges of finding suitable restaurants. The conversation takes a whimsical turn as the user shares their belief in the existence of mermaids, convincing the other person of their reality and speculating on how long mermaids have existed, humorously wishing one of their sisters could be a mermaid.","The user, who has a close relationship with their mom and believes in mermaids, enjoys drinking iced tea and has a four-year-old sister who is also a vegetarian. They engage in a conversation about cooking, expressing that they are a ""lowly cook"" and mentioning their mom's influence on their cooking skills. The user shares their interests in studying mermaids and dreams of one of their sisters being a mermaid, while also discussing their day off and the challenges of finding vegetarian restaurants. The conversation reflects the user's whimsical personality and belief in mermaids."
"The user, a jazz pianist and barista from Algeria living in New York, engages in a conversation with a veterinarian about their occupations and hobbies. They mention their evening performances in a jazz band and express a dislike for cold weather, while the veterinarian shares their love for flowers and mentions having two kids and three dogs. The user shows interest in visiting California, where the veterinarian is from, and discusses their shared experiences and preferences.","The user, a jazz piano player and barista from Algeria, engages in a conversation with a veterinarian about their professions and hobbies. They express interest in flowers, particularly tropical ones, and share that they live in New York but were originally from Algeria. The user mentions their family and inquires about the other person's background, revealing they live in California. They humorously discuss the differences between the warm climate in California and the cold in New York, suggesting a visit could be enjoyable. The conversation reflects the user's friendly and lighthearted personality."
"The user, who loves Van Halen, aspires to be a doctor, enjoys playing Dungeons and Dragons, and has a fondness for traveling to Canada, engages in a conversation about travel. They express a strong interest in traveling frequently for work, as they run their parents' travel agency. The conversation touches on their desire to visit Canada and the suggestion of Jamaica as a great travel destination. Additionally, they learn that the other person dances for a living, specifically on tables during weekends.","The user, who loves the band Van Halen and aspires to be a doctor, engages in a conversation about travel and work. They express a passion for running their parents' travel agency and mention their frequent travels, including a desire to visit Canada. The user humorously suggests getting a ticket to Canada but learns that Jamaica is a better destination. They also share that they dance on weekends, specifically at tables, and inquire about the possibility of getting a ticket to dance in Canada. The conversation highlights their enthusiasm for travel and work, with the user's aspirations and interests being showcased. Additionally, they mention their love for dancing and the band Van Halen.
Persona: i love the band van halen. i want to be a doctor. i"
"The conversation features a user who enjoys a variety of music and has a favorite color of green. They express interest in tennis and mention their father's status as a veteran, highlighting their involvement in running a charity for injured veterans in his memory. The other participant shares their favorite color as purple and works in video game design, aspiring to start their own company. The user also mentions organizing a tennis tournament to raise funds, showcasing their commitment to charitable efforts.","The user, who enjoys listening to various music genres and has a green favorite color, engages in a conversation about their favorite colors and music. They express a love for the color green and share that they run a charity for veterans, while the other person works in a video game company and designs games. The user is also involved in planning a tennis tournament to raise funds, reflecting their passion for both music and sports. The conversation highlights their diverse interests and aspirations."
"The user, who is anxious about starting college in three months and has not yet chosen a major, works as a stocker at Walmart and enjoys listening to Muse to unwind. They engage in a conversation with someone who has a business degree and lives off a trust fund, discussing their mutual love for music and refined tastes, including wine and pedicures. The user expresses a preference for vegan foods and mentions enjoying fruits, while also showing interest in dogs, asking if the other person has one.","The user, who is preparing to start college in three months and works as a stocker at Walmart, expresses anxiety about their upcoming studies while discussing their interests. They mention their vegan lifestyle and their love for music, particularly Muse, which they use to unwind after work. The conversation partner, currently unemployed and living off a trust fund, shares their enjoyment of wine and suggests a delicious meal of fruits and reggaeton. The user also inquires about the partner's pets, revealing they have a dog and expresses interest in dogs in general. The conversation highlights their friendly exchange and mutual interests."
"The user, a woman who enjoys weekend shopping and wears a size 12, expresses her interest in taking a cruise to Europe despite never having been on one. She shares her experiences with dance lessons alongside her boyfriend, humorously mentioning her large feet. The conversation touches on the challenges of body image, as she faces teasing about her size, which the other person empathizes with. They bond over their shared experiences and suggest the idea of shopping together in Europe.","The user, a woman who wears a size 12 and enjoys shopping on weekends, shares her passion for weekend shopping and her upcoming trip to Europe, despite her size 12. She mentions her iPhone 7 and her concern about not eating seafood due to an allergy. The conversation touches on her dance lessons with her boyfriend and her experiences with her large feet, which she humorously notes are a common issue among women. The other participant, who identifies as straight and expresses interest in women, suggests they could connect over their shared experiences and plans to shop together in Europe. The user, however, clarifies that she is not romantically interested and prefers to shop alone. Despite this, they maintain a light-hearted and friendly exchange.
Your"
"The user expresses frustration about working excessive hours in a factory, leading to stress and unhealthy eating habits. They find solace in watching UFC fights, particularly admiring Connor McGregor, but lament their lack of time to enjoy it. The user dreams of escaping their routine with a Corvette to travel the world, feeling that their life would be complete if they could do so. They also wish they had the time and ability to exercise like UFC fighters, acknowledging that achieving such fitness seems out of reach for them.","The user, who enjoys watching UFC fights and works long hours at a factory, expresses stress from work and struggles with eating. They consider UFC as a way to unwind and travel, although they feel they lack time for travel due to their job. The conversation touches on the idea of escaping work through a Corvette, which the user would find appealing, despite their factory farming lifestyle. They also share a desire to become fit like UFC fighters, acknowledging their lack of current exercise. The user reflects on their dissatisfaction with their job and the laws that govern it."
"The user, a yoga instructor who loves horses and collects seashells, shares their weekend plans, which include teaching two yoga classes and taking their two Chihuahuas, Libby and Billy, out. They express a desire to go to the beach for seashells but mention concerns about Hurricane Irma, although they are no longer in danger. The user also reflects on the stress of moving their horses during the hurricane and expresses gratitude for their son's help, noting that they are fortunate to be further north and safer from hurricanes.","The user, a yoga instructor who loves horses and collecting seashells, shares that they have two Chihuahuas, Libby and Billy, and plans to take them to yoga class. They mention their upcoming classes and express concern about Hurricane Irma, which forced them to move their horses. The conversation partner has a rescue mutt named Lucy and is located far north, sharing a similar experience of needing to evacuate due to hurricanes. The user expresses gratitude for their supportive son who helped them get through the stressful situation. The conversation highlights their shared interests and concerns about weather and pets."
"The user, a Buffalo Bills fan from Syracuse, NY, currently studying to become an English teacher at Union College, enjoys arts and crafts and drawing. They engage in a conversation with a parent from Georgia, who juggles family life while expressing a preference for music over football due to its controversies. The user shares their aspiration to study abroad in Spain and teach English there, while the parent expresses a desire to visit Spain if time permits.","The user, a Buffalo Bills fan and current student at Union College studying English and aspiring to be a teacher, shares their hobbies, including watching the team play and juggling while watching movies. They mention their family has season tickets and express a desire to study abroad in Spain after graduation. The conversation touches on the current political climate regarding football, with the user noting their focus on education. They also discuss their love for various music genres and express a fondness for English language arts. The other participant, who has five kids and teaches, suggests studying in Spain as a potential destination. The user encourages them to visit and expresses a desire to teach English in the country. The conversation highlights their shared interests in arts and crafts, with the user highlighting their commitment to education"
"The user, the youngest of four siblings and a college graduate, engages in a light-hearted conversation about their lives. They mention tending to a farm and express a cautious attitude towards cars due to losing an arm in an accident. The other person shares that they are studying business administration and dating someone they met at school. The user maintains a sense of humor despite their past experiences and confirms their status as the youngest sibling.","The user, a farmer and youngest of four siblings, shares that they lost an arm in a car accident and are currently focused on family and farming activities. They engage in a conversation with a business administration student, discussing their backgrounds and experiences. The user mentions their relationship with Luis, a girl they met at school, and expresses a fear of cars due to their past accident. The conversation highlights their family-oriented persona and sense of humor. The student, who is also the youngest of four siblings, inquires about the user's relationship status. The user responds that they are not in a relationship but are very busy with their family and farm responsibilities. The conversation reflects a friendly exchange between individuals with different backgrounds and experiences."
"The conversation features a user who is a pilot with two beagles named Chance and Boomer, discussing their night with another individual who claims to be part of the Facebook team and donates time and money to charity. The user expresses admiration for the other person's job and shares their own enjoyment of flying airplanes. They reminisce about their childhood pets while discussing their financial success, with both acknowledging their good fortunes in their respective careers. The user maintains a friendly tone, showing humility despite their high income.","The user, a pilot with a background in the military, shares that they are doing well and excited to learn about the Facebook team. They mention making a significant donation of time and money to charity and express a desire to become a computer programmer. The conversation reveals their love for flying airplanes, which provides them with unique perks, while the other person has two pit bulls and enjoys spoiling them with their high salary. The user humorously acknowledges their financial success and the joy of their job. The other person compliments the user's lifestyle and shares their own experiences with pets. The conversation highlights their camaraderie and mutual interests."
"The user, who enjoys fishing, dogs, and cooking, is from Kansas and has three dogs, including a poodle named Nanette. They are conversing with someone from New York City who works on Wall Street, which the user finds uninteresting due to its focus on money. The user expresses a desire to learn about investments for a more comfortable life and mentions that Kansas City is known for jazz, which they enjoy listening to while cooking.","The user, who enjoys fishing, cooking, and has three dogs, engages in a conversation with someone from New York City. They discuss their locations, with the user in Kansas, who is known for its good fishing, and the other person in New York City, who works on Wall Street and has a fondness for smooth jazz music. The user shares that they take their dogs fishing and expresses interest in learning investments to improve their financial stability. The conversation touches on the challenges of growing up due to their father's tough car sales job. The other person mentions their love for music and suggests that their father's profession might have influenced their interest in finance. The user also highlights their love for dogs and cooking while maintaining a light-hearted and inquisitive"
"Charlie, who holds three jobs as a cashier, journalist, and DJ, recently proposed to his girlfriend of three years and dreams of becoming a baseball announcer. In a conversation with Jan, who is mourning her late husband of 58 years, Charlie expresses his love for watching South Park daily and listening to rock music, particularly Avenged Sevenfold. They discuss their hobbies, with Jan enjoying gardening and Charlie considering music and TV as his main interests.","Charlie, who recently proposed to his girlfriend of three years, shares his feelings of loneliness after the death of his husband. He is a journalist and aspiring to become a baseball announcer, while also working as a cashier and DJ. He enjoys watching South Park daily and has a strong affinity for rock music, particularly Avenged Sevenfold. In contrast, Jan, who is 77 years old and in mourning over her late husband, enjoys gardening and spending time with family on Saturdays. They discuss their interests, with Charlie expressing his love for music and TV, and Jan mentioning her coffee addiction. Charlie also shares his hobbies, including gardening, while Jan shares her love for black coffee and plants. The conversation highlights their differing lifestyles and interests, with Charlie aspiring"
"The user, a 25-year-old Ford enthusiast who owns a black Ford F150 truck, is excited about moving to San Diego from Oregon, where they currently work at a gas station. They express a love for cars, particularly Ford vehicles, and enjoy road trips, although they haven't traveled much this year due to work commitments. The conversation touches on the user's interest in the band Rancid and their family background, including a famous dancer mother.","The user, a 25-year-old who enjoys Ford cars and trucks, is excited about moving to San Diego and has a black Ford F150 truck. They work at a gas station and spend a lot of time at them. The user enjoys road trips and traveling, while the other person lives in Oregon and has a band called Rancid, which encourages travel. The user is 26 in May and has no siblings or pets. They express a strong affinity for Ford vehicles."
"The user, who is a retail worker and a music enthusiast attending at least 10 concerts a year, engages in a conversation about intelligence and work, revealing that they have never taken an IQ test due to their busy schedule. The discussion takes a somber turn when the user shares their painful experience of losing their parents in a plane crash, expressing a desire to travel but feeling constrained by finances. They relate to the other person's financial struggles, noting they spend too much on concerts.","The user, who identifies as a fan of Lady Gaga and Madonna, engages in a light-hearted conversation about intelligence, expressing a lack of experience with IQ tests due to their retail job. They share personal memories about the tragic loss of their parents in a plane crash, which evokes feelings of sadness and longing. The conversation touches on the user's passion for music and their desire to travel, despite financial constraints, while also acknowledging the burden of attending concerts, which they feel contribute to their worries. The exchange reflects a mix of personal reflection and playful banter about IQ and experiences.
Persona: lady gaga is my current favorite singer. madonna is my all time favorite. i work in retail. i go to at least 10 concerts"
"The user, a stay-at-home mom with two children and a husband who is a pastor, shares that she has just put her kids to bed and sells clothing on Facebook. She engages in a conversation about spirituality, revealing her strong religious background while discussing a friend's concerns about coming out as Wiccan to her parents. The user expresses understanding of different beliefs, mentioning her lack of interest in cleaning, which she humorously hopes is forgiven by God.","The user, a mother of two who sells clothing on Facebook and is the wife of a pastor, shares that she has just put her children to bed and expresses her strong spiritual values, emphasizing the importance of God in her home. She mentions her concern about her parents' reaction to her decision to become Wiccan, despite her belief in the existence of Wiccan-aligned individuals. The conversation touches on her past upbringing in a non-religious home and her worry about her parents' acceptance of her unique perspective. The user also notes her concern about her Wiccan beliefs, acknowledging that she hasn't disclosed this to her parents yet. The conversation reflects her focus on family and personal spirituality while also acknowledging the complexities of personal beliefs."
"The user, a fisherman from Cape Hatteras, is excited about going boating and fishing today, expressing a particular fondness for rock fish and tuna. They engage in a friendly conversation, mentioning they are not married and are busy with their fishing job, while congratulating the other person on their pregnancy. The other participant shares that they live in New Jersey and that their husband works as an engineer.","The user, a fisherman living in Cape Hatteras, shares that they are going on a boat fishing trip today and enjoys eating tuna. They mention being married and have a pregnant wife, while the other person is not married and lives in New Jersey. The user expresses interest in rock fish, highlighting their love for fishing. The conversation also touches on the user's job at their fishing business and their hobbies. The other person reveals they are from New Jersey and works as an engineer. The user confirms they are in Cape Hatteras and inquires about the other person's location. The conversation concludes with the user expressing their favorite fish, rock fish. The other person responds that they are not married and live in New Jersey. The user confirms they are in"
"The user, who walks three miles home every night and works at McDonald's in Evansville, Indiana, shares that they always wear purple and have a favorite Mortal Kombat character, Milena. They engage in a friendly conversation, discussing their well-being and favorite colors, revealing their strong preference for purple clothing.","The user, who walks three miles home every night and works at McDonald's in Evansville, Indiana, engages in a friendly conversation about their well-being and interests. They express gratitude for the chat and share that they are looking for krav maga classes in their area. The other person mentions their favorite color is green and reveals they own a variety of purple items, including clothing. The user inquires about the other person's profession, but the other person does not answer. The conversation highlights their shared interests and casual exchange."
"The user, who enjoys working on cars, classic rock music, and trying different beers, engages in a conversation about reading horror stories but expresses a dislike for them due to fear. They agree to go to the lake but prefer not to have dogs accompany them, leading to a mutual understanding. The conversation ends with a question about the user's spare time activities.","The user enjoys working on cars and has a passion for various music genres, particularly classic rock. They are currently in a conversation about reading horror stories, which they find creepy, and express a preference for not being scared. They suggest going to the lake together, but the user is hesitant due to their fear of horror stories. They also mention their dogs would accompany them to the lake, but the user prefers not to have them there. The conversation concludes with a friendly exchange about interests and preferences."
"The user, a free-spirited hippie with curly red hair and two tattoos, engages in a lighthearted conversation about recycling and college life. They offer to pick up the other person's recycling with their large blue van while discussing their temperamental dog, Socks. The user expresses a love for dogs and everyone, promoting peace and dancing, and shares that they have dancer tattoos on their ankle, encouraging the other person to consider getting tattoos despite the pain.","The user, a hippie with curly red hair and two tattoos, engages in a conversation about recycling and their large blue van. They express interest in helping with recycling and mention their dog, Socks, who is temperamental with new people. The user shares their love for dogs and dancing, revealing they have two dancers tattooed on their ankle, despite the discomfort. They conclude with a light-hearted exchange about the user's positive attitude and love for dogs and dancing. The conversation reflects their laid-back and whimsical persona."
"The user discusses their willingness to forgive friends for damaging their car, expressing a moderate interest in Harry Potter, preferring the books over the movies. They share that their dad is a big fan, watching Harry Potter movies weekly. The user enjoys dining out with their family, especially on special occasions, as it strengthens their bond. They note that their parents find happiness in eating out and taking drives in the country, activities they plan to continue enjoying in the future.","The user enjoys chatting with friends and going to the movies, particularly enjoying books that are part of a series. They prefer reading over watching movies, although they appreciate the Harry Potter films. The user often dining out with family on weekends, which they enjoy as a way to bond. They express that their parents are happy when they are together, and they recommend dining out as a way to celebrate special occasions. The conversation reflects the user's family-oriented lifestyle and their love for reading and spending time with loved ones. They also mention that they drive in the country with their parents, which they enjoy as a family activity. The user's parents are also fans of Harry Potter, which they share with the user. The conversation highlights their shared appreciation"
"The conversation features a cheerful lifestyle blogger from Celebration, Florida, who used to cheerlead in high school and is married with two kids. She shares her enjoyment of gorgeous weather and plans to spend time outdoors. The exchange reveals her fondness for pastels and glitter, while her conversation partner expresses a love for pink, even humorously mentioning dyeing their cat. They discuss their culinary preferences, with the blogger enjoying diverse cuisines when her kids are with a sitter, and both expressing a love for seafood.","The user, a lifestyle blogger from Celebration, Florida, enjoys the beautiful weather and plans to spend time outdoors later. They are passionate about food, particularly enjoying various cuisines and the color pink, and have a fondness for pasta, especially with seafood. The conversation touches on trends like pastels and the glitter trend, and the user shares that they have two kids and is married, expressing a love for family and life. They also mention their favorite color is green, while the other person prefers pink. The user encourages trying new foods and emphasizes the importance of family and fun."
"The conversation features a woman living in a rural area with her parents still married and several children. She shares that she enjoys playing soccer with her kids and knitting, while the other person, a lumberjack, talks about his job of cutting down trees. They discuss their food preferences, with her favoring meat and potatoes and him loving pancakes with syrup, which her children also enjoy.","The conversation features a woman who enjoys playing soccer in the backyard with her children and knitting. She shares her love for family activities and discusses her job as a lumberjack, expressing her hard work and the need to cut down various types of trees. The other participant, who identifies as a meat and potatoes type of gal, enjoys pancakes with syrup and has a fondness for the food. They bond over their shared interests in food and family activities. The woman also mentions her concern about the presence of bothers in her area that she should remove. The conversation highlights her family-oriented lifestyle and her enjoyment of food."
"The conversation features a user who enjoys junk food, identifies as a couch potato, and loves comics, engaging with an athletic individual who plays basketball and has been drafted by the Minnesota Wolves. The user expresses a desire to change their lifestyle and stop being inactive, while also discussing their interest in comic books and proposing a potential investment in a comic book store. The athletic person offers to lend money due to their high earnings and suggests working out together to help the user become more active.","The user, a couch potato who eats junk food and has never worked, engages in a light-hearted conversation about sports and aspirations. They express enthusiasm for comic books and mention their love for comics, while also humorously discussing their past as a prospect for the Minnesota Wolves. The conversation includes a playful offer to lend money and an investment opportunity in a comic book store, with the user expressing excitement about their shared interests. The user also mentions their commitment to a moral clause from their college days at North Carolina University. The conversation reflects their positive outlook on life and their love for comics.
Persona: i am a comic book nerd with a laid-back attitude. i eat junk food and am trying to get back in shape. i used to be"
"The user, a music teacher who plays the violin and enjoys horror movies, engaged in a conversation with someone who previously worked as a mechanic and now builds computers. They discussed their interests, including the user's favorite color, red orange, and a movie titled ""orange red."" The user humorously mentioned collecting lint, while the other person collects bugs. They also shared their childhood aspirations, with the user expressing gratitude for science, which led them to their current path.","The user, who aspires to be a music teacher and enjoys watching horror movies, engages in a conversation about their interests. They mention building their computer and express a fondness for the color red orange, which is also their favorite color. The user shares their background as a mechanic, revealing their interest in cars, and collects lint, which they label with location. They also collect bugs and have a collection of horror movies, expressing a love for both. The conversation highlights their diverse interests and aspirations. Additionally, they mention their favorite movie, ""Orange Red,"" and inquire about the other person's favorite movie. The other person responds positively, showing interest in the user's shared interests. The conversation concludes with a friendly exchange about their interests.
Your"
"The user, who cherishes their beautiful children and finds joy in their wife's presence, is currently getting a pedicure and waiting for their wife to return home. They have been married for twenty years and have a dog, although they are allergic to cat hair. The user used to pursue acting and now works, expressing a desire to retire soon. They enjoy family time and are content with their life, contrasting with the other person who is single, has a son named Owen, and mentors beauty contestants while reminiscing about their own pageant days.","The user, a parent who loves his children and finds joy in his wife's smile, is currently waiting for her to arrive while chatting with a single parent who has a son named Owen. The user expresses his long marriage of twenty years and shares his aspiration to become an actor in his younger years, although he now works. He looks forward to retirement, although he acknowledges that it will be years before he can retire. The conversation also touches on hobbies, with the user mentioning his love for makeup tutorials and his family, while the other person shares their interests in drawing and their previous experience in pageantry. The user concludes that he is content with his life, indicating a sense of satisfaction with his family and lifestyle."
"Lucy, a mother of three named after her grandmother, enjoys walking to her best friend's house nearby. She converses with Katana, a nursing student living with bandmates, who has a pet horse and drives an old pickup truck. They bond over their love for indie music and share details about their lives, including Lucy's Honda Civic.","In a friendly conversation, the user, who has three children and is named after their grandmother, introduces themselves and shares that they drive a Honda Civic. They mention that their best friend lives down the street and that they take walks with them. The other person is a nursing student at odu and has no children, while the user has three children and lives near their best friend. They discuss their music preferences, with the user expressing a love for indie music and inquiring further about the other person's band. The conversation highlights their close-knit family and shared interests in music and daily life.
Persona: i have three children. i am named after my grandmother. i drive a honda civic.
Conversation History: hi how are you doing today"
"Alexandra, a painter who loves the beach and aspires to be a museum curator, shares her enthusiasm for the Beastie Boys and coffee with cream. She connects with Penny, who enjoys surfing and reading at the beach, about their mutual love for pandas, particularly a funny video of a baby panda. Alexandra mentions her experience trying to paint a panda, noting its difficulty, and expresses her goal of showcasing her artwork in a museum one day.","Penny enjoys surfing and reading on the beach, while also expressing a love for the Beastie Boys and coffee with cream. She shares her passion for painting, particularly enjoying the beach, and mentions her recent trip to New York City, where she watched pandas and tried to paint a panda, although she admits it's challenging. As a museum curator, she plans to showcase her paintings in a museum. The conversation reflects her lighthearted personality and interests, highlighting her enjoyment of art and coffee."
"The user, a student at the University of Michigan who works part-time at a pet store, enjoys their off-season while chatting with a professional ball player. They express a fondness for animals, reminiscing about a dog they had growing up, and currently own a parakeet. Despite living with three roommates, they are considering a career as an art teacher rather than pursuing veterinary studies. The user shares personal details, including their favorite color being orange and a love for gummy bears, while also noting their lactose intolerance.","The conversation features a friendly exchange between two individuals, where one is a pro basketball player enjoying the day while the other is a student working part-time at a pet store. The student shares their love for animals, mentioning they had a dog growing up, and expresses a fondness for gummy bears. The basketball player reminisces about their past with a dog and discusses their aspirations to become an art teacher, while also noting their lactose intolerance. The student is currently at the University of Michigan and is studying in their major, while the basketball player is in school at the University of Wisconsin. They also touch on the challenges of having pets in a crowded living situation with roommates."
"Tammy and Jim engage in a friendly conversation where they share personal details about their lives. Tammy, who recently got engaged, has no siblings and expresses her desire for a vacation in Paris, where she is looking for a musician for her wedding. Jim, who has three brothers, enjoys drawing animated pictures and mentions his mother's role as a music teacher. They discuss their artistic pursuits, with Jim expressing a wish to learn dancing in the future, while Tammy shares her extensive dance background. They also touch on the challenges of travel expenses for the wedding musician.","Tammy and Jim engage in a friendly conversation, introducing themselves and discussing their backgrounds. Tammy shares that she has three brothers and recently got engaged, while Jim mentions he has no siblings but is a dance enthusiast. They bond over their interests, with Tammy expressing her aspiration to become a musician and seeking help with her new apartment. The conversation touches on the financial aspects of her wedding in Paris, with Tammy needing a vacation from her current living situation. They also discuss the possibility of hiring a local musician for the wedding. The exchange highlights their shared interests and aspirations while also acknowledging the challenges of their respective situations. Tammy's mother teaches music, which she hopes will inspire her own dancing. The conversation reflects a supportive and friendly dynamic between"
"The user, who works at a coffee shop and is in a grunge band with their sister, engages in a light-hearted conversation with someone impersonating President Trump. They discuss financial struggles, with the user mentioning their parents are teachers and the challenges of having an eyebrow piercing when seeking employment. The conversation touches on job creation, personal experiences, and the impact of recent hurricanes, with the user expressing gratitude for their family's safety. The tone remains friendly and supportive, emphasizing the importance of prayer amidst turmoil.","The conversation features a user who works at a coffee shop and is currently on break. They express admiration for President Trump and discuss their sister's role in their grunge band, which provides extra income. The user mentions their parents are teachers and shares a humorous take on their eyebrow piercing, suggesting it might be an easy solution to their financial struggles. They express a desire to live in a small town, specifically Houston, and connect with another participant who is a single father and minister from a small town. The exchange reflects a shared concern for the impact of a recent hurricane and a hopeful outlook on the situation. The user also mentions their own experiences with grief and loss from recent tragedies. The conversation concludes with a mutual desire for peace and support.
Persona"
"The conversation features two individuals, both named Charlie, who bond over their shared interests. One is a private in the army on leave, while the other is an artist who recently purchased hoop earrings. They both express a love for pizza and late nights, with the artist mentioning a desire to create earrings and art with food. Their mutual interests in art and pets, particularly cats, create a friendly and relatable exchange.","Private Bryan, who is home on leave from the army, chats with an artist who recently bought hoop earrings and enjoys nighttime activities. They bond over their shared love for pizza, with the artist expressing a desire to create their own earrings. The conversation highlights their mutual interests and the challenges of being on time, as well as the artist's late-night habits. They both agree on their favorite foods and the joys of late-night dining."
"The user, who recently moved to Sweden, is in high spirits despite searching for their glasses. They enjoy hiking glaciers and are about to eat lutefisk, which they consider the best dish in the world. They express enthusiasm for healthy eating and mention an upcoming concert by their favorite band, Marduk, indicating excitement but also a humorous sense of losing their mind amidst it all.","The user recently moved to Sweden and enjoys hiking glaciers, expressing a love for the band Marduk and the dish lutefisk, which they believe is the best in the world. They are currently searching for their glasses while the other person is about to eat it. The user is not interested in the health benefits of lutefisk but acknowledges its deliciousness. They plan to attend a concert by Marduk, but are not interested in the show due to a recent incident where they lost their mind. The conversation highlights their adventurous spirit and unique culinary preferences."
"The user, a professional gamer who loves League of Legends and dogs, engaged in a light conversation about pets, expressing their desire for a dog. They learned that the other person has a lizard named Ragini, which sparked a discussion about video games. The user lives independently, while the other person takes care of their mother, leading to a brief inquiry about her well-being.","The user, a professional gamer who loves playing League of Legends and has a passion for dogs, expresses a desire to find a dog due to their love for pets. They mention living alone and taking care of their pet lizard named Ragini, referencing Harry Potter. The conversation touches on the user's interest in video games and their current single status, while also acknowledging the challenges of living with their mother. The other participant has a dog and shares their experiences with pets. The user reflects on their love for dogs and their desire to connect with another dog owner. The conversation concludes with a question about the other person's living situation."
"The user, an artist who enjoys nighttime and has a cat named Charlie, engages in a light-hearted conversation about food, particularly pizza and tacos. They humorously discuss cannibalism, joking about cooking and seasoning, while also mentioning their new hoop earrings. The conversation reflects the user's playful persona and love for art and quirky topics.","The user, an artist who enjoys nighttime activities and has a cat named Charlie, engages in a light-hearted conversation about their shared interests. They express a love for pizza and mention ordering it while the other person shares their fondness for Mexican tacos and watching movies. The user humorously discusses their lifestyle, mentioning they sometimes kidnap kids for food and their unique culinary creations, including glazed meats. They also reveal a quirky detail about having hoop earrings, which they bought from one body. The conversation reflects a friendly and playful exchange about food and interests."
"The user, a nurse with a decade of experience in the emergency room, is currently on a break and enjoying reading. They humorously refer to themselves as ""Dr. Pepper"" due to their favorite drink, which they credit for helping them through their divorce. They express a fondness for tacos and other Mexican food, while the other person in the conversation dislikes tacos and enjoys swimming during the day.","The user, a nurse who works in the emergency room and has been divorced for ten years, enjoys reading and is currently on break. They express a fondness for Dr Pepper, humorously noting that their only doctor is a Dr Pepper. The conversation touches on the user's long-term employment in the ER and their enjoyment of swimming during the day, while also sharing a mutual dislike for tacos, which the user loves. The user reflects on their divorce as a source of strength, contrasting it with the other person's negative experience. The conversation highlights their shared interests in food and drinks, with the user favoring Dr Pepper and enjoying tacos, while the other person expresses a dislike for tacos. The user also mentions their divorce as a significant life event"
"The user, a 30-year-old colorblind individual living at home, is passionate about baking, cooking, and spending time with family and dogs. They hold an associate's degree in marketing and a bachelor's degree in psychology, and they volunteer as a firefighter, although there are few fires in their area. Currently, they are working on opening their own grocery store, which aligns with their love for grocery shopping. They express interest in special glasses designed for colorblind individuals and share a sense of connection with others who have moved away from home.","The user, a 30-year-old who lives at home and has a college degree in marketing, is colorblind and is currently involved in opening their own grocery store. They enjoy baking and cooking, and they volunteer as a firefighter. The conversation partner, who has a psychology degree, shares their love for baking and cooking, and they bond over their mutual interest in grocery shopping. The user mentions their family and dogs as hobbies, while the partner expresses a passion for traveling and spending time with family. The conversation highlights their shared interests and experiences."
"The conversation revolves around two individuals connecting over their shared experiences of disability and their love for food and sunsets. One user works 60 hours a week, enjoys watching sunsets, and has a routine of eating breakfast before going back to bed. They express contentment with their life despite their challenges. The other user participates in civil war reenactments and shares a passion for cooking, particularly pasta and salads. They discuss their favorite foods, with one favoring Mexican cuisine and the other expressing difficulty in finding good salads lately.","The user, who works 60 hours a week and enjoys sunsets, engages in a conversation about personal well-being and shared experiences. They express a desire to eat breakfast and go back to bed, while also discussing their feelings of being disabled and trying to find employment. The conversation reveals a connection between the user and another person who is also disabled, sharing a mutual love for food, particularly pasta and salads, and discussing their cooking preferences, with the user favoring pizza and enjoying Mexican food. The user finds it challenging to find good salads lately. Overall, the conversation reflects a supportive exchange about shared experiences and interests."
"The user, a nurse and mother of five who enjoys visiting national parks and plays the violin, engages in a conversation with someone who recently lost their job as a farm hand and is dealing with personal issues, including a recent divorce. The user expresses sympathy for his situation and shares her own experience of being married for 18 years, having met her husband in college. They bond over their mutual interest in reality TV, while the user mentions her desire to explore national parks as part of her bucket list.","The user, a nurse who enjoys visiting national parks and plays the violin, shares that they just finished work and are currently on a job search. They mention their long marriage of 18 years, which they met in college, and express concern about their wife's recent job loss as a farm hand in Kansas. The conversation touches on the user's desire to find a new home, particularly in a warmer climate, and their interest in reality TV shows, while also expressing a desire to visit more national parks. The other participant, who has been married for 18 years, shares their own experiences of loss and suggests teaching the user to farm. The conversation reflects a supportive and empathetic exchange about personal struggles and aspirations."
"The user, a juggler working in the family circus, is busy planning a trip to Europe, specifically Milan and Paris, for shopping. They enjoy going to the movies and have two golden retrievers, which they prefer to hang out with over going on a cruise. The conversation partner has a Great Dane and doesn't work, stating they just play. The user suggests mixing juggling into their dance classes, highlighting their active lifestyle.","The user, who works as a juggler at the circus and has a passion for visiting the movies, is excited about planning a trip to Europe, specifically visiting Milan and Paris for shopping. They have two golden retrievers that they enjoy spending time with, while the other person has a big dane. The user mentions their active lifestyle with their dogs and their preference for staying home rather than going on a cruise ship. They also share that their father and grandfather were also in the circus business, inviting the other person to join them in a dance class. The conversation highlights their shared interests in dogs and the user's family-oriented job. The other person expresses interest in the user's circus career and invites them to dance, which the user"
"The user, who is going bald, dislikes flowers, plays the piano, and makes their own clothes, engaged in a conversation about hobbies and work. They mentioned staying active and enjoying reading, while the other person shared their passion for music and their job writing for a gaming magazine. The user is a student at ASU studying public relations and primarily makes clothes for themselves and occasionally for others. The conversation concluded with both acknowledging their early morning commitments and wishing each other well.","The user, who is experiencing stress from going bald and dislikes flowers, is currently making clothes and plays the piano. They engage in a conversation about hobbies, revealing that they stay very active and enjoy reading. The user works as a student at ASU and is studying public relations, while also mentioning their passion for sewing, which they have used to make clothes for others. They express excitement about their upcoming class and wish the other person good luck in their studies. The conversation concludes with the user needing to prepare for class early in the morning. The other person mentions they are not taking fashion classes. The user appreciates the exchange and plans to continue chatting."
"The user, who loves kids, dogs, and food, had a great weekend spending time with their children and pets while enjoying good food. They discussed their weekend experiences, including a friend's exclusive consumption of French fries and the user's love for poutine, which they encouraged the friend to try. The conversation revealed the user's humorous take on being a poor student struggling with math and their ongoing connection with college friends. They also shared a recent shopping trip where they bought a fall sweater in burgundy, a color they like for its ability to hide food spills, playfully noting their stylishness to their kids.","The user, a foodie who loves kids and dogs, shared that they spent their weekend with their kids, doggies, and enjoying good food, particularly poutine. They mentioned not having French fries due to their love for the dish. The conversation also touched on the user's student status and their desire to maintain contact with their college friends, who enjoyed shopping and found a good sweater for the fall season. The user expressed their style, mentioning they wear burgundy in the fall, and playfully retorted that their kids would be impressed. The exchange highlighted their lighthearted personality and interests."
"The user, who enjoys playing Quake on Slackware Linux and has a deep love for animals, shares a cheerful conversation with another person. They discuss their day, hobbies, and backgrounds, revealing that the user has three dogs and two cats, while the other person used to act but now works for an online seller. The user expresses excitement with frequent exclamation marks and mentions their two moms, who express their love during calls.","The user, who enjoys playing Quake on Slackware Linux and has a fondness for animals, engaged in a friendly conversation about their day and hobbies. They mentioned spending time with their animals and expressed a love for animals, while the other person revealed they do not have children and only have two moms. The user also shared their past experience as an actress but now works online. The conversation highlighted their shared interests in pets and gaming, with the user emphasizing their independence from family. Additionally, the other person mentioned their love for what they do, while the user remained focused on their pets and their two moms."
"The user, who dislikes vegetables and fruit but pretends to like them, shares their frustration about being kicked off a bus after standing in the doorway and refusing to ride. They find humor in the situation and express a preference for the simplicity of country life, contrasting it with the challenges of city living. The user mentions their family's dairy farm, describing daily life there as adventurous, while also admitting they would rather play badminton than work.","The user expresses frustration about being kicked off a bus, which they humorously relate to their experience of living in the city and dealing with buses. They prefer the simplicity of country life, contrasting it with the user's preference for playing badminton over basketball, despite acknowledging that they are not very good at basketball. The conversation reflects the user's light-hearted personality and their appreciation for small pleasures, such as enjoying a day at the farm. Additionally, they mention their father owns a dairy farm, which they find amusing, as they would rather play badminton. The user also humorously notes their limited work days and their preference for country life over the city. Overall, the conversation highlights their humorous perspective on everyday life challenges."
"The user, who works at a craft store and is passionate about crochet, shares their love for Halloween and driving their hearse, especially while listening to alternative rock. They mention that they crochet linings for coffins, showcasing their unique interests. In contrast, the other person prefers the Backstreet Boys and enjoys cheese tasting events, expressing a more conventional lifestyle. Despite being 78, the user feels youthful and adventurous.","The user, who works in a craft store and enjoys alternative rock music, shares their passion for Halloween, mentioning they drive a hearse and crochet items. They engage in a conversation about hobbies, revealing that they do not have many and prefer staying home. The user expresses a fondness for alternative rock music, while the other person prefers the Back Street Boys. They discuss their interests, including crocheting and the art of making coffins, and humorously acknowledge their age as they are 78, while still feeling young. The conversation highlights their lighthearted personality and interests."
"The user enjoys sunny days and values winning, as reflected in their light-hearted approach to a date and a bet regarding their dad's pet. They recently worked out and are now relaxing with healthy food, specifically carrots, while discussing the beautiful early fall weather in the Midwest. The conversation also touches on concerns about Hurricane Irma, with the user expressing empathy for those affected and frustration over their dad's refusal to evacuate. Coffee is mentioned as important to them, and they anticipate an interesting interaction with the other person.","The user expresses a desire to date someone more fun after working out and mentions their love for sunny days and coffee, emphasizing its importance to them. They humorously discuss their coffee habit and the challenges of dating, while also sharing concerns about Hurricane Irma affecting friends heading to safety. The conversation reflects a friendly exchange about personal interests and shared experiences, including worries about family and the impact of the storm. The user connects over their mutual concern for the situation and expresses empathy for those affected. Additionally, they mention their Midwest location and the user's concern about Florida. The conversation highlights a supportive and empathetic tone throughout."
"The user, a CPA at a large accounting firm, shares that they just returned from swimming on a hot day and expresses their dislike for working on Sundays. They are currently trying to find their biological parents, revealing that they are adopted and an only child, which they feel may contribute to their inability to engage in loving relationships. They appreciate their adoptive parents and wish they had siblings. The conversation also touches on their workaholic tendencies as a distraction, while the other person shares their own background and coping mechanisms, such as swimming and going to the gym.","The user, an only child and adopted accountant at a large firm, shares that they just returned from swimming, which they enjoyed despite their work schedule. They express a desire to find their biological parents, mentioning their Greek heritage. The conversation touches on the user's perspective on being adopted, which may contribute to their work habits and lack of interest in love. They also mention their workaholic tendencies and their use of swimming and the gym as distractions from their relationships. The other participant, who is Indian and Greek, expresses sympathy for the user's situation and inquires about their biological parents. The user reflects on their Greek heritage and their feelings about being adopted, while also acknowledging their work commitments. The conversation highlights themes of family, identity, and"
"The conversation features a high school female who enjoys skateboarding and has blonde hair. She shares that she's feeling tired from school and dislikes rainy days, as they affect her hair. The other participant, who enjoys writing poetry and other hobbies, agrees about the drawbacks of rain but appreciates the opportunity to sleep in. They discuss their interests, with the user expressing her love for pizza and working at a pizza shop, while also mentioning her favorite TV show, ""That '70s Show."" The exchange highlights their shared interests and the user's upbeat personality despite the challenges of school and weather.","The conversation features a high school female who enjoys skateboarding and has blonde hair, discussing her day and hobbies with another person. She mentions the challenges of having long hair in the rain and the need to get up early to attend school. The other person shares their interests in writing poetry, fishing, biking, and watching TV, highlighting their intelligence and education. They bond over their love for pizza, with the female expressing her preference for various types of pizza. The conversation reflects a friendly exchange about hobbies and interests, with the female emphasizing her active lifestyle and her unique perspective on food and TV. Additionally, she mentions her job at a pizza shop, which she enjoys."
"The conversation revolves around a user sharing their remarkable journey from bankruptcy to wealth, attributing their success to a shift towards minimalism and living below their means after previously running a casino and succumbing to greed. The user expresses a desire for financial stability, acknowledging the challenges of letting go of certain comforts. They reflect on their past selfishness and indicate a readiness to find companionship, contrasting their previous solitary lifestyle.","The user, who enjoys video games and has a boyfriend in Italy, engages in a conversation about personal stories, revealing their journey from bankruptcy to becoming a wealthy businessman. They express a desire to live simply and share their experiences with others, while also contemplating the value of money. The user reflects on their past as a selfish individual and expresses a desire to find a new family or relationship now, indicating a readiness to connect again. The conversation highlights themes of ambition, financial success, and personal growth. The user also mentions their long hair, which they feel adds to their persona. Overall, the conversation reflects a user who values financial independence and seeks to connect with others."
"The user, a lesbian singer who enjoys cooking breakfast for her girlfriend every Sunday, is preparing for a gig tonight where she performs rock music. She acknowledges that she doesn't treat her girlfriend as well as she should, admitting to being a bit selfish at times. In contrast, the other person works at a boring desk job and enjoys football, discussing their favorite team.","The user, a lesbian who enjoys cooking breakfast on Sundays and singing rock music, is preparing for a gig as a singer. They engage in a conversation with someone who works at a desk and has a significant other, discussing their respective lifestyles and feelings. The user expresses a desire to treat their girlfriend better but admits to sometimes being selfish, reflecting on their own experiences as a woman. They also share a mutual interest in football, prompting a question about favorite teams. The conversation highlights their connection and shared experiences while also acknowledging personal challenges."
"Nick, who has red hair and prefers reading over music, is currently binging ""The Walking Dead"" on Netflix and reading the ""Game of Thrones"" books. He enjoys discussing literature, mentioning his love for ""Harry Potter"" and recently finishing ""The Blackwater Lightship,"" which explores an Irish family's struggles with their son's AIDS diagnosis. Although Nick doesn't have Irish heritage, his girlfriend does.","Nick, who has red hair and enjoys reading, is currently binge-watching ""The Walking Dead"" on Netflix and is reading ""Game of Thrones."" He shares his love for Harry Potter, mentioning he is dyeing his hair back to black. While he prefers reading over music, he expresses his fondness for the books, particularly ""The Blackwater Lightship,"" which he describes as an Irish family's struggles with their son's HIV. He also notes that his girlfriend has an Irish heritage, although he does not himself."
"The user expresses a fascination with Canadian women and enjoys ginger snaps, while also sharing that they have a father who was a member of the communist party. They work as a party planner and do stand-up comedy part-time. The conversation includes light-hearted banter about swimming while driving and the user's unique experiences, such as deep-sea diving in the Bahamas and occasionally going to the beach while asleep. The user humorously suggests there might be two people in the conversation, leading to a playful exchange.","The user expresses a strong attraction to Canadian women and enjoys ginger snaps. They mention their unique job as a party planner and their passion for stand-up comedy, while also sharing a love for deep-sea diving in the Bahamas and swimming while driving. The conversation touches on the user's interest in Canadian culture and their humorous take on the idea of having two dads, leading to a light-hearted exchange about the meaning of the words ""i think."" The user also humorously acknowledges their tendency to relieve themselves on roses, which they find intriguing. Overall, the conversation reflects the user's playful and lighthearted personality."
"The user, a devoted Rolling Stones fan and soda enthusiast, spent the day hanging out with their three kids. They shared that they are married to their high school sweetheart, while the other person is single and obsessed with basketball and cars. The user mentioned their constant soda consumption but balanced it with a commitment to working out, while the other person expressed a love for cars, particularly Ferraris.","The user enjoys spending time with their three kids and listening to The Rolling Stones, often mentioning their need for a soda at all times. They are single and do not have children, while the other person is married and enjoys sports, particularly basketball. The user works out hard to maintain their health and has a strong affinity for cars, especially Ferraris, and expresses admiration for The Rolling Stones. The conversation highlights their shared interests in music and sports, with the user emphasizing their love for soda and the Stones. The other person, who is not married, shares a similar interest in sports and cars. The user also mentions their habit of drinking soda, which they note is not healthy, while the other person enjoys it. The conversation reflects a friendly exchange about"
"The user, who has a playful persona and a fascination with vampires, expresses fear of sharks while discussing National Shark Bite Day. They mention knowing a vampire man and share that modern vampires prefer super beets over meat, which they find unappealing compared to their favorite food, shrimp. The conversation touches on the existence of vampires in New Orleans, where the user's mother is a palm reader, and includes a humorous anecdote about a vampire shark that terrorized a beach. The user enjoys hanging out with friends and is complimented on their comedic storytelling.","The conversation revolves around a user who enjoys spending time with friends and has a unique perspective on vampires, claiming to have met a vampire who still believes. They express a strong aversion to sharks, humorously suggesting that vampires exist on ""super beets"" and share their mother's connection to palm reading in New Orleans. The user enjoys reading and has a humorous take on vampires, referencing a fictional vampire who terrorized a New Orleans beach and humorously claims to be a ""vampire shark."" The exchange reflects the user's lighthearted personality and interests. Additionally, they mention their favorite food, shrimp, and share a quirky fact about vampires in New Orleans. The conversation also touches on the user's fear of sharks and their unique perspective on"
"The user, who dislikes vegetables and enjoys running, is from Georgia and is dreading starting private school. They recently had a dinner they regretted due to vegetables. They share a common interest in running with the other person, although they prefer riding their motorcycle. The user’s favorite clothing store is American Eagle, while the other person likes Hot Topic or Old Navy. They also discuss their favorite trucks, with the user favoring Chevy.","The user, who dislikes vegetables and enjoys running, is having a casual conversation about their day. They express anxiety about attending private school tomorrow, where their parents have enrolled them. The user shares their background from Georgia and mentions their preference for running over riding motorcycles, while also noting their favorite clothing store is American Eagle. They inquire about the other person's favorite truck. The conversation reflects a friendly exchange about personal interests and preferences."
"The user, a vegan literature student from France, engages in a conversation about exercise, sharing that they practice yoga before drawing. They mention their love for vegan tacos, contrasting it with the other person's favorite dish, a Thai peanut chicken bowl. The other participant, a paralegal, expresses appreciation for their job, while the user reflects on the differences in healthcare between France and the U.S., emphasizing that in France, people don't suffer financially due to illness.","The user, a literature student from France who enjoys drawing and is vegan, engages in a conversation about their interests and experiences. They mention practicing yoga before drawing and express a fondness for tacos, particularly vegan ones. The other participant, a paralegal, shares their love for animals and discusses their work in a legal setting, while the user highlights their unique perspective on life, comparing it to the beauty of France and the concept of ""fake chicken."" The conversation reflects a light-hearted exchange about food and work, with the user emphasizing their commitment to veganism. The other person also mentions their dislike for tacos and their admiration for the legal system in France. The user concludes by noting the challenges of working in a system that doesn't provide as much"
"The user, a graduate student studying to become a doctor, shares that they are working hard in school while their parents support them by paying their rent. They express a love for shopping, spending time with their dog, and eating sushi, as they are a vegetarian who eats fish. The conversation partner mentions their hobbies, including running, which helps them maintain a protein-rich diet. The user shows interest in learning new things, such as canning or whittling, and offers to teach about different types of sushi.","The user, a vegetarian who eats fish, particularly sushi, is currently studying to become a doctor and is supported by their parents as they pay their rent. They enjoy shopping, spending time with their dog, and learning new things, including canning and whittling. The conversation partner is focused on getting back in shape through running and emphasizes the importance of protein from their diet. The user expresses interest in learning about different sushi and suggests they could teach the partner about sushi-making. The partner is open to the idea of canning and whittling, showing interest in the user's culinary preferences. The user also shares their love for sushi, noting they do not eat meat but prioritize eating sushi for protein. The conversation highlights the user's dedication"
"The user, an art teacher who dislikes pizza and does not own a television, shares their passion for art and museums, particularly in New York City. They mention having visited museums with their recently ex-girlfriend and express admiration for temporary installations. The conversation partner, a writer of children's stories inspired by their ten nieces and nephews, discusses their family's love for visiting NYC. The user appreciates the vibrant art scene and the abundance of activities available in the city, including its many restaurants.","The user, an art teacher who dislikes pizza and works at a school, shares their passion for art and visiting museums, particularly the Museum of Modern Art in New York City. They mention their recent article about temporary installations and their love for visiting with family, mentioning their wife and ten nieces and nephews. The conversation reveals their interest in children's literature, inspired by their family, and their appreciation for the vibrant art scene in NYC, highlighting the abundance of restaurants in the city. The user also expresses a fondness for pizza, while the other person does not enjoy it."
"The user expresses a positive outlook, stating they are good and that ""God is good,"" and shares their daily routine of praying for their family's safety, especially before fishing trips. They reveal a fear of spiders and a condition that prevents them from going to high altitudes, which they manage with medication. The user mentions playing games in the morning, often with their four daughters, and notes a quirky habit of always putting on their left sock first.","The user expresses their morning prayer for their family and a fear of spiders, while also mentioning their condition that prevents them from going to high altitudes. They enjoy fishing at the lake and playing games with their socks, although they do not like going to mountains. The conversation touches on their concern about their condition and how it affects their fishing trips and gaming experiences. They also share that they take several medications to help manage their condition. The user reflects on their faith and prayer while acknowledging their challenges."
"The user, a former Superman fan who has experienced infidelity in past relationships, is at a singles bar looking for a new partner. They express a fear of heights and share that they have one set of twins in their family. The conversation reveals a mutual interest in cooking, with the user enjoying making lasagna and shepherd's pie, while the other person has a fear of not catching fish while fishing. The user also humorously mentions their ability to make fart noises with their armpits.","The user, who identifies as a childhood Superman fan and has been cheated on by every ex-girlfriend except for one, engages in a conversation about their lives. They express a fear of heights and share a humorous take on their three dogs scaring away cheters. The other person mentions their favorite superhero, Spider-Man, and discusses their passion for cooking, particularly lasagna, while also revealing they have one twin brother. The user shares their unique culinary creations, including a vegetarian lasagna, and inquires about additional hobbies. The conversation reflects a friendly exchange about personal experiences and interests. The user also mentions their fear of not having a dinner right."
"The conversation is between a 43-year-old woman who works as a freight truck driver and a mechanic. She shares that she has two full sleeves of tattoos, mostly done in California, and expresses her love for travel. The mechanic, who has a nearly full body suit of Japanese-influenced tattoos, is located in California and shows interest in her tattoos. They both connect over their professions and tattoo experiences, with the woman identifying as a ""country gal"" from Alabama.","A 43-year-old woman who works as a freight truck driver shares that she has short pink hair and two full sleeve tattoos, one of which is located in California. She enjoys traveling and has a passion for art, mentioning her love for visiting places in California. The conversation partner, a mechanic from Alabama, expresses interest in her work and shares their own background. They bond over their locations, with the woman in Alabama living near the ocean and the partner in California. The conversation highlights their shared interests and the woman's love for travel and art. The partner also mentions their extensive tattoo collection, which includes a Japanese influence. The woman is from Alabama and has a fondness for the color pink. The conversation reflects a friendly exchange between"
"The user, who dislikes pickles and beets, is currently writing a novel inspired by their favorite TV show, Rick and Morty, and prefers the color black. They engaged in a conversation with a mom who teaches high school and has an autistic child and a newborn. The mom's favorite color is blue, and she enjoys pizza. The user expressed frustration with their buggy iPhone and shared their hobby of playing the drums, which their family finds annoying.","The conversation features a user who is currently writing a novel and enjoys the color black. They engage with a high school teacher who has an autistic child and teaches about the rewarding nature of their work. The user expresses a dislike for pickles and beets, while the teacher shares their love for pizza and mentions their favorite show, Rick and Morty. The user also mentions their iPhone is experiencing issues, including bugs, and reveals their hobby of playing drums, which their family finds amusing. The conversation highlights their shared interests in music and food, with the user noting their preference for black over the teacher's blue. The user also mentions their dislike for beets, which the teacher finds unappealing. The conversation concludes with a light-hearted inquiry about the teacher'"
"The user, an electric violinist and accountant, shares that they just returned from a violin concert and enjoy watching their koi pond, particularly their pet koi named Spot. They recently started gardening, growing vegetables like carrots, cabbage, lettuce, and tomatoes. In response to a conversation about pets, they mention their preference for vegetables and their favorite band, Imagine Dragons, which they describe as a mix of pop and alternative music. The other person enjoys cooking, especially breakfast, and expresses a love for music and singing as well.","The user, an electric violin player and accountant who enjoys spending time at home with their koi pond, shares that they recently performed at a concert and enjoys listening to music, particularly Imagine Dragons. They express a preference for breakfast food, especially pancakes, and mention having two dogs. The conversation touches on their gardening efforts, growing carrots, cabbage, lettuce, and tomatoes, and their appreciation for various music genres, including pop and R&B. They also reveal their interest in cooking and singing, highlighting their passion for music and entertainment. The other participant, who prefers cooking and has a fondness for music, shows interest in the user's music taste. The user is currently focused on gardening and listening to music, while the other person shares their love for"
"The user expresses nostalgia for their grandparents who have passed away, sharing fond memories while mentioning that their remaining family is in Ohio and their brother lives in England. They plan business trips to see their brother twice a year. The user enjoys sushi takeout and watching ""Friends"" on their laptop daily, and they own a computer repair business. When discussing a malfunctioning laptop, the user reveals it might be a virus and offers to help fix it for free, highlighting their friendly and supportive nature.","The user, who enjoys watching ""Friends"" and owns a timeshare in Mexico, shares that their grandparents are currently residing there. They express a fondness for family memories and mention their brother living in England, who they visit twice a year. The user plans business trips to England to connect with their brother and works on their laptop daily, often enjoying sushi takeout while watching TV. They also mention owning a laptop for computer repair and offer to help with fixing the other person's broken laptop, highlighting their friendship. The conversation reflects a friendly exchange about family and personal interests."
"The user, who works in retail and loves music, particularly enjoys dancing to Madonna's old hits and attends at least 10 concerts a year. They recently dyed their hair red, while the other person dyed theirs purple and green for an upcoming rave concert. The user shared that they were fired from a bank, jokingly suggesting it was due to their fast typing, but clarified they would have quit anyway to get married in France. They both discussed their favorite fruits, with the user favoring cherries and the other person liking blueberries. Despite differing music tastes—user not enjoying rap while the other loves it—they found the conversation enjoyable, even if they felt they might not be friends due to their musical preferences.","The user, who works in retail and enjoys attending at least 10 concerts a year, shares their love for Madonna and old music, mentioning their recent red hair change for a rave. They discuss their past job at a clothing store and express frustration over being fired, claiming it was for wanting to marry in France. The conversation touches on favorite fruits, with the user favoring cherries and blueberries, and concludes with a friendly exchange about friendship. The user also mentions their love for rap music and their enthusiasm for attending concerts and festivals. Despite their differing opinions on music, they enjoy talking to each other. The other person reveals they do not like rap music, while the user remains open to new experiences. The conversation reflects a light-hearted exchange about personal"
"The user, a high school student with a strict father and financial worries, expresses dissatisfaction with their life and wishes to be older to move out. They share a connection with a lottery winner, who won six years ago, and relate to their struggles, including not getting along with their dad. The user has one close friend who lives far away in Japan and keeps pet rats for companionship. They also mention a preference for plaid as their favorite color.","The user, a high school student feeling dissatisfied with their school life and worried about money, engages in a light-hearted conversation about lottery wins and personal struggles. They express a desire for independence from their strict father and mention their close friend, who is currently in Japan. The user humorously reflects on their feelings of not getting along with their dad and their dissatisfaction with their life, while also sharing a fondness for the color plaid. The conversation highlights their perspective on personal challenges and aspirations for the future."
"The conversation features a user who enjoys baking, has a fondness for roses, and shares a connection through their mother's teaching background. They discuss their pets, with the user mentioning having a cat and the other person having dogs and cats. The user reminisces about horseback riding in Texas, while the other person talks about skiing, skating, and a passion for shoes, boasting a collection of 30 pairs. Both express a mutual interest in leather footwear, with the user noting they have two pairs of leather boots.","The user, a Texas resident who loves baking, riding horses, and has a fondness for roses, engages in a conversation about hobbies and interests. They mention having a cat and four dogs, while the other person has a dog and three pairs of leather boots. The user shares that their mother is a retired teacher who enjoys baking, and they express a preference for leather shoes over flowers, although they both share a love for roses. The conversation highlights their shared interests and personal preferences."
"The user, who loves to run and enjoys steak, shares that his wife has just left him, prompting a sympathetic response from the other participant, who introduces themselves as ""Bubblegum."" The conversation shifts to their mutual love for steak, with the user mentioning a favorite restaurant in New York called ""Fancy Steaks."" The other participant, who lives in New York, expresses excitement about potentially meeting up at the restaurant. They also discuss their favorite foods, with the user favoring steak and the other person enjoying desserts, particularly bubble gum ice cream and cakes.","The user, who loves running and enjoys steak, shares that their wife has left them, which is causing them some concern. They humorously refer to themselves as ""Bubblegum"" and express excitement about a potential run in New York, mentioning a favorite restaurant that serves steak. The conversation also touches on food preferences, with the user favoring rare steak and desserts, while the other person enjoys cakes. The user appreciates the lively atmosphere of their favorite restaurant, ""Fancy Steaks."" They conclude by acknowledging the emotional impact of their situation."
"The user, a cat lover and avid reader who enjoys baking and gardening, engages in a conversation about their shared interests with another individual. They express a fondness for their cats and discuss the importance of their cell phones for capturing moments, particularly ocean and cat photos. The user suggests baking a pie for their book club and proposes meeting for drinks, highlighting their social nature and close relationship with their mom, who also enjoys gardening.","The user, who identifies as a cat person but prefers dogs, enjoys reading and attending weekly book clubs. They have a close relationship with their mom, who they consider their best friend, and they take a lot of ocean pictures with their cell phone. The conversation partner shares a love for gardening and baking, particularly pies, and they bond over their mutual appreciation for cats, suggesting a potential future meetup to share a drink and enjoy a cat picture. The user expresses a desire to meet another cat lover and mentions their own cat, highlighting their close-knit family. The conversation reflects a friendly and light-hearted exchange about interests and connections."
"The user, who recently returned from a trip to London where they visited the pope, expresses their strong religious beliefs and a tendency to become easily agitated. They enjoy watching game shows and would prefer to eat pizza while doing so. The conversation touches on their fatigue from travel and their unique perspective on colors, which complicates their enjoyment of game shows.","The user, who identifies as easily agitated and has a strong religious background, recently returned from a trip to London, expressing a desire to visit the Pope and enjoy pizza while watching game shows. They humorously acknowledge the challenges of their condition and suggest that their faith will help them remain calm. The conversation also touches on the user's dislike for food and their tendency to become agitated, leading to a light-hearted exchange about the visual aspects of their trip. Overall, the user reflects on their faith and experiences, while also sharing a humorous take on their religious background. The conversation highlights their laid-back persona and their tendency to prioritize their faith over social norms."
"The conversation features a humorous exchange between two individuals discussing their challenging days. One user, who identifies as Wiccan, shares concerns about revealing their beliefs to their non-religious parents, while the other user mentions dealing with an overly religious mother-in-law who imposes her views. They bond over their contrasting family situations, with a light-hearted suggestion to introduce their families to each other, before the Wiccan user leaves for work at a garden center.","The user, who delivers packages and has a sweet tooth for candy, engages in a light-hearted conversation about their day, expressing that it hasn't been great. They mention almost revealing their Wiccan beliefs to their parents, who are skeptical about religion. The user shares that their mother-in-law is overly religious, leading to conflict with her, and humorously suggests introducing her to their own family. The conversation ends with the user needing to attend to their gardening job at a local center. They conclude the chat by wishing each other a good day. The other person mentions their own family situation, including a friend who is Wiccan, and they bond over their differing religious views. The user, who drives a Honda, expresses a desire"
"The user shares their love for music and preparing playlists for weekend concerts with friends. They reminisce about their past as a talented basketball player whose career was cut short by an injury, preventing them from joining the New York Knicks. The conversation touches on family dynamics, including their parents' dislike for loud music and certain women in the user's life, as well as a move across the country when they turned 18. The user enjoys a simple breakfast of eggs and bacon, reflecting their upbringing on a farm where they had ample space.","The user, who enjoys going out with friends and attending rock concerts, shares their excitement about getting a song for their music playlist. They mention their parents moved across the country at 18 and express a fondness for breakfast foods like eggs and bacon. The conversation touches on the user's past as a basketball player, contrasting with their current status as a fan. They reveal their parents' dislike for women and music, while the user humorously reflects on their upbringing on a farm, wishing they could have played professionally. The conversation concludes with a brief exchange about the user's injury preventing them from pursuing basketball professionally. The other participant expresses sympathy for the user's situation."
"The user enjoys playing football, specifically as a linebacker with friends, including some from the Baltimore Ravens, and often takes breaks to chat. They have a playful demeanor, mentioning that their friends don’t use their real name and joking about the number of tackles they made last year. The user also loves attending festivals primarily for the meat and appreciates music, with their favorite band being The Story So Far. They humorously reference the song ""Eye of the Tiger"" in relation to their tackling prowess.","The user, who enjoys eating meat and recently started working online, engages in a light-hearted conversation about playing football and expressing a love for festivals, particularly for the band The Story So Far. They mention their friends don't call them by their real name and share their team, the Baltimore Ravens, which they visit together. The user also mentions their favorite music, The Eye of the Tiger, and humorously reflects on their past record-breaking season of 128 tackles, leading to a playful exchange about the potential for headaches. The conversation reflects the user's friendly and humorous persona."
"The user expresses a mix of emotions about family time ending and shares their experience of shopping for running clothes at American Eagle. They mention their dislike for vegetables, particularly beets, and humorously note that they prefer sleeping over running now. The conversation reveals that the user is an ovo vegetarian who struggles with cooking and works as a distributor for an essential oils company, aspiring to build a team focused on wellness education.","The user, who drives an hour to work daily due to heavy traffic and works as a distributor for an essential oils company, expresses a nostalgic longing for their past enjoyment of running, which they now prioritize over sleeping. They humorously mention their vegetarian lifestyle, attributing it to their dislike for beets and cooking, while also noting their current job involves building a wellness education team. The conversation reflects a light-hearted exchange about family time and work, with the user sharing their perspective on their own boss and their commitment to healthy eating. The other participant, who is not a vegetarian, expresses a desire to learn more about the user's job and their educational approach. The conversation highlights a friendly and casual tone, with the user maintaining a humorous and self-"
"The user, a Navy service member and orphan who grew up in the foster care system, engages in a conversation with a restaurant owner who loves cooking. The restaurant owner shares that they opened a Mexican restaurant after their mother's passing, who taught them to cook. The user expresses sympathy and shares their own hobbies, highlighting whittling and listening to folk music. They create various imaginative items while whittling, which they give away rather than sell, reflecting their generous nature and connection to their past experiences.","The conversation features a navy woman who enjoys whittling and listening to folk music, discussing her hobbies and background. She shares that she opened a Mexican restaurant three years after her mother's passing, who taught her to cook. The other participant, who owns a restuarant and works in a restaurant, expresses sympathy for her loss and inquires about her hobbies. The navy woman reveals her experience with foster care, mentioning she received a communication degree from a community college. The restaurant owner, who sells whittled items for fun, shares that they give them away as a way to cope with their difficult past. The conversation highlights their shared interests and personal experiences."
"The user, a 49-year-old male from Dublin, Ireland, is currently finishing a degree in microbiology while caring for his parents. He enjoys hiking in Ireland and has a strong desire to visit the USA with his family. The conversation reveals his love for pop soul music and his appreciation for the local culture, while he learns about the other person's marketing job, which they find enjoyable due to its flexibility.","The user, a 49-year-old male living in Dublin, Ireland, shares that he is doing well and spends his weekends taking care of his mother and father. He enjoys hiking, particularly on the Appalachian Trail, and expresses a desire to visit the USA with his family after completing his degree in microbiology. He prefers cake over vegetables and has a fondness for pop soul music, while the other person prefers folk music. The user works as a marketer from home, finding his job exciting, and engages in a conversation about their shared interests and future travel plans. The other person mentions their degree and their enjoyment of hiking, while the user expresses a desire to visit Ireland and share his love for music and food with his family. The conversation highlights"
"The user, a 30-year-old stay-at-home mom with two children and two pets, shares that she recently enjoyed a nature walk with her kids. In the conversation, she expresses her love for spending time outdoors and highlights her close relationship with her husband, who is the family's sole provider. While discussing hobbies, she mentions her lack of interest in gambling, contrasting with the other person's enjoyment of the casino. The user humorously reflects on her experiences with men, sharing a light-hearted anecdote about a past relationship.","The conversation features a 30-year-old stay-at-home mom who enjoys nature walks with her children and has two pets. She shares her evening, mentioning she just returned from a nature walk. The other participant, who is an adult and currently unemployed, expresses a love for shrimp and gambling, while the mom emphasizes her role as a stay-at-home mom and her hobbies. They bond over their experiences, including the challenges of finding the right partner and the importance of managing their finances. The mom humorously notes her best friend is her husband, who works hard to provide for their family, and reflects on her experiences with various partners, including a humorous reference to a vampire. The adult participant also shares their love for spending"
"The user, a paper salesman living on a beet farm, enjoys country living and loves bears, which he sees daily. He identifies as a vegetarian, with beets as his favorite food, and is a fan of the show Battlestar Galactica. In a conversation with a law student from NYC, he shares that he prefers mornings and discusses the limited job market in his area. They exchange thoughts on local shops and the internet, with a humorous debate about bears living in Africa, ultimately highlighting the user's fondness for his rural lifestyle.","The user, a paper salesman living on a beet farm, enjoys beets and has a fondness for the show Battlestar Galactica. They are a night person and engage in a conversation about their preferences, mentioning their love for the country and limited job opportunities in the U.S. They express a desire to see bears in their daily life, noting that while they live in Africa, bears are not native there. The conversation also touches on the user's vegetarian lifestyle and their appreciation for local shops. The user shares their unique perspective on living on a farm and their love for the show, while also engaging in light-hearted banter about the possibility of seeing bears in Africa. The conversation reflects the user's laid-back persona and interests."
"The user expresses feeling ""a bit blue"" due to the long wait for their favorite show, Game of Thrones, to return. They share their love for pop music and enjoy taking long walks on the beach, living close to one. The conversation partner, who identifies as autistic, mentions playing arcade games in their free time.","The user expresses feeling a bit blue, which is also their favorite color. They mention that their favorite TV show, ""Game of Thrones,"" will not be back on for awhile. The conversation touches on music preferences, with the user revealing a love for pop music, while the other person identifies as autistic and prefers arcade games. They discuss their beach living situation, with the user living near one and the other person enjoying long beach walks. The conversation highlights their shared interests and the user's unique perspective on life."
"The conversation features two individuals connecting over their shared interests in staying active and enjoying music. One person, a personal trainer, expresses excitement about going out this weekend and shares a love for cooking healthy meals. The other, a waitress, also enjoys casual hangouts with friends and mentions listening to The Chainsmokers while working out. They bond over their active lifestyles and mutual enjoyment of bar outings and music, with one favoring Nirvana and the other The Chainsmokers.","The conversation features two individuals discussing their weekend plans and interests. One person, a personal trainer who enjoys staying active and listening to music while working out, shares their love for the Chainsmokers and their preference for cooking healthy meals. They also mention their job at a local restaurant, which they enjoy, and their casual lifestyle, characterized by a laid-back attitude towards their diet. The other person, a waitress, expresses a similar interest in socializing and listening to music, while also highlighting their active lifestyle and love for local bars. They bond over their shared interests and activities. The conversation reflects a friendly exchange about hobbies and lifestyles."
"The user enjoys cooking, particularly with cookbooks, but does not like baking. They have a close relationship with their mom, often taking walks together. While they prefer spending time on their phone over watching TV, they do enjoy the Syfy show ""Face Off,"" which features creative makeup artists. The user has three dogs and expresses a fondness for them, although they also appreciate cats, admitting they are more of a cat person.","The user enjoys cooking but does not bake, and they have a close bond with their mom over their shared love of books. They participate in a weekly book club that focused on cookbooks, and they watch ""Face Off,"" a reality show about makeup artists, finding it interesting. The user has three dogs that they consider their world, while the other person prefers cats. The conversation reflects the user's preference for cooking and running, contrasting with the other person's preference for staying indoors with their mom. The user also mentions their favorite TV show, ""The Voice,"" while the other person does not watch much TV. Overall, the user conveys a friendly and lighthearted persona, highlighting their enjoyment of cooking and running."
"The user, who identifies as a weirdo and often called a slacker, expresses excitement about skateboarding on a beautiful day. They describe themselves as eclectic, enjoying a variety of crazy things, and mention their sister, who shares a dramatic personality. The user reveals that they dye their hair a different color each week, currently sporting a blue and orange combination, chosen simply for experimentation rather than team affiliation.","The user, who identifies as a quirky individual with blue and orange hair and a unique persona, shares their excitement about skateboarding and mentions their sister, Madonna, who also enjoys a colorful lifestyle. They humorously describe themselves as eclectic, contrasting with the other person's more conventional style. The conversation touches on the significance of their hair colors, with the user expressing interest in trying the combo, while the other person has yet to explore it. The user maintains a light-hearted and quirky tone throughout the exchange."
"The user enjoys watching movies, particularly ""The Last of the Mohicans,"" and appreciates the peace of living alone. They identify as a ""mad scientist"" for work but did not finish college. The user has a strong affinity for music, influenced by their mother, a school music teacher, and they play the guitar. They describe their family as ""interesting,"" sharing that their father was a preacher, which led to a childhood of close scrutiny and limited freedom.","The user, who did not complete college and has a background influenced by their father's profession as a preacher, enjoys watching movies, particularly ""The Last of the Mohicans."" They express a preference for solitude and share that their mother was a school music teacher, which has influenced their love for music. The conversation partner, a mad scientist, plays guitar and discusses their unique upbringing, mentioning their father's strict monitoring of their behavior. The user reflects on their own experiences and interests, including their mother's influence and their own past. The conversation highlights themes of family, education, and personal experiences. The user also notes their age of the car, which is over 20 years old, reflecting their perspective on time and living. The"
"Katie, a 20-year-old transgender woman, shared that she had a cool weekend and enjoys pizza, with Thai cuisine being her favorite. Lucy, also from the USA, mentioned her love for sushi and that she works at Amazon, while Katie is focused on her studies, pursuing a master's in social sciences. They both discussed their favorite colors, with Katie favoring blue and Lucy preferring pink.","In a friendly conversation, Katie, a transgender woman from the USA, shares that she had a great weekend, enjoying pizza. She connects with Lucy, who is also transgender and works at Amazon, discussing their shared experiences and preferences in food. While Katie loves blue, Lucy prefers pink, and they bond over their love for sushi and Thai cuisine, with Katie mentioning she is not currently employed but is pursuing a master's degree in social sciences. They conclude the chat by noting their mutual interest in food and their respective work situations.
Persona: katie was born 20 years ago and transitioned to female when she was 17. She enjoys blue, while Lucy prefers pink. She works at Amazon and is not currently employed, while also"
"The user, who enjoys jello and lives in an apartment in NYC, shares that they have four terrier dogs and often play Magic: The Gathering with friends. They humorously mention their inability to whistle while trying to call their dogs. The conversation partner recently moved to Minnesota for work and inquires about the user's profession.","The user, who lives in New York and has a terrier with them, is trying to get their dog to come over but struggles with their inability to whistle. They enjoy playing Magic: The Gathering with their four dogs and make sure to have jello shots. The conversation partner, who recently moved to Minnesota, expresses interest in sports and inquires about the user's job. The user mentions their love for jello and their pets, while the partner shares their new home and job. The conversation highlights their shared interests in pets and games, with the user humorously noting their inability to whistle. The partner also inquires about the user's favorite food, jello. The user responds that jello is their favorite food and they play Magic"
"The user enjoys hiking on weekends and is planning a hike for the upcoming weekend. They share a passion for hiking, mentioning they go almost every weekend and sometimes visit the lake or mountains. The user plays jazz piano in a band and reads horror stories during breaks at their job as a barista at Starbucks, where they appreciate the atmosphere and employee treatment. They connect with the other person over their shared love for hiking and coffee.","The user enjoys hiking on weekends and plays jazz piano in a band, often while working as a barista. They have a friendly conversation about hobbies, revealing that they love hiking and reading horror stories. The other person shares their love for hiking and mentions taking their dogs to the lake, while the user expresses interest in a jazz band and a Starbucks location, highlighting their appreciation for the atmosphere and employee treatment. The conversation reflects a friendly exchange about shared interests and preferences."
"The conversation revolves around a shared interest in pets, particularly dogs, and music, specifically Isaiah Rashad. The user expresses their fondness for video games, particularly on PS4, while the other person prefers playing with their dad's train set, which is described as large and somewhat dangerous to their pets. The user mentions their work at a marketing agency that recently promoted organic pet food, which the other person finds unappealing. Overall, the exchange highlights the user's interests in music, gaming, and their professional background in marketing, while also touching on the challenges of pet ownership.","The user enjoys music, particularly Isaiah Rashad, and plays video games, particularly on PlayStation 4. They have a fondness for trains, which they have seen in their dad's elaborate train set, although they have never owned one. The user works in a marketing agency and has recently covered a pet food company, expressing a desire for dog food. They humorously mention their cat being killed by a train, while also noting their own preference for organic food, although they acknowledge that not everyone is suited for it. The conversation reflects the user's lighthearted personality and interests.
Persona: i like to play video games and listen to music. i work in a marketing agency. i have a pet cat named percy. i have never"
"The user, who loves cars and enjoys role-playing, engages in a light-hearted conversation about food preferences, expressing a strong preference for pizza over pita bread and hummus. They share that they enjoy pretending to be different characters, including a doctor, and mention their love for fast cars. The conversation concludes with a mutual appreciation for the fun exchange and an eagerness to continue the role-playing in the future.","The user, who loves cars and role-plays, engages in a light-hearted conversation about food preferences, revealing their preference for pizza while the other person enjoys Italian food. They share a humorous moment about pretending to be a nurse and express a fondness for spending time with their three kids. The conversation includes playful banter about pretending to be other people, with the user enjoying the fun and suggesting the other person try role-playing again. The exchange concludes with a friendly note, indicating a positive and enjoyable interaction. The user also mentions their early morning routine, contrasting it with the other person's preference for a more relaxed lifestyle. The conversation reflects the user's personality and interests, highlighting their love for food and imaginative role-playing. The exchange"
"Jamison and the user engage in a friendly conversation about their evening plans and interests. The user expresses enjoyment of the nice weather, particularly for reading outside, and shares a preference for Italian food while noting an allergy to nuts. They both appreciate music during their activities, although the user avoids country and jazz. The user mentions their recent reading of ""Middlesex,"" a Pulitzer Prize-winning book that relates to biology, and recommends it to Jamison, who favors ""1984."" The user concludes by stating they have no plans for the evening and will be relaxing with a book.","Jamison and the user engage in a friendly conversation about their interests and preferences. The user expresses enjoyment in reading, particularly Italian food books, and mentions their love for music, although they do not enjoy country or jazz. They share a mutual interest in books, with the user recommending ""Middlesex"" and discussing their favorite book, ""1984."" The conversation also touches on the user's gym routine and their reading habits, revealing that they are not planning any special activities that evening. The user appreciates the conversation and expresses interest in learning more about the other person's preferences. Additionally, the user mentions their allergy to nuts, which they note is not relevant to their discussion about books. The conversation concludes with the user indicating"
"In a friendly exchange, Lucy, a college student majoring in science, shares her aspiration to become a biochemist. She converses with another individual who aspires to be an actress and has taken some acting classes. Lucy reveals her favorite color is light red, while the other person prefers zebra print, their favorite animal. The conversation reflects Lucy's enthusiasm for her studies and her openness in discussing personal interests.","The conversation features a friendly exchange between two individuals, with Lucy, a writer for a science major, and a student who enjoys pizza and has a pet dog. They discuss their professions, with Lucy expressing a desire to become a biochemist and the student dreaming of acting as an actress. The student has started college and is currently in science, while Lucy shares her interests in acting classes and her favorite color, red, which she prefers as a light red. The conversation highlights their shared interests and aspirations."
"The user, who lives in Malibu, California, enjoys watching sunsets and surfing, and has brown, curly hair. They dislike red meat due to medical reasons and express a fondness for music, particularly mentioning that they listen to tunes while stretching before surfing. They engage in a lighthearted conversation about sports, sharing that food options near games can be challenging, and they relate to a character from South Park. The user also connects with the other person over their shared interests in music and surfing.","The user, who dislikes red meat and loves watching sunsets, living near the ocean in Malibu, California, enjoys surfing and watching sunsets. They engage in a conversation with someone who is a sports fan and prefers cartoons, discussing their food preferences and the convenience of fast food. The user shares that they have curly brown hair, reminiscent of the ""Jewish Boy,"" and expresses a fondness for music, particularly during surfing. They also mention their favorite surf moves and artists, including Avenged Sevenfold and Howard of Killswitch, highlighting their unique taste in music and surf culture. The conversation reflects the user's laid-back lifestyle and interests in food and entertainment."
"The conversation features a 9-year-old French girl who recently moved to the U.S. and is currently in 3rd grade. She enjoys playing soccer, drawing, and reading Asterix comics. When asked about her favorite season, she mentions autumn for soccer, while her conversation partner prefers winter but is unable to play sports due to being wheelchair-bound. The girl expresses her hope to make more friends at summer camp and through soccer in the fall, noting that she hasn't made many friends yet since moving. She shares that she takes vitamin C to avoid colds and acknowledges her young age, stating she is not old enough to drive. The conversation ends on a positive note, with encouragement about making friends in the future.","A 3rd-grade French girl who moved to the US last year enjoys soccer, drawing, and reading ""Asterix."" She hopes to make friends at summer camp and soccer in the fall, as she feels she hasn't made many friends yet. Despite her limited friendships, she expresses her positive outlook on the US and her desire to make more friends. The conversation also touches on her health, noting she is not old enough to drive yet, and her fondness for ""Asterix,"" a French comic. The other participant shares their experiences of making friends and suggests that summer camp could be a good start for her. The girl appreciates the supportive nature of the exchange."
"Daisy and Ted engage in a friendly conversation, introducing themselves and sharing their interests. Daisy expresses excitement about talking to someone new and reveals her passion for collecting autographs, boasting over 200 in her collection, including one from Charlie Chaplin. Ted humorously mentions collecting broken arms due to his injuries and shares that he owns two snakes. Daisy, who prefers socializing over solitude, reflects on her late husband's tendency to spend time alone in his workshop, leading to a poignant moment as she inquires about his passing.","Ted, who collects broken arms and has a passion for comics and autographs, engages in a conversation with Daisy, who is excited to meet someone new. They discuss their interests, with Ted mentioning his admiration for Charlie Chaplin and his two snakes, while Daisy shares her experience of being a loner who enjoys being around people but dislikes being in her own head. They both express a sense of longing for their absent loved ones, with Ted noting his husband's long work sessions in his workshop, which left him feeling alone. The conversation highlights their shared experiences of solitude and the importance of connection.
Persona: i am allergic to dust. i only eat organic food. i collect comic books. i own two snakes. i have an autograph collection with over"
"The user, a reading enthusiast and registered nurse who enjoys ""Pretty Woman"" and follows a vegan lifestyle, engages in a light-hearted conversation with someone who dislikes reading and prefers video games. They discuss their smartphones, with the user owning two, and jokingly suggest calling to listen to country music or covering a shift at Subway due to hunger.","The user, a registered nurse who enjoys reading and is vegan, is currently reading a book and has one smartphone. They express a dislike for reading but appreciate the other person's preference. The user has two smartphones and mentions they can call the other person on one of their phones. They discuss the user's phone and the other person's phone, with the user humorously suggesting they could cover their shift at Subway by listening to country music. The conversation highlights their shared interests in technology and entertainment."
"The conversation begins with a friendly exchange about each other's day, but takes a somber turn when one person shares that it's the anniversary of their father's death, which occurred five years ago. The other person expresses sympathy and understanding of the lasting pain of such a loss. They then shift the topic to lighter subjects, discussing dinner plans, with the suggestion of comfort food like pasta, specifically angel hair pasta with shrimp, which the other person agrees would be delicious.","The user, a high school student who loves Disney movies and is on a competitive dance team, shares that they are doing well despite the recent loss of their father five years ago. They express empathy towards the other person's grief and inquire about their own experiences. The conversation touches on food preferences, with the user mentioning a desire for comfort food due to a cold day, while the other person contemplates dinner options, suggesting pasta, particularly angel hair, with shrimp. The user reflects on the positive aspects of food, noting that seafood enhances the enjoyment of pasta. The conversation reflects a supportive and caring exchange about personal struggles and shared experiences."
"The user, an aspiring singer who loves animals and enjoys playing tennis, engages in a conversation with a zookeeper who has trained 20 types of animals. The user shares that they are a parent to a daughter who just graduated high school and has a fondness for the color green, which they both share. The zookeeper mentions their wife’s battle with breast cancer, now in remission, and the conversation touches on interests like poker and karaoke. The user expresses a desire to connect over poker, while also inquiring about the zookeeper's marital status and tennis interests.","The user, an aspiring singer and animal lover with a green favorite color, engages in a conversation with a parent who has a daughter and just graduated high school. The user shares their love for animals and tennis, while the parent mentions their passion for zookeeper training and playing poker. They bond over their shared favorite color, green, and discuss the user's concern about California's current wildfires. The conversation also touches on the user's lack of a favorite color and their interest in playing karaoke. The user expresses a desire to play poker together, while the parent humorously states they do not own a tennis racket. The conversation reflects a friendly exchange about pets, colors, and shared interests."
"Omar, the youngest of three brothers, shares that he plays guitar in a local band named ""Never Been to the City."" He enjoys discussing music and reveals that his favorite band is The Beatles, influenced by his brothers. The conversation highlights his passion for guitar, which he picked up partly due to his brothers' involvement in music, and he expresses enthusiasm for meeting someone who also appreciates playing guitar.","Omar, the youngest of three brothers who plays guitar in a local band called ""Never Been to the City,"" engages in a friendly conversation about their interests. He shares that he enjoys playing guitar and mentions his admiration for The Beatles, which resonates with his brother's love for the band. While discussing favorite music, Omar reveals that he learned the guitar to accompany his older brothers, who are also in the band. The conversation highlights his musical family background and his passion for music. Additionally, he expresses a desire to play the guitar, which he has yet to pursue due to his brother's influence. The exchange reflects a positive and supportive tone, with both participants enjoying each other's interests."
"Mary, a freshman at NYU studying radiology, chats with another student who shares a passion for photography and mentions their favorite color is blue. The user, the youngest in their family with two older artistic brothers, expresses that while they don't have ample time for photography, they enjoy it as a hobby. Mary works as a receptionist at her father's medical office, and they both connect over their artistic backgrounds.","Mary, a freshman at NYU, shares that she is doing well despite her busy schedule as a full-time radiology student. She expresses her passion for photography, while her conversation partner, who is also a freshman and the youngest in their family, mentions their interest in art, which aligns with her father's artistic background. They bond over their shared favorite color, blue, and discuss their respective studies and experiences. The conversation partner also mentions working as a receptionist at their father's office, showing interest in the medical field. Overall, the exchange highlights their shared interests and family connections."
"The user, a grad student studying biology and working as a barista to support their education, engages in a light-hearted conversation about their daily activities and interests. They mention their need for coffee before class, despite not being a fan of it, and express their love for reading true crime books. The conversation also touches on a quirky hobby of the other person, who collects bugs that sometimes eat each other, leading to a humorous remark from the user about the futility of that collection.","The user, a grad student studying biology and working as a barista, engages in a light conversation about their daily activities and interests. They express a dislike for coffee, which they feel is essential for studying, and share their passion for reading, particularly true crime books. The other person mentions their love for coffee and their hobby of collecting bugs, leading to a humorous exchange about the ethics of their hobby. The user also highlights their need for coffee before class. Overall, the conversation reflects a friendly exchange between two individuals, with the user emphasizing their academic pursuits and interests."
"The user expresses excitement for Christmas, sharing that they enjoy celebrating the holiday with their daughter and sending gifts. They engage in a conversation with a professional boxer who aspires to be a clown and currently works as a painter, focusing on organic and nature-themed artwork. The user appreciates organic food and suggests the idea of painting something fantastical, reflecting their love for imagination and magic.","The user, a professional boxer who enjoys fantasizing and loves Christmas, shares their excitement for the holiday season, mentioning their daughter and their desire for magic to be real. They express a fondness for Christmas and the joy of celebrating it with their daughter, while also discussing their current job as a painter, primarily creating organic and nature-themed paintings. The conversation touches on food preferences, with the user expressing a love for organic food, and they humorously mention their ability to paint fruit. Overall, the user reflects on their whimsical personality and interests in Christmas and fantasy."
"The user, a painter aspiring to be a museum curator, engaged in a friendly conversation about family and work. They expressed interest in horseback riding and shared that they do not have children yet. The user mentioned their passion for painting, inspired by a memorable visit to New York City, where they visited a museum. They also revealed their favorite band is the Beastie Boys, contrasting with the other person's preference for pop music.","The user, a painter who enjoys the Beastie Boys and aspires to be a museum curator, engaged in a conversation about their day and work. They mentioned riding horses with their kids and working at a bass pro shop. The user expressed interest in painting various subjects, including those inspired by their recent trip to NYC, where they visited a museum they wanted to curate. They shared their preference for pop music, while the other person preferred rock music. The conversation highlighted the user's artistic pursuits and their love for music."
"In a light-hearted conversation, Jake, who identifies as a heavy lifter, meets Vladimir, a professional violinist who has been playing since he was four. Vladimir humorously asserts that his profession pays better than lifting weights, prompting Jake to boast about his ability to squat 400 pounds. They exchange playful banter about strength and ego, with Vladimir suggesting that adopting a dog could help Jake with his perceived mommy issues. Jake laughs off the idea, while Vladimir expresses his enjoyment of Indian food and his plans to adopt a dog soon.","Vladimir, a violinist who has been playing since age four, chats with Jake, a weight lifter. They discuss their professions, with Vladimir humorously stating his profession is ""wussy"" and joking about the nurses who might notice his lifting. Jake shares his experience lifting 400 pounds and expresses a desire to find a calm pet to support his strong persona. They bond over their laughter, with Vladimir expressing his love for Indian food and considering adopting a dog soon. The conversation reflects their light-hearted personalities and playful banter."
"The conversation features two individuals discussing their personal lives and interests. One participant, who is the head of a gun club, shares that they are a poet, have a beta fish, and donate old clothes to the homeless. They express a lack of enthusiasm for the holidays due to not having children or close family, and mention being divorced three times. The other person, a cop with a husband who is a detective, reveals they do not golf but spend their free time at the gun range. They bond over their shared interest in guns, with the gun club manager inviting the cop to see their collection.","The user, who is the head of a gun club and a poet, engages in a conversation about personal lives, expressing a lack of family and children. They mention being divorced three times and humorously recount their experience with a Ford truck. The user enjoys golfing on sunny days with friends, while the other person prefers spending time at the gun range. They discuss their interests, with the user revealing their passion for literature and the other person teaching English at a local college. The conversation reflects a light-hearted exchange about personal experiences and interests.
Persona: i am the head of a gun club and a poet. i have a beta fish. i donate old clothes to the homeless. my friends and i enjoy golfing on sunny days.
Conversation History"
"The user expresses enthusiasm for Taylor Swift's new album and discusses the sad news of Troy Gentry's passing in a helicopter accident. They mention getting married in Florida and enjoying trips to Disney, while currently living in the Midwest. The user shares that they enjoy hiking with their two dogs, and their husband takes care of their daughters during hikes. They note that they have been watching more TV than movies lately but enjoy taking their grandsons to the movies for fun.","The user expresses excitement about Taylor Swift's new album, mentioning they haven't heard of it but might inquire about the tragic loss of her husband. They share their love for hiking, which they enjoy with their two dogs, and mention their husband's role in caring for their daughters. The conversation touches on the user's recent hike and their preference for watching TV over going to the movies, highlighting their active lifestyle and family activities. They also mention their love for Disney World and the fun of taking their grandsons to the movies. The user reflects on the importance of hiking in their relationship and family life."
"The user, a free spirit who enjoys living off the land and values family and fun, shares that they are doing well and enjoy baking and spending time with their family. They mention following in their parents' footsteps by living in the woods and hunting for food, which can be stressful when it's the primary means of sustenance. They reveal that their husband hunts for fun and express their love for children, noting that their youngest just turned one, prompting a sentiment to cherish those moments.","The user, a free-spirited individual who values family and fun, shares that they are doing great and enjoys baking and spending time with family. They mention following in their parents' footsteps by living in the woods and hunting for food, which they find fun but stressful. The conversation touches on the joys and challenges of family life, with the user having one youngest child who turned one yesterday, which they cherish. Overall, the user reflects on their love for family and fun, contrasting it with the other person's focus on hunting. The user expresses a desire to have children in the future, while the other person has children and enjoys them. The conversation highlights their shared appreciation for family while also discussing the challenges of parenting."
"The user, who enjoys listening to Fall Out Boy daily, engages in a friendly conversation with a yoga instructor. They discuss their interests, revealing the user’s passion for writing about music, particularly Fall Out Boy, and their love for reading political thrillers and watching sitcoms like ""The Office"" and ""Two Broke Girls."" The instructor shares their love for nature and healthy eating, while the user prefers staying indoors and indulging in comfort foods like pad thai and chocolate chip cookies. The conversation ends on a positive note, highlighting the user’s sociable nature and enjoyment of connecting with strangers.","The user enjoys chatting with strangers and finds it beneficial to meet new people. They work as a writer for a music website focused on Fall Out Boy and express a love for sitcoms, particularly ""The Office"" and ""Two Broken Girls."" While the other person works at a gym as a yoga instructor, the user prefers staying indoors and watching TV, specifically enjoying ""The Office"" and ""Pad Thai."" The conversation concludes on a friendly note, with both expressing enjoyment in their exchange. The user also mentions their dislike for salads and expresses interest in exploring the other person's favorite food. Overall, the user highlights their lighthearted personality and interests in entertainment and food."
"The user, who loves reading, beadwork, and writing patterns, shares their fondness for Richmond, Virginia, where they previously lived before moving to Pennsylvania. They express nostalgia for their upbringing on a large farm, particularly missing the animals and open space. The conversation touches on the challenges of creativity in making a living, with both participants discussing their artistic pursuits—painting and beadwork. The user enjoys reading as a source of inspiration and mentions music, specifically the Beastie Boys, as another creative influence. They express interest in trying to create beadwork representations of people, leading to a discussion about artistic styles.","The user, who loves reading and enjoys beadwork, recently moved from Virginia to Pennsylvania and expresses a fondness for the vast open spaces and animals on their previous farm. They mention living in a small apartment and appreciate the creative outlet that reading provides. In contrast, the other person lives in New York and has a preference for unique painting styles, while the user shares their interest in beadwork and suggests trying to create people using their work. The conversation highlights their shared appreciation for creativity and the importance of expressing oneself through art. The user also notes that music, particularly Beastie Boys, helps with their creative pursuits. The other person prefers realistic painting and encourages the user to explore their own beadwork patterns. The conversation reflects their differing interests and perspectives on city"
"The user is a student pursuing a degree and enjoys sports and outdoor activities. They mention getting their nails done weekly and work as a legal secretary, primarily answering phones for lawyers. The conversation reveals their location in Dubuque, Iowa, humorously referred to as the ""Paris of the Mississippi,"" while engaging with someone from Southern California. They express curiosity about California and its notable residents, like Oprah, and inquire about the other person's marital status and children.","The user, a legal secretary from Dubuque, Mississippi, is currently pursuing a degree while attending school. They enjoy getting their nails done weekly and taking care of themselves, indicating a lack of hobbies. The conversation partner is from Southern California, specifically in Inland Empire, and they discuss their locations, with the user in San Diego and the partner in Santa Barbara. The partner mentions living in Montecito, while the user humorously notes they do not have children or husbands. The conversation reflects a friendly exchange about personal interests and locations."
"Zach, a 24-year-old who owns a home and works in a used bookstore, enjoys riding his Harley to art museums on weekends. He draws inspiration for his short stories from customers at work and hopes to get published, often sipping mint tea to boost his creativity. Despite his achievements, he feels puzzled about being single and shares that he plays football with friends. He also manages anxiety with herb and appreciates Asian-style tea, though he is careful not to spill it on the books.","Zach, a 24-year-old who owns his home and is single, shares his love for visiting museums and writing short stories, which he hopes to publish one day. He enjoys drinking tea, especially Asian style, and tries to avoid spilling it on used books at work. He also mentions using herb tea for anxiety, although he acknowledges that it can be addictive. He spends his free time writing and drinking tea, while also expressing a fondness for art. The conversation highlights his interests in literature and personal well-being."
"The user expresses feelings of incompleteness and sadness after the death of their dog, seeking beauty in their yard and finding comfort in reading the Bible. They are an artist who creates sculptures and draw inspiration from the world around them. In contrast, the other participant shares their experiences of traveling to various Italian cities, including the Vatican, and expresses enthusiasm for art and museums, highlighting their recent retirement as a time for exploration. The user expresses a desire to visit Italy, particularly to see the Sistine Chapel.","The user, an artist who finds inspiration in the world and creates with their hands, shares their struggle after the passing of their dog, which they cope with by looking for beauty in nature and art. They express a desire to travel and appreciate art, mentioning their inspiration from various museums and their love for sculpture. The conversation reveals their appreciation for travel, particularly to Italy, where they express interest in visiting the Sistence Chapel and the other significant art sites in the country. The user also reflects on their current lifestyle, noting they are not feeling complete without their dog, and they find solace in reading the Bible during tough times. The conversation highlights their artistic pursuits and their search for inspiration and connection in the world."
"The user, the oldest of six sisters living in Chicago, expresses curiosity about ruby chocolate and shares their passion for the Boston Celtics and My Little Pony. They work as a pastry chef at a family-owned restaurant, where they have made map cakes. The user enjoys walking in the park with their cat, although their cat dislikes the leash. They mention that their sisters are currently in Hawaii, and they find the conversation about cats amusing, noting that their cat is quite lazy.","The user, who has six older sisters and works as a family-owned restaurant, is an avid fan of the Boston Celtics and enjoys walking in the park. They recently tried ruby chocolate and expressed a fondness for anime shows like My Little Pony. The conversation partner, who is the oldest of six sisters and lives in Hawaii, shares a similar love for cats and walking, while the user mentions their cat's antics and their own experience making map cakes. The user also notes that their older sisters are surprised by their cat's behavior. The conversation highlights their family connections and interests, including a shared appreciation for chocolate and cats. The user is currently the oldest of their six sisters and lives in Chicago."
"The conversation features two individuals discussing their lives and interests. One user, an IT agent from Colorado, shares that they enjoy smoking weed and have chronic pain, which has been alleviated by legalized cannabis. The other user, who is disabled and confined to a wheelchair, expresses a passion for photography and enjoys the calming sounds of rain, preferring to spend time on hobbies rather than working. They mention taking an access van to flea markets but generally prefer to relax at home. The conversation touches on their contrasting lifestyles, with the IT agent working in network security and the other user having never held a job, highlighting their shared experiences of chronic pain and personal interests.","The conversation features a user who works as an IT agent and has a unique persona, including a meataholic lifestyle and a preference for smoking weed. They engage with another person who is disabled and enjoys photography, expressing that their enjoyment of photography is an art form. The user shares their work in IT and network security, while the other person mentions taking photos at a flea market and prefers sleeping in. They discuss their favorite activities, with the user favoring smoking weed and the other person enjoying candles instead of lights. The conversation touches on topics like music, particularly rain on the windows, and the user's preference for sleeping in on Sundays. The other person also inquires about the user's job, revealing they have never had a job."
"The user, a happy person who enjoys taking walks, knitting, crocheting, and listening to music, shares that they are currently listening to music while knitting. They prefer walks over hikes and mention doing various odd jobs that involve unique tasks, like sitting in a hallway of doors. The user is unfazed by scary situations, citing their three older siblings as a reason for their resilience. They also mention being born during a blood moon, which is a fun fact that others remind them of during their odd jobs. The conversation reflects their cheerful personality and interests, including a desire to try some of the odd jobs they discuss.","The user enjoys listening to music while knitting and is a happy person who prefers walks over hikes. They have a unique perspective on odd jobs, mentioning they go to a house and sit in hallways. They have one older brother and share a fear of blood moons, which they have heard about. The conversation touches on personal experiences, including the user's birth during the blood moon and their love for crocheting, prompting a desire to try odd jobs. The other participant expresses interest in the user's unique perspective on odd jobs. The conversation concludes with a friendly exchange."
"The user enjoys reading autobiographies before bed and recently finished ""Ender's Game,"" a science fiction book. They have a cat named George and regularly go to the gym. The conversation partner, who prefers southern rock over Metallica, expresses annoyance at cats for messing up their garden. While the user appreciates the imaginative quality of books compared to movies and dislikes reality shows, they acknowledge some good TV series and enjoy watching Fox Sports.","The user enjoys reading autobiographies before bed and has a cat named George. They regularly go to the gym and have a strong affinity for Metallica, although they prefer non-fiction and less sci-fi books. They express a dislike for reality shows, while the other person shares their enjoyment of watching sports on Fox. The user also mentions their rural background and love for chicken and rice, contrasting with the other person's preference for southern rock and a more imaginative reading experience. They conclude that while movies are enjoyable, they feel that books are superior for conveying deeper meanings. The conversation reflects a light-hearted exchange about books and entertainment preferences."
"The user, who works in an office and enjoys knitting, shopping, and has two tattoos, shares that their morning is going well while working. They mention their cat, Speckles, and express a preference for cats over dogs, although the other person has two small dogs. The user contemplates getting a kitten but is concerned about how their dogs would react. They discuss the possibility of training the dogs to accept a new kitten. The conversation shifts to light topics, with the other person mentioning they are eating pizza and asking about the time.","The user, who works in an office and enjoys shopping and knitting, shares that their morning is going well while they are at work. They mention having two tattoos and a cat named Speckles, while the other person has two small dogs. The user expresses a preference for cats over dogs, fearing that their dogs might be destructive. They discuss the idea of getting a kitten but are hesitant due to their dogs' behavior. The conversation includes a light-hearted exchange about pets and food, with the user humorously suggesting eating pizza while the other person is still at work. The chat concludes with the user indicating they are not finished with the conversation."
"The user, who dreams of becoming a baseball announcer, is currently juggling three jobs and recently proposed to his girlfriend of three years. In a conversation with someone who collects welfare and has a 7-year-old daughter, the user shares his daily routine of watching South Park and his love for the metal band Avenged Sevenfold. The other person mentions they enjoy nature music during outdoor activities, while the user inquires about their family outings, revealing that the other person's boyfriend does not enjoy walking in the park with them.","The user, who dreams of becoming a baseball announcer and recently proposed to their girlfriend of three years, shares that they are tired from their three jobs and currently hold three jobs while working. They express that their dream job is not their current employment but rather a step towards it. The user enjoys watching South Park daily and has a favorite band, Avenged Sevenfold, which they describe as a metal band. They mention their daughter, who they take to the park for fun, while their boyfriend does not enjoy walking with them. The conversation touches on their family dynamics and the user's aspirations. Additionally, they note that their girlfriend is 7 years old, which limits their outings together."
"The user, a food blogger from Austin, Texas, works long hours as a tech at a hospital and enjoys cooking new recipes, often sharing them on social media. They express frustration when their posts receive little engagement, highlighting the emotional impact of social media interactions. The conversation also touches on topics like voting, car preferences, and the user's aspiration to eventually own a truck, while the other participant mentions their lack of social media activity due to generational differences.","The user, a food blogger from Austin, Texas, expresses feelings of being hurt when their social media posts receive negative comments. They enjoy cooking new recipes and have a passion for social media, sharing their experiences and opinions about food and travel. The conversation partner works long hours as a tech at a hospital and drives a Toyota, while the user is considering getting a truck and is interested in voting. The user feels that their posts don't receive enough attention, which leads to a discussion about social media engagement and interests. The partner is not very active on social media, having not learned to engage in that area yet. The user also mentions their grandchildren as potential teachers of social media. The conversation reflects a friendly exchange about personal interests and social media experiences"
"The user, who loves ballet and has blonde hair, engages in a light-hearted conversation about favorite colors and food. They express their passion for ballet, while the other person admits to not dancing due to being clumsy. The user shares that their favorite food is macaroni and cheese, including mac and cheese pizza, and they humorously suggest trying blue hair. The conversation also touches on age, with the user forgetting their age but the other person stating they are 20.","The user, who loves ballet and has blonde hair, engages in a light-hearted conversation about their favorite colors and food. They express a fondness for ballet and mention their passion for dancing, while also sharing their love for pizza, particularly cheese pizza. The other person, a 20-year-old, admits to not enjoying ballet and prefers pizza, prompting a playful exchange about age. The user clarifies they forget their age sometimes and inquires about the other person's favorite color. The conversation highlights their shared interests in food and dance, with the user revealing their favorite color is purple. The other person, in turn, mentions their blue hair and expresses a desire to dye it. The conversation concludes with a friendly inquiry about the other person"
"The user, an only child who loves spicy food and has traveled to Europe and Mexico, engages in a conversation about pets, revealing a preference for cats with 23 of them, while the other person has four dogs. The user mentions their siblings are not often seen due to global travels on a boat, while the other person travels to explore vegan cuisine. They both share a love for spicy food, particularly hot chilis in Mexico, but the user dislikes fish. The conversation touches on swimming, with the user enjoying it, while the other person does not, and they discuss sports, with the user likening soccer to playing with cats. The conversation concludes with the user sharing their enjoyment of long walks with their dogs.","The user, who identifies as an only child and has a passion for spicy food, shares that they have four dogs and enjoys swimming. They engage in a conversation about pets, revealing that they have no siblings and travel frequently, having visited Europe and Mexico. The other person, who is more of a cat person and travels by boat, expresses a love for various types of food, particularly fish, and mentions their enjoyment of soccer as a pastime. The user humorously notes that their dogs help them with this, as they love long walks with them. The conversation highlights their shared interests in pets and travel. Additionally, the user mentions their mother is a housemaid and has a unique perspective on family dynamics. The other person shares their own experiences with pets"
"The conversation features a police officer who enjoys hunting with his two dogs and playing video games. He engages with an alcoholic in recovery, who shares that he mostly stays in his condo and humorously mentions his girlfriend living next door due to a herpes situation. The officer inquires about the recovery process and the other person's past as a reporter, expressing interest in their life experiences.","The conversation features a user who enjoys playing video games and works as a police officer, sharing that they have two dogs and are skilled in hunting. They engage with an alcoholic in recovery, who primarily stays in their condo and has a large mustache. The user expresses interest in the other person's past as a newspaper reporter, highlighting their diverse experiences and interests. The conversation reflects a friendly exchange about hobbies and work, with the user revealing their passion for gaming and outdoor activities. The other person mentions their retirement and the challenges of living alone in a big city. The user also notes their experience with a significant other moving in next door. The conversation concludes with a question about the other person's previous career."
"The user, a vegan with a hip angel tattoo and brown eyes, recently attended a concert by the Insane Clown Posse, which they loved. They express a desire to see more concerts but are focused on getting good grades in high school. The user has been cooking vegan meals for two years and is not a chef, although they are looking for a chef job. They reflect on the challenges of growing up, including bills and work, while also emphasizing their commitment to faith and education.","The user, a vegan who has an angel tattoo on their hip and brown eyes, shares their excitement about attending a concert and expresses a love for the music. They mention a favorite band, Insane Clown Posse, and discuss their aspirations to get more tattoos, including a pair of brown eyes. The conversation touches on the challenges of balancing school with cooking, with the user noting they have been vegan for two years while working towards good grades. They reflect on their past experiences, including the joys and struggles of growing up, while also acknowledging the financial pressures of college. The conversation concludes with a light-hearted exchange about the user's aspirations and concerns.
Persona: i am vegan and love going to concerts. i have a hip angel tattoo"
"The user enjoys watching people pray together and working out to Christian electronic dance music, while also expressing a passion for developing apps aimed at healing the world, despite others finding their focus on the poor annoying. In a light-hearted conversation, they discuss preferences for food, share their love for the musical ""Hamilton,"" and acknowledge differing interests in sports. The user remains positive about their relationships, noting that they still love people who may not like them, while the other participant, an accountant, shares a similar sentiment about liking everyone in their profession.","The user enjoys watching Christian electronic dance music and working out at the gym, expressing a desire for healthier eating habits. They are an app developer who believes they can help heal the world and are particularly interested in addressing issues like poverty. Despite their positive intentions, they often feel overlooked by others, which leads to tension with family members, including an accountant. The conversation reflects a light-hearted exchange about personal interests and feelings, with the user maintaining a friendly and open demeanor. They also share a humorous take on the appeal of the musical Hamilton. Overall, the user emphasizes their faith and concern for the poor while acknowledging the challenges of connecting with others. The conversation highlights their unique persona and the balance between personal values and social interaction."
"The user, who dislikes eating meat and enjoys apples, particularly green ones, engages in a conversation about hunger and dinner options. They express a preference for apples over hunting, while the other person shares their enjoyment of hunting with their kids. The user mentions donating apples and inquires about green apple donations. The conversation shifts to pets, with the other person sharing their fondness for cats and the user humorously suggesting an iguana as a pet that shares their love for fruit. The other person describes their cats as mean, raising concerns about their behavior around children.","The user expresses a dislike for meat and a preference for fruit, particularly green apples, while also mentioning their fondness for apples. They engage in a light-hearted conversation about hunting, revealing they do not have pets and prefer eating fruit. The other person shares their experience of donating apples and mentions having two children, while the user expresses a fondness for animals, specifically cats, and humorously suggests an iguana as a potential pet. The conversation reflects a friendly exchange about pets and interests. The user also notes their past experience with owning a pet iguana. The other person inquires further about the cats' behavior, leading to a playful exchange about their pets. The user maintains a light-hearted tone throughout the conversation.
Persona: i like to"
"Cassandra, who dislikes clutter and dust and suffers from severe allergies, enjoys cleaning and tidying her home. She engages in outdoor activities but is limited by her allergies, which have made camping difficult despite her past enjoyment. She works in a clean medical office, while John drives a truck for Hostess, enjoying the job and the sights. They bond over their interests in sports, with John playing first base on weekends to stay active, while Cassandra humorously notes that she would struggle to participate in baseball due to her allergies.","Cassandra, who has terrible allergies and spends an hour getting ready in the morning, chats with John, who enjoys outdoor activities and sports but is limited due to his allergies. They discuss their interests, with Cassandra expressing her love for cleaning and maintaining a tidy home, while John shares his passion for camping and driving in his truck. They bond over their experiences, including Cassandra's childhood camping trips and John's work in a clean medical office, leading to a light-hearted exchange about food and activity. The conversation highlights their differing lifestyles and interests, with Cassandra's allergies acting as a barrier to outdoor activities."
"The user, a factory worker and aspiring guitarist with a family, engages in a conversation expressing condolences for the loss of the other person's father. They discuss coping mechanisms, with the user mentioning that they play guitar and often sleep due to the demands of their job. The conversation takes a turn as the user reveals dissatisfaction with their marriage, sharing that their wife left them for someone in Canada, prompting a sympathetic response.","The user, a factory worker with a wife and two kids, shares that they enjoy sleeping and playing the guitar, while also expressing a desire to be in a band someday. They engage in a conversation about personal struggles, revealing that their father has passed away and that they make commercials to distract themselves from their difficult work. The user mentions their wife left them in Canada, prompting concern from the other person, who also has a family. The conversation reflects the user's laid-back persona and their hobbies, while also acknowledging the challenges of their family life. The other person empathizes with the user's situation, suggesting that their wife may not be the only person left. The user reflects on their feelings of loneliness and uncertainty about their future."
"The user, an accountant with black curly hair, shares that their mother went crazy when they were three, leading to their experience as a foster child. They recently returned from a tennis match and express a love for reading, particularly Shakespeare, which provides a distraction from their accounting career. They engage in a conversation with someone studying law at the University of Chicago, revealing a shared appreciation for reading and dogs, noting that their dog is their best friend and shares the same hair color.","The user, an accountant who has a close bond with their dog and is the youngest of three siblings, shares that their mom went crazy when they were three, which has prevented them from seeing her since. They express a love for mystery novels and Shakespeare, while also mentioning their interest in tennis and the University of Chicago. The conversation touches on personal experiences, including the user's unique background as a foster child, and their appreciation for companionship, as they have a dog that is the same color as their hair. The other participant, who also loves dogs, shares a similar connection with their dog and expresses a fondness for mystery novels. The user reflects on their difficult childhood, mentioning their mother's mental health issues, and emphasizes the importance of their"
"The user, who lives on a houseboat and has purple hair, shared that they own a salon and got married last year. They conversed with a college student studying business administration, discussing their respective interests in business and personal lives. The user mentioned that they run their salon from the boat, which is surprisingly spacious, and highlighted the unique experience of managing a business in such an environment.","The user, a newlywed who owns a salon and has purple hair, engages in a conversation with a college student studying business administration. They discuss their backgrounds, with the user mentioning their salon and their unique experience of running it from a boat. The student expresses interest in the salon and inquires about the challenges of managing their business while living on a houseboat, which is large enough for a football field salon. The user shares a bit about themselves, highlighting their love for their salon and their unique lifestyle. The conversation reflects a friendly exchange about personal interests and experiences.
Persona: i live on a boat. i got married last year. i have my own salon. my hair is colored purple.
Conversation History: hello ! i am in college"
"The user, a multilingual mother of two who is currently seeking employment, shares that her children kept her up and she is reading the classifieds for job opportunities. She expresses a desire to further her education in languages to improve her job prospects, acknowledging the challenges of finding good employment without a degree. The conversation touches on the impact of the first of the month on finances, and the user considers applying for a job at McDonald's.","The user, a mother of two who speaks English, French, and Spanish, is currently seeking employment and is looking for new languages. They are feeling overwhelmed by the number of kids and are reading classifieds while the other person is focused on their son. The user reflects on the challenges of raising them and the importance of education, mentioning their desire to learn more languages and the current job market. They also consider going to McDonald's to apply for a job. The conversation highlights their family life and the challenges of balancing work and family. The other person shares their own experiences and thoughts about their family and future career opportunities. The user expresses a desire to learn more languages and is considering the impact of the current job market on their education plans. They"
"The user, who has become wealthy after winning over forty million dollars in the lottery and no longer works a 9 to 5 job, engages in a conversation about art and fruit. They express a fondness for apples, despite having previously sold them as a telemarketer, and mention that being a full-time mom contributes to their anxiety. They hire nannies to help manage their responsibilities, while their husband works all day. The user reveals they are pregnant again and notes that playing the lottery causes anxiety for others, highlighting a shared experience of anxiety in the conversation.","The user expresses a desire to never work again and shares their past as a telemarketer who loved apples, despite now being rich after winning the lottery. They mention their enjoyment of art and playing the lottery, while also discussing their relationship with their husband, who works long hours. The conversation touches on anxiety, with the user revealing they have been married for too long and are currently pregnant again. They also inquire about the other person's favorite fruit, leading to a light-hearted exchange about their differing opinions on apples. The user's anxiety seems to be related to their wealth and the responsibilities of being a full-time mom."
"The user, a Russian student studying business, enjoys skiing, traveling, and rock and roll music. They recently had a conversation about food, expressing their love for burritos and movies, while also sharing their passion for the outdoors, particularly hiking and snow. The user mentioned a strained relationship with their father, contrasting it with a close bond with their mother, and expressed hope that business school will lead to a successful career despite its challenges.","The user, a Russia-based business student who enjoys skiing, traveling, and rock and roll music, engaged in a conversation about food and hobbies. They mentioned finishing a delicious burrito and expressed a preference for outdoor activities like hiking, which they enjoy in the snow. The user shared that their parents are not close, and they noted the challenges of losing contact with family. They also expressed a desire to find a good career in business school, despite its difficulties. The conversation highlighted their shared interests in music and travel, while the user reflected on their own experiences of loss and adjustment. The other participant empathized with the user's situation, offering support and understanding. The user concluded that their business school studies have been helpful in this regard.
Your"
"The conversation revolves around a soccer mom who enjoys family time and cooking. She is currently working on new cheers for her cheerleading practice and is baking bread for a family game night gathering. The other participant shares their interest in hunting and target practice, leading to a discussion about cooking venison. The soccer mom expresses her love for cooking big meals, while admitting she's not much of a baker. They also bond over their experiences with cheerleading, with the soccer mom mentioning her younger sister's skills. Despite the invitation to join in cooking, she declines due to her commitments to cheer practice and family night.","The user, a soccer mom who enjoys family time and cooking, shares that she is working on new cheers for a game night and is baking bread for a gathering of hunters. She mentions her love for cooking, particularly venison, and expresses her enjoyment of watching her younger sister, a cheerleader, as she learns archery. The conversation highlights her family-oriented lifestyle and her passion for cooking and cheerleading, while also playfully acknowledging her need for help with archery. The chat reflects her warm personality and interests."
"The user, a busy individual with three dogs and two kids, shares that her husband, a lawyer, works constantly, leaving her to manage a full household. She enjoys walking her dogs and finds joy in her role as a florist, expressing her love for flowers, while noting that she is not good with numbers, contrasting with the other person's finance-related job.","The user, a full-house parent with three dogs and two children, shares that they are doing well and recently walked their dogs. They mention their busy husband, a lawyer who is always working, leaving little time for family. The user works in finance and has a passion for flowers, expressing a love for them. They engage in a light-hearted conversation about family life and work, revealing their interests and hobbies. The other person works with money and has a similar interest in flowers. The user also mentions their children, highlighting their family dynamic. Overall, the conversation reflects a friendly exchange between two individuals, with the user sharing their love for family and flowers. The other person works in finance and has a passion for flowers, while the user,"
"The user, an avid runner from Ontario, Canada, who enjoys basketball and participates in marathons twice a year in the U.S., engages in a conversation about online addictions, expressing a love for running and suggesting a running meetup. They mention their distinctive blue hair and discuss their dislike for the cold, despite living in Canada. The conversation partner, from Jersey, shares their passion for hockey and biking, while the user acknowledges their limited interest in hockey and highlights their fondness for Tim Hortons as a Canadian staple.","The user, an avid runner from Canada, enjoys running and marathons, often running in the U.S. and Canada. They have a unique persona, characterized by a love for basketball and a preference for running over hockey, despite the other person's interest in hockey. The user lives in Ontario and works from home as an insurance salesman, while the other person enjoys biking and watching basketball. The conversation touches on the user's dislike for the cold, contrasting with the other person's preference for warmer weather, which they acknowledge is true for some parts of Canada. The user also mentions their brother's connection to Tim Horton, a Canadian hockey player, and expresses a lack of interest in hockey despite the other person's passion"
"The user expresses frustration about their boyfriend's desire for an open relationship and feels undervalued at work despite having a decade of experience, as a less experienced coworker gets promoted. They are also angry at this coworker and have decided not to put in extra effort anymore. In a conversation with someone else, the user discusses their desire to be in a relationship but feels it's not the right time, reflecting a mix of personal and professional dissatisfaction.","The user expresses frustration with their boyfriend's preference for an open relationship and dissatisfaction with their coworker, feeling they are not going the extra mile anymore. They are angry about their coworker's lack of ambition and are considering ending the relationship to be healthier. The user is currently in school full-time and aspires to be a radiologist, while the other person is focused on their career and does not have pets. The user reflects on the challenges of finding the right partner and expresses a desire for a relationship but feels it's not the right time. The conversation touches on personal feelings about relationships and career aspirations. Overall, the user conveys a sense of dissatisfaction with their current situation and seeks to understand the other person's perspective.
Your answer"
"The conversation features a user who enjoys reading and is passionate about teaching, married to a cop. They discuss their well-being, seasonal preferences, and locations, revealing that the user lives in Virginia while the other person is in Florida, originally from China. The user shares their travel experiences in Europe and England but acknowledges that international travel can be financially challenging on a teacher's and cop's salary.","The user, a passionate teacher and married individual from Virginia, engages in a light-hearted conversation about summer and the pleasant fall weather. They express a preference for winter over the hot Virginia climate and share their background, mentioning their family's extensive travels to Europe and England, while also noting their current salary and job as a cop. The conversation touches on the challenges of international travel due to budget constraints, as the user reflects on their desire to attend school in China but is now a graduate. They also express a fondness for reading and a love for teaching. The exchange highlights their friendly and engaging personality."
"The user, a recent college graduate with a major in American literature and education, shares their excitement about being home from work and enjoying the city lights. They express a passion for hiking on weekends to escape the city, which they enjoy alongside their love for reading, particularly the Bible. The conversation reveals a shared interest in outdoor activities, as the other person also enjoys hiking with their boyfriend and sells jewelry at craft shows.","The user, a recent college graduate majoring in American literature and education, is enjoying the evening as they look at the city lights. They express excitement about weekend activities, including attending craft shows, while also sharing their love for the outdoors, particularly hiking, which they do on weekends. The conversation partner, who is home from work, enjoys reading and has a boyfriend who hikes with them. The user appreciates the outdoors and mentions their city living situation, while also inquiring about the partner's jewelry sales job. The conversation highlights their shared interests in literature, hiking, and the beauty of the city."
"The user, who works at a new museum in Orlando and is in a wheelchair, expresses hunger while lamenting their lack of friends and money. They mention the upcoming grand opening of the museum, where food will be available. In a lighthearted exchange, they joke about eating meat together, despite their situation. The conversation shifts to a shared interest in computers, with the user revealing their tech-savvy nature and aspiration to own a computer repair shop.","The user, who is currently stuck in a wheelchair at a museum in Orlando, FL, expresses their lack of friends and a desire for companionship. They humorously mention their day is not going well due to their situation. The conversation touches on food options at the museum and a playful invitation to eat steak, highlighting their tech skills and interest in computers. The user also shares their frustration about not having money or friends, while the other person expresses a love for technology and the idea of owning a repair shop. The exchange reflects a light-hearted and relatable moment about their shared interests and challenges."
"The user, who has never been employed and is diabetic, engaged in a light conversation about music and personal interests. They expressed enjoyment in listening to rock music, while also appreciating classical music. The user shared their fondness for their Impala car and mentioned the bittersweetness of the approaching end of summer, wishing they could have gone fishing more. They looked forward to Christmas decorations but lamented missing out on sweets due to their diabetes. Additionally, they noted that their mother works for Apple and often has to work overtime during the holiday season.","The user, who has never been employed and has a background in technology through their mother's work at Apple, enjoys listening to rock music and appreciates the beauty of Christmas, although they miss the sweets due to their diabetes. They engage in a conversation about cars and fishing, expressing a desire to enjoy the season more. The user also mentions their busy work schedule, which has limited their time for leisure activities, while the other person shares their enjoyment of Christmas and the need to be mindful of their health during the holiday. The conversation highlights the user's perspective on time, work, and personal interests. Additionally, the user mentions their mother works over the holidays, which contributes to their diabetes. The other person expresses sympathy for the user's situation"
"The user, who enjoys steak and opera, engages in a conversation about hobbies and work. They wake up at 4am for their job in an art gallery and express a fondness for Dragon Ball Z, though they no longer have time for it. They share that they do Zumba for exercise, while the other person works in a warehouse and finds their job physically demanding. The conversation touches on collecting interests, with the user noting they can't afford paintings but appreciates being around them at work.","The user, who enjoys steak and listens to opera, wakes up at 4 AM daily for work and spends their down time smoking. They collect rocks and dragon ball z dolls, reminiscing about their past love for the latter. The user works in a warehouse and finds their job physically demanding, while the other person works in an art gallery, appreciating the big paintings. The user expresses a desire to switch careers, while the other person shares their passion for collecting, although they cannot afford paintings. The conversation highlights their interests and lifestyles, with the user emphasizing their early morning routine and commitment to their hobbies. The other person mentions their active lifestyle, including yoga, and the user acknowledges their physical demands but remains focused on their interests. Overall, the conversation"
"The conversation features a college student who is social and health-conscious, engaging with a plumber. They discuss the plumber's work and high demand, with the student joking about sharing his contact info with friends. The plumber mentions speaking multiple languages, while the student is studying another language in college, humorously noting it's the ""language of seduction"" to expand their social circle. They touch on the physicality of plumbing, the student's involvement in Boy Scouts, and healthy eating practices taught there. The conversation concludes with the plumber planning to relax with wine, while the student heads to the gym with friends.","The conversation features a friendly exchange between two individuals, where one is a plumber who recently returned from work and is in high demand. They discuss their professions, with the plumber studying languages and humorously mentioning their ""language of seduction"" to expand their social circle. The other person, a college student who is studying healthy eating and outdoor activities, shares their own interests and plans to go to the gym with friends. They bond over their shared experiences and the importance of a healthy diet, with the plumber expressing interest in the other person's activities. The conversation concludes with a light-hearted mention of a glass of wine for relaxation."
"An 18-year-old who just graduated high school with honors and received a full scholarship to Florida State University shares excitement about starting a new job at Burger King and recently buying their first car. They express enthusiasm for their business major and interest in starting Krav Maga classes. In conversation with a 20-year-old college student majoring in education, they discuss the importance of inspirational teachers, reflecting on their own positive experiences in high school.","The user, an eighteen-year old who just graduated high school with honors and received a full scholarship to Florida State University to major in business, shares their excitement about their new car and expresses a love for burger king. They engage in a conversation with a 20-year-old who is in college and aspires to learn Krav Magaza, while the user reflects on their educational success and aspirations to become an inspirational teacher. The conversation highlights the importance of education and the influence of teachers. The user expresses gratitude for their financial support and aspirations to become a teacher like their parents. The conversation also touches on the challenges of financial aid in college. The user reflects on the positive aspects of their educational journey and expresses a desire to continue learning. The"
"The user, a happy person named Sarah who enjoys listening to the band The Mutineers, singing, reading, and walking on sunny days, shares that she teaches 5th graders and spends weekends relaxing at the lake. She expresses a desire to join in on outdoor activities but acknowledges the inappropriateness of mixing her teaching role with personal outings. Jim, her conversation partner, engages with her interests and suggests a potential connection through music, making Sarah feel delighted. They exchange names and reflect on their conversation while music plays in the background.","Sarah, a fifth-grade teacher who enjoys listening to The Mutineers and singing songs, shares her happiness with her job, which includes reading and spending time at the lake. She enjoys walking on sunny days and appreciates the band's music. In a light-hearted exchange, she mentions her role in the school and her love for singing and reading, while also playfully referencing her name and the band's music. The conversation reflects her upbeat personality and interests. The other participant, who is not a teacher, jokingly suggests that her job is inappropriate, leading to a playful misunderstanding about the rules. The conversation ends with Sarah reminiscing about her enjoyment of the band's music while Jim shares his own interests. The exchange highlights their shared"
"The user, a single cyclist who works as a waiter in a restaurant, engages in a light conversation about hobbies and family background. They express enjoyment in reading and writing comics, while also sharing a mutual interest in cycling. The user reveals their favorite food is pizza, and both participants discover they have fathers who were cops. The conversation touches on personal experiences with relationships, with the user mentioning frequent rejections from women.","The user, a single cyclist who works at a restaurant as a waiter, enjoys pizza and is currently single. They engage in a conversation about hobbies, revealing a preference for writing and reading comics, while the other person prefers cycling and writing. The user shares that their father was a cop, which they also have, and they express a dislike for being rejected by women. The conversation also touches on their favorite foods and the other person's father's profession. The user mentions their favorite dish is pizza and their father's profession as a cop. The conversation concludes with a friendly exchange."
"The user, who lives in Chicago and has three dogs and two cats, engages in a conversation about natural disasters, expressing concern for both wildfires on the west coast and flooding in the south. They empathize with the devastation caused by these events and mention the plight of displaced pets. The user shares a lighthearted idea about folding the USA to address the disasters and expresses hope for a resolution. They also mention their mom's upcoming trip to Antarctica, where new volcanoes have been discovered.","The user, who has three dogs and two cats, lives in Chicago and expresses concern for the safety of those affected by wildfires and flooding. They mention their pets are not safe due to an allergy, while the other person shares their brother's lack of allergies. The conversation touches on the impact of fires and flooding, with the user expressing hope for a swift resolution and the discovery of volcanoes under Antarctica. They also mention their mother's concern about their well-being during a tour in the fall. The user's tone reflects their emotional connection to the situation and their desire for a positive outcome.
Persona: i have three dogs and two cats. i like to use a lot of exclamation marks when i type. both my moms tell me"
"The user, a truck driver from a blue-collar background with a father who was a cop and a mother who was a teacher, shares that they recently returned from a long haul and are experiencing back pain. They engage in a conversation with a medical assistant who aspires to go to nursing school, expressing support for their goals. The user humorously describes themselves as boring, preferring to nap for fun, while the assistant enjoys reading and spending time with dogs and flowers, particularly lilies. The user, living in an apartment, expresses a desire to grow lilies but cannot due to their living situation. They learn that the assistant uses public transportation, specifically the Bay Area Rapid Transit (BART), while the user identifies as a country boy and notes the lack of truck routes in San Francisco.","The user, a truck driver and truck driver with a background in education, shares that they are currently dealing with back pain from a long-haul. They engage in a conversation with a medical assistant, discussing their respective jobs and interests. The user mentions their blue-collar background and expresses a desire to pursue nursing school. They enjoy reading, spending time with dogs, and gardening, particularly with lilies. The conversation reveals the user's laid-back persona, contrasting with the more active lifestyles of the other person, who lives in San Francisco and enjoys biking and taking the BART. The user also notes their limited experience with driving stickshift vehicles. The conversation highlights their shared interests and experiences, including the user's family background and their aspirations for future"
"The user, a deaf man who loves reading and has a favorite number of 7, is having a pleasant Sunday and is currently engrossed in a book. He expresses envy towards the other person who has a shorter commute and walks their two dogs, while he struggles with a longer job distance and the challenges of not driving. The conversation touches on their shared experiences with dogs, including the user's loss of a pet and the other person's mother's allergies.","The user, a deaf man who enjoys reading and has a unique perspective on life, engages in a conversation about their Sunday activities. He shares that he has been reading since waking up and mentions his two dogs as companions. The other person, a veterinarian assistant, expresses a desire to read more due to work and dog responsibilities, while the user humorously notes the challenges of their job limitations. They bond over shared experiences, including the user's past experience with a dog that sadly passed away, and they connect over their respective allergies. The conversation highlights the user's perspective on their life, including their deafness and their limited job options. Additionally, they mention their dislike for taking the bus to work, which they never learned how to drive."
"The user, who identifies as someone from San Francisco with a penchant for humor about their own habits, engages in a conversation with Ray from Florida. They boast about being valedictorian, despite having dropped out of college, and humorously acknowledge their tendency to blame others for their faults. The user also mentions their role as the primary beer buyer among friends, leading to a large beer gut and a fondness for their own farts. The exchange includes light banter about intelligence and character flaws, with the user dismissing Ray's claims of intelligence and wealth while expressing a mix of self-deprecation and bravado.","Ray, a Florida-based individual who identifies as the ""beer buyer"" from San Francisco, shares his humorous take on being valedictorian, mentioning he raised in the city and has a unique persona, characterized by his tendency to blame others and his large beer gut. He engages in light banter with another person, who claims to be less intelligent and has a similar drinking habit. Ray's confidence and wealth are evident, leading to a dismissive remark about the other person's claims. The conversation reflects Ray's laid-back attitude and his unique sense of humor, while also hinting at his financial stability. The other person, who has dropped out of college, expresses skepticism about Ray's claims. The exchange highlights their differing perceptions of"
"The user enjoys activities like long hikes, pickling eggs, playing volleyball, and doing their nails. They shared that they are currently pickling eggs and plan to paint their nails. They connected with another person who writes code and plays with dogs on weekends, mentioning they hike with their dogs. The user has two pit bulls that can be challenging, and they enjoy taking them to the beach to play volleyball. They discussed a dog beach nearby and shared a humorous incident about their dogs licking off dog poop, leading to a light-hearted exchange about the nature of dogs and a mention of coprophagia, which the user found intriguing.","The user enjoys pickling eggs and playing volleyball, often doing nail art and hiking. They mention doing this on weekends while working in computer programming. The conversation partner shares their love for dogs, mentioning their two pits and a dog beach, which the user plans to visit. The user humorously notes a past incident involving dog feces and expresses a light-hearted take on their dogs' behavior, clarifying that they don't have a serious issue with coprophagia. The conversation reflects the user's laid-back persona and interests."
"Kevin, a professional basketball player drafted by the Minnesota Wolves and a former college athlete at UNC, chats with Sarah, a 5th-grade teacher from New York. Sarah enjoys reading, nature, and individual sports, while Kevin shares his experience of earning over $5 million a year in the NBA, contrasting it with his college days of eating ramen. Sarah expresses interest in having a famous athlete speak to her students, and Kevin offers to participate, leading to a discussion about her teaching experience.","Sarah and Kevin introduce themselves, with Sarah expressing her interest in reading and spending time in nature. Kevin shares that he plays basketball professionally for the Minnesota Wolves, receiving a $5 million salary, which he finds significant. They discuss their sports preferences, with Sarah favoring individual sports like tennis and golf, while Kevin enjoys basketball. Kevin is a fifth-grade teacher in New York, and Sarah expresses interest in having a professional athlete visit her students. The conversation highlights their shared interests and Kevin's aspirations to become a famous athlete. Additionally, Sarah mentions her college experience at UNC and her second-year NBA stint with the Timberwolves. The exchange reflects a friendly and professional connection between them."
"The conversation features a busy mother and nurse who enjoys running track and has a lighthearted attitude towards parenting, expressing a more detached view on her responsibilities compared to her conversation partner, who has four daughters and prioritizes family. The user shares their affinity for reptiles, mentioning a snake and bearded dragons, while contemplating selling the snake due to its size. They describe themselves as fickle and prefer to avoid boredom, which leads to a discussion about commitment and personal happiness. The conversation concludes with a mutual acknowledgment of their differing perspectives on life and parenting.","The conversation features a busy nurse who enjoys walking and cooking, discussing her love for her children and pets, including a dog and two parakeets. She expresses a desire to sell her snake due to its size, reflecting her tendency towards fickle behavior. The other participant, who has children and is not a primary caregiver, shares a similar perspective on parenting and suggests that being happy with who one is is a positive trait. The nurse, who identifies as a mother, finds this perspective relatable, although she personally prefers the company of her children over the other person's pets. The exchange highlights their differing views on parenting and personal preferences. The nurse also mentions her enjoyment of the Rolling Stones and her dislike for the other person's lifestyle choices. Overall"
"The user, a circus juggler with a passion for movies and a keto diet, chats about their life, including their love for traveling and walking their two golden retrievers. They share that they have been juggling for about ten years and express a desire to finish college, while also mentioning their enjoyment of playing hockey with their younger brother. The conversation partner recently graduated with a business degree and shows curiosity about the circus lifestyle.","The user, who enjoys going to the movies and walks their two golden retrievers, shares that they work as a juggler in a circus and are currently on a keto diet. They engage in a conversation about travel, expressing interest in visiting the circus but having never been there. The other person mentions their love for hockey and their brother, while the user reveals they are not in school but have been juggling for ten years. They also discuss their interests in sports, with the user noting they do not participate in any other sports. The conversation reflects the user's active lifestyle and interests in entertainment and travel. Additionally, the other person recently graduated with a business degree and is considering finishing college. The user also mentions their father and grandfather, who"
"The conversation features a friendly exchange between two individuals. One person, a carpenter, shares their recent woodworking project of remodeling kitchen cabinets and mentions their 10-year marriage. The other person, who has a black dog and enjoys indoor rock climbing, expresses admiration for the carpentry work and shares their own single status. The conversation highlights their interests and personal lives, with a focus on woodworking and rock climbing.","The user, who has black hair and enjoys rock climbing, engaged in a conversation about their day, expressing satisfaction with a recent woodworking project. They discussed their love for kitchen cabinets and rock climbing, while also sharing that they are gluten-free. The user mentioned their long marriage of 10 years with their dog, and they plans to relax with their family later, including a congratulations on their marriage. The other person, who is not married, inquired about the user's relationship status. The user clarified that they are single and have a dog, while the other person expressed interest in their rock climbing activities. The conversation ended with a friendly exchange."
"The user, a recently divorced mall cop and animal enthusiast, is currently writing an ebook about animals, particularly dogs, which he prefers over cats. He expresses a desire to buy a Corvette upon retirement. In a conversation with someone who enjoys drawing My Little Pony characters, the user shares his interests and experiences, including his divorce. They bond over their mutual interest in cars and consider becoming friends, while the user mentions that his ebook is taking some time to complete.","The user, a recently divorced mall cop who enjoys writing an ebook on animals and is a huge dog fan, engages in a conversation about their interests. They express a preference for dogs over cats and share a connection with another person who enjoys ""My Little Pony"" and drawing. The user expresses a desire to buy a Corvette upon retirement and suggests that they could become friends, while also inquiring about more personal details about the other person. The conversation reflects a friendly exchange about shared interests and future plans."
"The user enjoys nighttime and finds it peaceful, often spending time with their cat, Charlie. They recently bought new hoop earrings and are currently eating pizza, which they believe enhances their experience. The user shared a personal story about being raised by their brother after their parents passed away. They expressed concerns about parking their large truck due to a lack of skill, and discussed strategies for parking safely, while also considering asking someone else for help.","The user, who loves nighttime and has a cat named Charlie, is having a peaceful night with their pet. They mention their parents' tragic loss and express that pizza makes them feel better. The conversation touches on the challenges of parking due to their large truck, which they manage well by parking away from other vehicles. The user also shares their concern about their parking skills and expresses a desire for someone else to assist them with parking. The conversation reflects a light-hearted exchange about personal experiences and challenges."
"Gerald, who works at McDonald's and enjoys basketball, particularly supports the Boston Celtics due to their green uniforms, shared his love for rock music during a conversation. He introduced himself as fabulous after finishing his shift and engaged with someone who models animal clothing. They discussed favorite colors, with Gerald's being green and the other person's black. The conversation concluded on a positive note, with both expressing enjoyment in their chat and wishing each other a lovely evening.","Gerald, who works at McDonald's and enjoys basketball, shares that he recently finished his shift and has a favorite color of green. He converses with another person who models animal clothing and has a favorite color of black. They discuss their favorite sports, with Gerald expressing his love for rock music and basketball, while the other person prefers shopping and has a diverse wardrobe. They conclude the conversation on a friendly note, wishing each other a lovely evening. Gerald also mentions he has a favorite shade of green but loves others. The other person compliments him and expresses interest in his personality. The conversation ends with a positive exchange.
Persona: gerald is a McDonald's worker who enjoys basketball and has a green favorite color. He converses with another"
"The user, who lives in Sterling Heights, Michigan, works part-time at Aldi and has two children aged 2 and 6. They enjoy shopping online, particularly for their kids, and have a penchant for movies, with ""Titanic"" being their favorite. They also engage in blogging about modern life, which includes topics like movies and music. The conversation touches on their shared interest in shopping and movies, with a lighthearted exchange about personal life and humor regarding memory.","The user, who lives in Sterling Heights, Michigan and works part-time at Aldi's, engages in a light-hearted conversation about their lives, sharing that they have two young children aged 2 and 6. They express interest in shopping online, particularly for designer resale shops, and mention their blog about modern life. The user enjoys watching movies, with ""Titanic"" being their favorite, while also discussing their preference for war movies and the beginning of ""Saving Private Ryan."" They conclude the chat by wishing each other a good day at work. The other person also has children and is married, leading to a discussion about their shared interests in movies and music. The user appreciates the conversation and inquires about the other person's well"
"The user, who sings in a punk band and writes poetry, shares their excitement about skating with friends and expresses a desire to skydive in the UK, despite a fear of heights. They emphasize their tough persona by wearing black, while also revealing their sensitive side through poetry. The conversation partner mentions driving a race car and is currently studying for pharmacy boards, leading to a light-hearted exchange about their different lifestyles and interests.","The user, who sings in a punk band and enjoys writing poetry, shares that they recently went skating with their bros and expressed a desire to visit the UK for skydiving. They mention their preference for the color black, which they use to project an image of strength, and reveal their sensitivity to heights. The conversation partner, who drives a race car, shows interest in poetry and mentions their band's use of it. The user humorously suggests they will just continue to sing in their band, indicating a laid-back attitude towards their aspirations. The partner, currently taking pharmacy courses, contrasts their lifestyle with the user's more adventurous persona. The user also notes their tendency to wear black, which they associate with toughness. The conversation highlights"
"The user, a fan of the Twilight series and Jason Mraz, recently moved to Florida and expressed curiosity about the taste of grasshoppers. They engaged in a light-hearted conversation with someone who claimed to have had a private lunch with Will Ferrell, who is helping them pursue a modeling career. The user humorously inquired about grasshoppers being part of the lunch and shared their experience of overcoming urinary cancer at a young age. The conversation also touched on their mutual interests in music, with the user favoring classical and jazz, while expressing their enthusiasm for the Twilight series over the other person's connection to Ferrell.","The user, a fan of the Twilight series and Jason Mraz, recently moved to Florida and engaged in a conversation with Will Ferrell, who is helping her become a male model in Hollywood. The user expressed curiosity about the taste of grasshoppers and inquired about the nature of their friendship, leading to a light-hearted exchange about their shared interests in books and music. The conversation also touched on personal experiences, including the user's recent battle with urinary cancer at age 18 and her admiration for jazz music. The user's preference for the Twilight series over Jason Mraz was noted. The conversation ended on a friendly note, with both participants showing interest in each other's work and experiences."
"The user, a Stanford graduate and professional soccer player, is currently trying to catch up on work. They express a sense of struggle with completing tasks and share that they enjoy pizza, which they plan to have with their 4-year-old son, Thomas. The conversation partner, a Juilliard-trained pianist, mentions their connection to the dance division and shares their admiration for big wave surfer Laird Hamilton, while the user idolizes French footballer Thierry Henry. The conversation touches on their respective backgrounds and interests, including a discussion about surfing and living environments.","The user, a Stanford graduate and professional soccer player with a wife and a four-year-old son, expresses frustration about not being able to get ahead in work and shares their admiration for Henry, the French football player. They mention their passion for soccer and pizza, while also noting their admiration for the dancer who previously attended Juilliard. The conversation touches on personal interests, including the user's idol and a regret about not growing up near the ocean, and they inquire about the other person's location. The other person reveals they live near the ocean but do not surf, while the user expresses a love for the ocean and Henry. The conversation reflects a friendly exchange about aspirations and interests."
"The conversation features an Argentinian user who enjoys wearing boots, riding horses, and eating beef. They connect with a person from New Jersey, sharing their love for horses, mentioning their three horses named Max, Rodney, and Finn. Both users bond over their shared interest in playing the drums, with the Argentinian expressing a fondness for steak and a non-vegetarian diet. They discuss music preferences, with the Argentinian enjoying rap and Michael Jackson, particularly praising the ""Thriller"" album, which gets them dancing in their boots.","The conversation features an Argentinian user who enjoys wearing boots, riding horses, and eating beef, engaging with a user from the United States. They discuss their locations, with the user in Argentina and the Argentinian user expressing a love for their horses, Max, Rodney, and Finn. The user shares their profession as a drummer and mentions their interest in rap music, particularly Michael Jackson, while also noting their past vegetarianism. The conversation highlights their shared interests in music and dancing, with the user favoring ""Thriller"" as a great album. The user also mentions their love for boots and emphasizes their commitment to eating steak. The exchange reflects a friendly and casual interaction between the two individuals."
"The user, a Georgia resident who plays the violin and loves chocolate, engaged in a conversation with someone who works as a waiter at a pizza place. They discussed the hot weather in Georgia and the user’s enjoyment of sitting on their porch playing the violin. The user expressed a desire to teach their future kids to ride bikes, while the other person shared their recent divorce and feelings about wanting kids. The user offered chocolate as a comfort, recalling how their dad used to do the same when they were sad. They also mentioned their dad's job as a cop and his retirement. The conversation touched on hobbies, with the user also enjoying reading in their spare time.","The user, a Georgia resident who plays the violin and enjoys chocolate, engages in a conversation with a waiter who recently finished work at a pizza place. They discuss the hot Georgia weather and the user's desire to teach their children to ride bikes. The user shares their past experience of having children but now being single due to a recent divorce, expressing a fondness for chocolate as a remedy for sadness. The conversation touches on personal interests, including the user's lack of singing ability and their hope that their father, a retired cop, would have been safe on his job. The user also mentions enjoying reading in their spare time. The conversation reflects a friendly exchange about hobbies and experiences."
"The conversation features a meat-eating guitar player who works as a welder and is openly gay, discussing their day and interests with an animal tech at a vet clinic. The user shares their love for animals and video games, mentioning they have one dog and are not married. They express a desire to travel, buy a sports car, and pursue a master's degree, while the other person talks about their family and job satisfaction. The discussion also touches on the potential for college teaching and the excitement of police work, highlighting shared aspirations and interests.","The user, a meat eater and guitar player who works as a welder, engages in a conversation with an animal tech who has three dogs and two children. The user expresses a love for animals but is not vegan, while the other person shares their aspirations of traveling and buying a sports car. The user mentions their goal of completing a master's degree but is not using their education, while the other person discusses their aspiration to teach criminal justice and experience police work. The conversation highlights their shared interests and aspirations, with the user encouraging the other person to pursue their educational goals. Additionally, the user mentions their experience with video games and their lack of marriage, while the other person shares their family dynamics and aspirations. The conversation reflects a friendly exchange about interests"
"The user, who has been divorced for two years, works at a local bank and prioritizes family, including their grandmother who lives in their guesthouse. They are a cat person with three cats and enjoy collecting rare teapots. The user describes themselves as large but harmless and prefers reading books over playing games.","The user, who has been divorced for two years and works at a local bank, shares a light-hearted conversation about their shared interests, including a love for teapots and cats. They express a desire to drive quickly and mention their grandmother lives in their guesthouse. The other person emphasizes the importance of family and expresses a preference for reading over games. The user humorously acknowledges their large stature but emphasizes their kind nature, while also inquiring about the other person's long-term behavior. The conversation reflects a friendly and supportive exchange about personal lives and interests."
"The user shares that they have a beloved young daughter and a dog named Toto, while also mentioning their grandma from Denmark who says hi. They express frustration about their long brown hair getting in the way, especially while eating, and note that they are busy with online homework and serving tables until they graduate. The user loves meatloaf and is excited to visit a place that serves it, while also complaining about a bad smell in their green car.","The user, who has a green car and a dog named Toto, engages in a light-hearted conversation about family and pets. They mention their grandmother, who is from Denmark, and express a love for the smell of meatloaf, while also discussing the challenges of having a child and managing homework. The user humorously notes that their long brown hair gets in the way while they eat, and they mention their busy work schedule, which prevents them from enjoying their favorite food. The conversation reflects the user's friendly and humorous personality. They also mention their dog's name and their frustration with the smell of their car. The user plans to visit their grandmother soon."
"The user, who identifies as someone skeptical about love, engages in a light-hearted conversation with Ray from Florida. They express a fondness for tacos and drinking, despite not being of legal age yet. The user mentions living alone and shopping online excessively, and reveals that they have written a children's book in Michigan, though they feel it hasn't been very successful. They also share their hobbies, which include summer activities like running and swimming, while hinting at a negative experience with horses.","Ray, a Florida resident who lives alone and frequently shops online, engages in a light-hearted conversation about daily life and interests. He expresses a love for tacos and mentions his tendency to shop online too much. Ray is not in school and has written a children's book, although he feels he hasn't had much success with writing. He shares his hobbies, which include summer activities like running and swimming, and humorously notes his lack of experience with horses. The conversation reflects Ray's laid-back persona and interests in food and literature. The other participant, who is heading to Michigan next year, expresses interest in Ray's writing and shares their own experiences with horses. Ray responds positively to their interest, acknowledging the challenges of writing"
"Mary, an art teacher who enjoys visiting thrift shops and sewing her own clothing, engages in a conversation with Tom, a computer programmer. They discuss their interests, with Mary expressing her love for exotic prints and thrift shopping, while Tom shares that he donates to charity and has two pitbulls named Tom and Jerry. The conversation touches on their clothing preferences, with Tom mentioning he typically wears nerdy attire, particularly ties, and Mary inquires if he ever finds ties at thrift shops.","Mary, an art teacher who enjoys visiting thrift shops to find materials for her sewing, chats with Tom, a computer programer. They discuss their interests, with Mary expressing her love for exotic prints and Tom mentioning his two pitbulls named Tom and Jerry. While Tom enjoys playing with his dogs, Mary shares her passion for sewing and her unique style, which includes wearing nerdy clothing, particularly ties, which she finds at thrift shops. The conversation highlights their shared interests and interests in fashion and personal expression."
"The user, who works in marketing for a large company and enjoys classic rock music, is currently drinking beer and discussing hobbies with a retired individual. While the user enjoys recreational games like billiards, cards, and darts, the retired person prefers outdoor activities and swimming. The user expresses a desire to retire and have more free time, while the retired person shares the joys of their current lifestyle, including sleeping late. The conversation highlights the user's passion for trying different beers and working on cars, contrasting with the retired person's preference for spending time with their cat.","The user, who works in marketing for a large company and enjoys playing recreational games like cards, darts, and billiards, shares their love for trying different beers from various countries while drinking beer. They express a preference for classic rock music, which they enjoy listening to while playing pool and billiards. The conversation partner is retired and enjoys swimming and playing with their cat, while the user reflects on their limited cooking time due to their job and shares their excitement about potentially retiring. The user expresses envy over the partner's leisure time but is optimistic about enjoying their own retirement. The conversation highlights their shared interests in music and leisure activities. Additionally, the user mentions their enjoyment of playing pool and darts, while the partner enjoys playing with their cat. The"
"The user, who has red-headed parents, is six feet tall and enjoys telling bad jokes, shares a light-hearted conversation with someone about their humor and aspirations. They tell a joke about a stick, reveal they work on cars but wish to be a tiger, and inquire if the other person speaks any languages, mentioning they are fluent in German. The other person responds in English and humorously expresses a desire to be a horse.","The user, who has a unique persona, is fluent in German and enjoys telling bad jokes. They express a desire to be a tiger and share that their parents are both red-headed. The conversation partner, who works on cars, humorously suggests being a horse instead. The user emphasizes their German fluency and expresses a light-hearted attitude towards their aspirations. The conversation also touches on language skills and interests. Overall, the user creates a humorous and whimsical exchange about their shared interests and playful banter."
"The user, who works as a bouncer at a punk rock club in the evenings and a corner grocery store during the day, shares that they enjoy Dr. Pepper and Black Jack gum separately. They mention feeling tired from training as a runner, while also noting they take non-prohibited medication. The conversation touches on a previous neck injury sustained during a fight while working as a bouncer, and they acknowledge the strain of playing video games on their eyesight, which has led to wearing glasses.","The user, who enjoys watching punk rock shows and drinking Dr Pepper and Black Jack Gum, shares that they have a great day despite feeling tired from a day spent training for a track. They work as a bouncer at night and have a complicated relationship with sports, mentioning a past injury that prevented them from playing. The user also works in a corner grocery store during the day and acknowledges the challenges of video games, particularly with their eyesight. They recommend being cautious with sports and eye glasses due to their respective jobs. The conversation reflects the user's active lifestyle and their preference for entertainment and relaxation activities."
"The user, who takes pride in managing a small BBQ restaurant opened by their grandmother in 1985, is currently busy with work alongside their brothers. Originally from Cheyenne, they value family and drive a nice car, acknowledging the importance of having a decent vehicle, especially in California where snow is a concern.","The user, who works long hours and takes pride in their job managing a restaurant with their brothers, engages in a friendly conversation about their busy life. They express gratitude for the support offered by the other person, who is originally from Cheyenne and now resides in California. The user mentions their enjoyment of driving a decent vehicle, particularly in California due to the importance of snow, and hopes the other person has a great day. The conversation highlights their family-oriented persona and their commitment to their responsibilities. Additionally, the user shares that they run a small BBQ shop with their grandmother, who has been in operation since 1985. The other person admires their family background and inquires about the user's job. The user responds positively,"
"The user, a 22-year-old violinist who has been playing since the age of four, shares their recent love for Indian food and plans to adopt a dog soon. They mention that their mother, a nurse, would drop them off for violin lessons, and express contentment with their life, jokingly contemplating the idea of being a dog or a bird instead of a human.","The user, a 22-year-old violinist who recently discovered a love for Indian food, engages in a light-hearted conversation about the idea of living in space. They express a lack of interest in contemplating life beyond their musical studies, mentioning their mother was a nurse who would drop them off before school. The user humorously states they are ""set"" to adopt a dog soon, while the other person expresses a desire to be a bird. The conversation reflects the user's whimsical personality and interests, contrasting with the other person's more grounded perspective on life. The user also shares their enjoyment of Indian food, which the other person finds intriguing. The conversation highlights a playful exchange about aspirations and experiences, with the user maintaining a"
"The user, a recruiter who drives a black leased car and enjoys brunch, engages in a conversation with someone who wears glasses, takes Prozac, and loves eBay. The other person shares details about their family, including being adopted and having a bisexual dad, while also mentioning their interest in running and their mom's orange car. The user clarifies they do not work out, do not sing due to being tone deaf, and has no family members involved in sports, but recruits for a basketball team.","The user, a recruiter who drives a black car and leases it, engages in a conversation about personal details and interests. They mention wearing glasses, taking Prozac, and having a new bicycle. The user expresses a dislike for working out and prefers running to stay fit. They reveal they are adopted and have a unique family dynamic, including a bisexual father and a carrot-orange car. The conversation touches on hair color, singing, and sports, with the user clarifying they do not work out and are not a good singer, while the other person shares their experience as a little league basketball player. The user also mentions their job in recruiting, indicating a focus on sports and fitness. The conversation reflects a friendly exchange about personal interests and family.
Your"
"The user, a mother of two boys who enjoys horseback riding and camping monthly, engages in a light-hearted conversation about weekend plans and clean retainers. They share their interests in math and biology, and the user humorously identifies as a ""geek"" with a penchant for lame jokes. They mention their busy life with their sons and express excitement about their job at Google. While the other person enjoys debating, the user prefers listening to Justin Bieber, highlighting their love for music and family life.","The user, a mother of two boys and a passionate horse lover and outdoor enthusiast, engages in a light-hearted conversation about weekend plans and interests. They express a preference for camping over horseback riding, while the other person shares their love for math and biology and mentions their job at Google. The user humorously acknowledges the challenges of parenting but appreciates the fun of watching their sons grow. The conversation reflects a friendly exchange about interests and future family plans. Additionally, the user expresses a casual interest in debating topics, while the other person prefers listening to their favorite artist, Justin Bieber. The user also mentions their busy life balancing work and family. The conversation highlights their family-oriented persona and interests in outdoor activities and entertainment."
"The user, who values family and has a gentle demeanor, engages in a conversation about their work in a funeral home, where they prepare deceased individuals for funerals. They express a healthy respect for death and share that they have had near-death experiences, viewing life as a gift meant to benefit others. The conversation reflects their introspective nature and acceptance of life's impermanence.","The user, who prioritizes their family and values reading over sports, engages in a conversation about their day and work. They express that they work a long night at a funeral home, preparing the deceased for their final rest. The user reflects on their respect for death, acknowledging its inevitability, and shares a personal experience of flirting with the idea of crossing to the other side, which they describe as lucky. They conclude by emphasizing their desire to use their life for the benefit of others. The conversation reflects the user's gentle and considerate nature."
"The user, a 71-year-old humble baker living in the countryside, expresses joy in their long marriage of 67 years and love for their 17 beautiful children. They enjoy harvesting fresh vegetables, particularly carrots, and fondly recall their youthful aspirations of becoming an actor. The conversation reflects their appreciation for family and the simple pleasures of life.","The user, a 71-year-old living in the countryside, shares that their wife brings them joy and has been married for 67 years. They express a love for various vegetables, particularly carrots, and mention their husband's profession as a baker. The user reflects on their long life and the joy of family, noting they have 17 children, whom they cherish. They also express a desire to retire soon, looking forward to the future. The conversation highlights their positive outlook on life and appreciation for family. Additionally, the user mentions their eyesight is worsening, which they acknowledge as a potential concern. The other participant, who is 97, shares their experience of having children and being married for 67 years"
"The user, who enjoys going to the beach and riding their bike, shares that they previously worked for a cable company and now work for Verizon. They have a dog named George, whom they affectionately refer to as their child. The conversation partner, a lifestyle blogger, has two kids and a husband, and they discuss family outings to their hometown in Florida. The user expresses their love for taking George to the beach and mentions their non-sporty hobby of biking, while the conversation partner coaches middle school cheerleading.","The user, who enjoys the beach, biking, and has a dog named George, recently transitioned to a new job at Verizon and is a lifestyle blogger. They used to work for a cable company but now focus on their dog. The conversation partner has two children and a husband, and they frequently visit Celebration, Florida, as their home town. The user expresses a love for biking and taking George to the beach, while the partner teaches middle school and does not coach cheerleading. The user finds middle school cheerleading less exciting. The conversation highlights their shared interests in pets and outdoor activities."
"The user, a social media enthusiast and animal clinic worker who enjoys summer and has two kids, shares that they recently returned from an adoption event at work and are baking cupcakes. They express cravings for Mexican food, particularly empanadas and enchiladas, and mention their love for cooking, especially barbecuing in the summer. The user enjoys fishing with their sons during long weekends, although they admit to not being very skilled at it, relying on their dad for expertise.","The user, who enjoys social media, summer activities, and working at an animal clinic, recently returned from an adoption event. They are baking cupcakes and craving empanadas, while also expressing a love for food from South America, particularly enjoying enchiladas and learning to make lengua. The user shares their passion for cooking, particularly grilling on weekends, and mentions their commitment to following food trends on social media. They also enjoy fishing with their sons every three days, although they admit they haven't had much luck at catching anything. The conversation reflects the user's laid-back attitude towards cooking and their enjoyment of social media, while also highlighting their appreciation for Mexican food."
"The user, who dislikes red meat and enjoys surfing, shares that they live near the ocean and have brown curly hair. They engage in a conversation about their reading habits, revealing they mostly read manuals for the navy as they work there and like to stay informed. The chat reflects their active lifestyle and interests, including swimming on weekends.","The user, who dislikes red meat and loves surfing, expresses a dislike for the color red and enjoys swimming in the ocean. They have brown curly hair and engage in a conversation about reading, revealing they primarily read manuals for the Navy due to their job. The user also mentions their interest in keeping up with news and learning new things. The conversation reflects a friendly exchange about interests and background."
"The user, who has never traveled abroad or attended college, is currently engaged in online research while preparing for a big basketball game against the Utah Jazz. They express uncertainty about their team's chances of winning, humorously mentioning that their primary concern is their $5 million salary. The conversation touches on a belief shared by the user's father that professional sports outcomes are scripted. The user shares their passion for hiking and being in nature as their main hobby.","The user, who has never traveled outside the country and has never attended college, is currently doing research online while the other person is getting psyched for a basketball game against the Utah Jazz. The user expresses uncertainty about their performance and mentions their father's conspiracy theories about the game, which the other person finds amusing. The conversation reveals a shared interest in hiking and nature, with the user highlighting their love for the outdoors. The other person, who has a better record, shares their hobbies and expresses a lack of other interests. The user also mentions their iPhone as their favorite phone. The conversation reflects a light-hearted exchange about sports and personal beliefs."
"The user expresses a laid-back personality, revealing that they don't have significant fears and enjoy watching YouTube videos. They love their beagle named Droopy, whom they consider their best friend, and they appreciate the thoughtfulness behind his name. While still figuring out their work situation, they always carry their phone and some cash. They also share a fondness for shrimp dipped in barbecue sauce, indicating their culinary preferences.","The user, who loves shrimp and enjoys dipping shrimp in barbecue sauce, engages in a conversation about fears, revealing they don't have one. They express a preference for watching YouTube videos over reading portable documents, while also mentioning their beagle dog named Droopy. The user humorously claims their best friend is their dog, and they discuss their coffee and tea preferences, with the user favoring shrimp. The conversation reflects their lighthearted personality and interests."
"The user, who grew up by the ocean and enjoys cooking, baking, and traveling, engages in a light-hearted conversation with someone claiming to be wealthy. While discussing their activities, the user expresses a desire for pizza but mentions financial constraints, prompting the wealthy individual to jokingly offer to buy a large pepperoni pizza with extra money. The user also requests something for their dogs, highlighting their love for pets. The conversation reflects the user's calm demeanor and appreciation for simple pleasures despite financial challenges.","The user, who grew up by the ocean and enjoys traveling, is currently cooking and baking while trying to organize their fat stacks. They express a sense of detachment from their feelings, stating they are not rude but simply too wealthy to care. The conversation reveals a playful and light-hearted tone, with the user humorously suggesting buying pizza for their dogs, while also playfully demanding extra money for pizza. The other participant, who also seems wealthy, responds with indifference, indicating a lack of interest in the user's lifestyle. The user maintains a calm and detached persona, reflecting their wealth and lack of emotional connection. The conversation highlights their playful and light-hearted nature, with a humorous exchange about money and pets. The other participant, who also seems"
"Eric and Mandi engage in a friendly conversation where Mandi shares her plans to start a homemade gift shop, inspired by her interests in sports and crafting. Eric mentions his father's butcher shop and expresses his love for meat. Mandi reveals her recent purchase of a Chevrolet Silverado and talks about her golden retriever, which she humorously describes as a poor guard dog. While Mandi is interested in politics and enjoys spending time with family and friends, Eric admits he is not as politically inclined and is less interested in sports, although Mandi supports the Green Bay Packers.","Eric, a highly educated individual, is starting a homemade gift shop focused on sports and crafting. He enjoys spending time with family and friends, while Mandi, who is also passionate about sports, shares her love for the Green Bay Packers. They bond over their interests, with Mandi mentioning her dog as a companion while traveling. While Eric is not very into sports, he expresses his willingness to get involved in politics. The conversation highlights their shared interests and personal lives."
"The user, who lives on a beet farm and is a paper salesman, shares a light-hearted conversation about hearing voices, baking, and their love for beets and bears. They express a desire for a beet cake and mention enjoying homemade desserts, which their coworkers also appreciate. The conversation reveals the user's humorous side, as they joke about arguing with themselves and their attraction to a neighbor's pool guy. They also inquire about the other person's well-being and hint at being a teacher, suggesting that their students might also hear the voices.","The user, a paper salesman who lives on a beet farm and has a strong affinity for beets, engages in a light-hearted conversation about their interests and experiences. They humorously mention their belief that beets are the best vegetable and express a desire for a beet cake, while also discussing their fondness for homemade desserts and baking. The conversation touches on personal struggles, such as the user's tendency to argue with themselves, and they humorously suggest that their students might also be affected. The user also shares a quirky detail about their neighbors sharing a pool boy who enjoys cake, leading to a playful exchange about baking and the user's unique perspective on beets and desserts. The conversation concludes with a friendly and supportive tone.
Persona: i live on"
"The conversation revolves around a user who works at a large law firm and expresses a strong dislike for tofu. They mention their wife, Vera, who stays home with their kids and that they have bought her childhood home. The dialogue takes a darker turn with references to trust issues and a deceased Vera, leading to a sense of paranoia about safety. The user insists on not needing new friends and expresses loyalty to the conversation partner, while also humorously suggesting trying tofu for security. The exchange highlights the user's protective nature and their complex feelings about relationships and trust.","The user, who works at a large law firm and dislikes tofu, engages in a lighthearted conversation about personal struggles and relationships. They mention their wife, Vera, who stays home with their children and has bought the house they grew up in. The user expresses trust in their own judgment and humorously dismisses the idea of needing new friends, despite their wife's advice to avoid tofu. The conversation takes a turn when the user reveals they are under a bridge on 59th Street and seeks reassurance about their safety. The other participant, who also dislikes tofu, offers support and emphasizes the importance of trust in their relationships. The user maintains a playful and self-deprecating tone throughout the exchange. The conversation ends with a lighthearted"
"The user enjoys sleeping in and has brown hair, expressing a preference for fall and winter while also focusing on healthy eating. In a light-hearted conversation, they discuss favorite superheroes, with the user favoring Batman and the other person preferring Superman. The user mentions they ride a bike or unicycle instead of driving, while the other person likes Toyota cars. They also share their favorite sodas, with the user enjoying Dr. Pepper and the other person preferring Pepsi, which they associate with fond memories of their father. The user humorously suggests doing a Pepsi commercial.","The user enjoys sleeping in, has brown hair, and loves fall and winter. They express a preference for Superman over Batman as their favorite superhero, while discussing their shared interests in cars, with the user favoring Toyota and not using IRC. They also mention their favorite soda is Dr Pepper, which they note is soft and bubbly, reminiscent of their father. The conversation includes a light-hearted suggestion to create a Pepsi commercial, highlighting the user's playful personality. Additionally, they humorously mention their grandma's love for Dr Pepper, encouraging the other person to try it."
"The user, a beach-loving vegan who has been at their job for seven years, engages in a conversation with a university student studying psychology. They share personal details, revealing their love for country music and salads, while the student prefers rock music and pizza. The user mentions having a dog named Sally, a Boston Terrier, while the student is allergic to dogs. The user expresses a close relationship with their family and prompts a discussion about the student's choice of study.","The conversation features a user who identifies as a vegan and beach enthusiast, discussing their love for country music and salads. They engage with a university student studying psychology, expressing a preference for rock music and mentioning their dog, Sally, a Boston terrier, which the student is allergic to. The user shares their long work experience at a job for seven years and emphasizes their close family ties. The student inquires about the user's favorite color and food, revealing a casual interest in pets and music. The conversation highlights their shared values and personal interests."
"The user, a dedicated white dancer with a strong family support system, shares that they just returned from a family dinner, which they cherish. They express their passion for dance, influenced by their mother, a former ballerina from Juilliard, and acknowledge the pressures that come with it. They admire the cooking and cheerleading interests of the other person, noting that they always wanted to try cheerleading but chose dance instead. The user humorously mentions their ""ugly"" feet from ballet, while encouraging the other person to continue coaching cheerleaders.","The user, a white dancer with a strong family background, shares that they are having a good evening after a family dinner. They express enjoyment in family time and mention their supportive family. The conversation partner, who coaches cheerleading and also teaches ballet, encourages the user to consider cheerleading, highlighting the user's dedication to their studies. The user reflects on their mother's influence as a ballerina and their own aspirations in dance, despite feeling pressure to dance. The conversation also touches on the physical demands of ballet and the enjoyment of dancing, with a light-hearted exchange about the partner's coaching experience. The user concludes by asking about the partner's experience with cheerleading, indicating a mutual interest in dance."
"The conversation features a user who enjoys Jimi Hendrix and is learning to play the guitar, expressing a laid-back and outdoorsy persona. They discuss their preference for fishing and the peacefulness of the country, contrasting with the other person's city lifestyle and lack of interest in outdoor activities. The user reveals they dropped out of college, while the other person is a teacher and enjoys singing. They bond over music and share their different leisure activities, with the user suggesting that the other might enjoy the country life as well.","The user, a college dropout who enjoys Jimi Hendrix and fishing, is currently learning guitar and plays it outdoors. They engage in a conversation with a teacher who sings and prefers outdoor activities like geocaching and hiking. The user expresses a preference for the peaceful countryside over the hustle and bustle of city life, while the teacher shares their love for movies, particularly ""Magic Mike."" The conversation highlights their differing interests and lifestyles, with the user humorously suggesting they could fit in in the country despite their city background. The teacher, who is not a fisher or hunter, mentions their enjoyment of geocaching and hiking, while the user acknowledges their love for fishing. The conversation reflects a friendly exchange about interests and lifestyles."
"The user, an international businessman who owns a mansion and claims to know over 300 languages, shares that their Friday is going well despite working. They express a love for animals and reading, while discussing their interest in horror movies, particularly those based on Stephen King's works. The conversation reveals the user's unique persona as a genius with a fascination for literature and a connection to their eerie mansion.","The user, an international businessman who owns a mansion but does not live in it, shares that their Friday is going well as they work on their job. They express a love for animals and reading, boasting a knowledge of over 300 languages, some claiming to be a genius. The conversation touches on their interest in horror movies, particularly Stephen King, and they bond over their shared appreciation for horror films, with the user mentioning a favorite Stephen King book and the newest movie based on his works. They also share a creepy mansion that evokes a horror movie. The user enjoys watching documentaries rather than horror movies."
"The user, who has a fondness for Game of Thrones and a nostalgic connection to their Alabama upbringing, engages in a light-hearted conversation about fishing and classic radio shows. They share that they recently went fishing but didn't catch anything, while reminiscing about their own fishing experience catching a baby flounder. The user expresses a preference for classic radio, mentioning a humorous show called Chickenman, which leads to a discussion about podcasts and the Stitcher Premium app. The conversation reflects the user's easygoing personality and appreciation for humor and nostalgia.","The user, who enjoys fishing and has a fondness for summer activities, shares that they recently went fishing but did not catch anything. They express a preference for classic radio shows, mentioning ""Chickenman,"" a parody of Batman, and humorously note their experience of growing up in Alabama, which has given them a unique perspective on cars, as they have seen plenty of Impalas. The conversation also touches on the user's interest in ""Game of Thrones,"" although they are unfamiliar with the show. They enjoy listening to podcasts while driving their Chevy Impala. The user reflects on their upbringing in Alabama, which has influenced their interests and humor."
"The user, who has a fear of heights and a childhood admiration for Superman, shares that they are currently recovering from a car accident while working from home. They express their talent for making musical melodies with armpit farts and mention their preference for game soundtracks, as they can only enjoy music from bed. The user reflects on their loyalty to pets, contrasting it with their experiences of being cheated on by all but one ex-girlfriend, who controversially preferred Batman over Superman. They express a preference for social media interactions over in-person relationships, revealing a cautious approach to dating.","The user, who has a fear of heights despite being a Superman fan as a child, shares their experience of making fart noises with their armpits and mentions their unique talent for this. They express a preference for social media over games, noting that only one ex-girlfriend cheated on them, while the other was loyal. The conversation touches on the user's aversion to heights and their preference for video games over traditional games, with a light-hearted exchange about their interests and experiences. The user also humorously mentions their dog as a source of comfort from their cheating ex-girlfriends. Overall, the user reflects on their past experiences and current preferences, highlighting their quirky personality and interests."
"The user, who lives in the city and works at a bookstore, discusses their seasonal allergies, particularly to trees and leaves, which keep them indoors watching movies and TV. They express a love for books and share that they enjoy their job. The other person works in commercial production and mentions their comfortable lifestyle. The user lives in Chicago, while the other person is from Texas, specifically Houston, and follows metal bands. The user also mentions their older brother, Brandon, who is a metal music enthusiast.","The user, who lives in Chicago and works in a bookstore, is experiencing seasonal allergies that are interfering with their fall activities. They enjoy watching movies and TV, which is why they love their job. The user has a brother named Brandon who shares a love for metal music, and they occasionally visit friends in Houston, although they are not located near there. The conversation touches on the user's background in Wisconsin and their current living situation in Texas, while also mentioning their brother's influence on their lifestyle. The other participant, who lives in Dallas, expresses interest in the user's work and their brother's music taste. The user enjoys their job and has a close relationship with their girlfriend. The conversation highlights their shared interests in books,"
"The user, who is always on the move and works in airplane maintenance, is planning a winter trip to Miami, Florida, preferring flying over driving due to the time it saves. They express a passion for junk cars, enjoying the thrill of finding good deals rather than building new ones. The conversation touches on travel preferences, including a mention of train travel, and invites the other person to share their interests.","The user, who is known for their never-still demeanor and passion for fixing airplanes, is excited about planning a winter trip to Florida, where they will be spending time in Miami. They prefer flying over driving, although they acknowledge the convenience of trains for longer trips. The user enjoys traveling frequently to find good deals, particularly in junk cars, and has an interest in building new ones from recycled materials. The conversation reflects their active lifestyle and interests in both aviation and automotive. Additionally, they express a preference for vinyl records over other music recording formats."
"The user, a short film writer and guitar player who enjoys going to Comic Con and identifies as a lesbian, shares their love for animals and discusses their recent short film about them. They mention plans to play guitar at a lesbian bar and express interest in wildlife, while humorously contemplating the existence of Sasquatch. The conversation reveals the user's preference for films on intriguing topics, although they don't consider themselves a big movie fan.","The user, who writes short films, plays the guitar, and enjoys attending comic cons, engages in a conversation about their shared love for animals and a mutual interest in wildlife. They express excitement about attending comic con and mention their upcoming trip to a lesbian bar where they plan to play guitar. The conversation touches on topics like Sasquatch and the feeling that the world is too full for wildlife, with the user considering writing a short film about the encounter. The other person, who is not a big movie fan but enjoys watching interesting films, shows interest in the user's work. The conversation concludes with a question about favorite topics.
Persona: i write short films. i play the guitar. i like to go to comic cons. i am"
"The user, a factory worker who sleeps 10 hours daily due to the demanding nature of their job, discusses their family life with a wife and two kids. They express a desire to start a band one day and mention that they enjoy baking, often for elderly residents at a retirement home. Despite their fatigue, they maintain a light-hearted conversation about baking and music, indicating a willingness to collaborate musically with the other person, who has a grandson that enjoys cake. The user prefers not to eat chocolate, and they both share a playful exchange about baking and musical interests.","The user, a tired factory worker who sleeps 10 hours daily due to his demanding job, expresses a desire to pursue a music career, mentioning his wife and two kids. He engages in a light-hearted conversation about baking for the elderly and shares his fondness for chocolate cake, despite his dislike for it. The user humorously suggests that his grandchildren might enjoy a cake when he starts his band, and he expresses interest in joining the band if the other person can play an instrument. The conversation reflects his energetic persona and aspirations while also acknowledging the challenges of maintaining a family and pursuing a career in music."
"The user, a yoga instructor who collects seashells and has two Chihuahuas and a son, shares that they enjoy traveling to calm beaches with their son, where they practice yoga. They have been teaching yoga for about five years.","The user, a yoga instructor who collects seashells and has a son, engages in a conversation about their interests and travel. They mention their son and their love for yoga, which they teach, while also sharing their passion for collecting seashells, particularly on vacations. The conversation touches on the user's travel preferences, including a preference for calm beaches and yoga, and their commitment to their profession for about five years. The other participant expresses interest in yoga and invites the user to join them in their teaching. The user responds positively, indicating a willingness to connect over shared interests."
"Raj, who speaks Arabic, English, and French, shares that he plays in a jazz band and enjoys hiking on weekends. He expresses pride in his multilingualism and discusses his family's immigration from Algeria to the US. The user, who loves anime, draws comics, and prefers staying home to read, engages in a light conversation about colors, revealing a fondness for neon blue and pink, while also expressing a strong liking for hot dogs.","Raj, who speaks Arabic, English, and French, engages in a conversation with a user who enjoys anime, drawing comics, and visiting comic cons. The user expresses a desire to learn how to read comics but admits to not being interested in them. They share their hobbies, including drawing and playing jazz music, while Raj mentions hiking on weekends and playing piano in a band. The user reveals their favorite color is hot dog yellow, while Raj prefers the color pink and expresses a fondness for the anime and comic book series. The conversation highlights their diverse interests and backgrounds. Raj also mentions his family's connection to Algeria and his love for the color yellow. The user, who enjoys anime and comic books, shows no interest in reading comics but expresses a"
"The conversation features an older woman who enjoys pasta and has recently retired to spend more time with her husband and help others. She engages in a friendly exchange, discussing her favorite dish of pasta with red sauce and her Irish background, while expressing a desire to travel more with her spouse. The other participant, a programmer, shares experiences of traveling and loneliness, while the woman mentions her volunteering as a docent at a local history museum. They bond over their love for the mountains, with the woman reminiscing about her time in North Carolina and expressing interest in visiting Japan in the future.","An older woman, who enjoys spending time with her husband and helping others, shares her recent meal of noodles and fish with a conversation partner who is Italian and has traveled to Naples. The woman, a retired bookkeeper from Ireland, expresses her loneliness while volunteering at a local park service and mentions her husband brought her to America many years ago. They discuss their living situation, with the woman living in the Appalachian Mountains and her husband in North Carolina, and share their appreciation for the beauty of the fall weather, noting that Japan is less hot than the woman's home in Ireland. The conversation reflects a friendly exchange about personal interests and travel experiences. The woman expresses her hope of someday visiting Japan with her husband. The conversation also touches on the challenges of"
"The user, Miss Hall, works at a museum and is in a wheelchair due to a fall that dislodged two discs. Despite her situation, she maintains a positive outlook, enjoying the great weather to go to the park. She mentions that the museum has made accommodations for her, including ramps, but feels that her disability makes others uncomfortable, resulting in a lack of friends. She expresses familiarity with this social isolation and invites the other person to share more about themselves.","Miss Hall, who works at a museum and is currently in a wheelchair due to a fall from a high floor, engages in a conversation about her day and feelings. She expresses that she is alive and grateful for the good weather, which allows her to visit the park and do laps. The conversation touches on the discomfort she feels from being around others, particularly since she is in a wheelchair, and she humorously remarks that she makes them uncomfortable. The other participant, who is not in a wheelchair, shares their own experiences and feelings, including a lack of friends and a sense of isolation. Miss Hall reflects on her situation while also maintaining a light-hearted and self-deprecating tone throughout the exchange. The conversation highlights her perspective on her situation"
"In a light-hearted conversation, a college student who loves reading and music connects with Kevin, a musician who plays guitar. They discover shared interests in walking, biking, and a passion for learning. The student mentions developing software and expresses a fondness for books, while also humorously noting their allergy to nuts. The conversation flows with playful exchanges about their hobbies and preferences, including a shared appreciation for chocolate cake.","Kevin, a college student who loves music and has a passion for reading, engages in a light-hearted conversation with a guitarist. They share their love for music and exercise, while Kevin expresses interest in learning new things and developing software. The conversation highlights their mutual appreciation for books and chocolate cake, with Kevin humorously noting that a good book is superior to a good piece of cake. The exchange reflects their friendly and casual tone.
Persona: 1984 is my favorite book. i am in college. i am allergic to nuts. i love book.
Conversation History: hi ! how are you today ?
i am good . just finished reading my favorite book .
nice ! i am reading a book right now .
what"
"The conversation features two individuals discussing their day, with one planning to go fishing and the other intending to catch a movie. The movie enthusiast shares fond memories of going to the cinema with their parents and expresses a love for fantasy and romantic comedies, while the EMT finds movies boring compared to their exciting job. They both reflect on their relationships with their mothers, with the EMT mentioning a wife and kids who enjoy pretending to be superheroes. The conversation highlights the movie lover's appreciation for cinema and family, contrasting with the EMT's more practical outlook on entertainment.","The user enjoys pretending to be superheroes and has a fondness for going to the movies, which they have enjoyed with their brother since childhood. They have a supportive wife and two kids, and their parents often take them to movies. The conversation partner, an EMT, expresses a lack of interest in movies but shares a positive outlook on life. The user appreciates family-oriented comedies, while the partner prefers fantasy and romantic comedies. The conversation reflects the user's lighthearted personality and love for entertainment."
"The user, an actress who works at a grocery store and has a passion for skincare, engages in a lighthearted conversation about fishing. They humorously decline cooking, suggesting they would rather take the other person's five children to the grocery store and dress them up, as they enjoy dressing up for others. The conversation touches on the children's grandmother being a lawyer and the user's concern for maintaining good skin, emphasizing their dedication to skincare as essential for their acting career. They playfully mention that avoiding cooking helps prevent burns.","The user, an actress who works at a grocery store and takes great care of her skin, expresses interest in fishing but only if she can cook for him. She discusses her obsession with skincare and mentions her children, noting that her grandmother is a lawyer. The conversation touches on the user's desire to dress up for others and her aspiration to have her skin treated like a dermatologist, while also acknowledging her concern about her skin being essential for her acting career. The user humorously notes that she doesn't cook to avoid getting burned, which she attributes to her acting commitments. The conversation reflects her self-care routine and her passion for both acting and skincare.
Persona: i never cook. i like to dress up for others. i take"
"The user, who has multiple allergies and works as a commercial actor, is currently engaged in a craft project involving macaroni, which they cannot use due to gluten allergies. They express a desire to transition into TV and movies, sharing their love for watching them and metal music, particularly highlighting a memorable encounter with Ozzy Osbourne. The conversation partner, a traveling encyclopedia salesman, shares their own experiences and hobbies, including collecting rocks, while acknowledging the challenges of being outdoors due to allergies.","The user, a commercial actor with a background in geology and a love for watching TV and movies, is currently trying to glue macaroni to cardboard. They express a desire to become a famous actor and share their allergies, which they manage as part of their life. The conversation touches on hobbies, with the user mentioning their love for rock collecting and their admiration for Ozzy Osbourne and Peyson Manning, who inspired their favorite Metallica song. They also reflect on their travels for sales and the challenges of being outside due to their allergies. The user appreciates the excitement of meeting famous people and shares a nostalgic memory of seeing Ozzy Osbourne at a store. Additionally, they mention their admiration for the Pepsi commercial. Overall, the user highlights their passion for entertainment and their unique perspective"
"The user, who aspires to become a veterinarian due to their love for animals, shares that they recently returned from the gym and are currently on a diet to lose ten pounds. They express a passion for cooking but find many healthy recipes unappetizing. The conversation partner offers to share healthy meal posts, and they discuss their mutual interests in pets and cooking. The user also engages in social media, joking about the possibility of a job as an online foodie, while the partner considers becoming a chef or opening a restaurant in Austin.","The user, who aspires to become a veterinarian and loves animals, recently returned from the gym and is currently on a diet while engaging in a conversation about cooking and social media. They express interest in healthy recipes and share their love for animals, mentioning they have three dogs. The other person, who enjoys cooking and is an online foodie, suggests a potential career in veterinary medicine and dreams of opening a restaurant in Austin. The user appreciates the other person's culinary interests and humorously mentions their own aspirations. Additionally, they discuss their mutual interest in pets and cooking. The conversation reflects a friendly exchange about interests and future aspirations."
"The conversation features a beer enthusiast who recently enjoyed a Chinese beer and shares a preference for classic rock music. They discuss food, revealing a dislike for sushi, and bond over favorite post-work activities like playing darts and billiards. The user expresses gratitude for nurses after a personal experience, highlighting the rewarding nature of the profession. The chat concludes with a casual inquiry about travel to China, indicating a friendly and relaxed exchange.","The user enjoys trying different beers from various countries and has a fondness for classic rock music. They prefer cars over outdoor games like pool and darts, although they appreciate the social aspects of drinking beer with friends. The conversation reflects their laid-back persona, highlighting their enjoyment of relaxation and gaming after a long day, while also expressing gratitude for the nurses who helped them. The user is currently enjoying a beer from China, prompting a question about their travel experiences. They also mention their preference for steak after a long day, while the other person shares their enjoyment of playing pool and enjoying a game of darts in the pub. The conversation highlights their shared interests in food and leisure activities."
"The user, a lumberjack who enjoys eating pancakes and syrup, shares that they had a great breakfast and discuss their physically demanding job. They express an interest in fishing and classic rock music, while the other person works at a concert venue and takes flying lessons, expressing confidence in their ability to become a pilot. The conversation highlights their shared appreciation for food and music, along with their active lifestyles.","The conversation features a lumberjack who enjoys pancakes and syrup for breakfast and is dedicated to cutting down trees and fishing. They express excitement about their day and share their love for music, particularly classic rock, while also mentioning their interest in fishing. The other participant, who does physical labor at a concert venue, shares their enjoyment of country music and food, while discussing their hobbies and aspirations, including learning to fly. The lumberjack encourages the other person with confidence in flying, wishing them good luck in their pursuits. The exchange highlights their shared interests and the importance of hard work and passion for hobbies."
"The user, a businessman and karate black belt, is struggling with the news of his wife's terminal cancer and is uncertain about how to inform their three sons, aged 15, 18, and 20. He appreciates the support and shares his interests in reading, particularly business and finance, while also expressing a fondness for singing. The conversation partner enjoys horror books, specifically Stephen King, and mentions a hobby of bird watching, which the user finds interesting, noting the bond he shares with his father through this activity.","The user, a business-minded individual who enjoys singing and has a wife with terminal cancer, shares that he is not doing well due to the situation. He expresses sympathy for the other person's situation and discusses his hobbies, including reading about business and finance, horror novels, and karate. The conversation touches on the user's family, with his 15-year-old, 18-year-old, and 20-year-old sons, who enjoy reading and bird watching, and he mentions his father's interest in bird watching. The user values his family bond and expresses a desire to see the movie ""It."" The conversation reflects a supportive and empathetic exchange about personal struggles and shared interests.
Your"
"The user, a Michigan state trooper and father of four daughters, expresses feelings of loneliness and boredom from spending too much time on the couch watching TV and working on the computer. They play guitar for their two Siberian huskies and enjoy learning about different cultures through their job. The conversation partner encourages the user to get up and find a friend to break the monotony, but the user humorously claims to be ""gorilla glued"" to the couch.","The user, a Michigan state trooper and mother of four daughters, shares that they are unwell while spending long hours on the computer, watching foreign movies and TV shows. They express a desire for more fulfilling activities, mentioning their guitar as a source of connection for their dogs. The conversation touches on the user's perspective on boredom in their job and their interest in learning about other cultures, while also acknowledging the challenges of loneliness and feeling disconnected from friends. The user humorously reflects on their situation, noting they are ""glued"" to their couch and suggests seeking out a friend instead of staying alone. The conversation highlights their family-oriented persona and their love for chocolate cake with extra frosting. Additionally, the user mentions their two Siberian huskies. The"
"The user is having a tough day after buying a sweater that turned out to be too small. They struggle with math, noting their height of 5'9"" compared to someone who is 5'3"". While they sometimes wish to be taller, they appreciate the benefits of their height for fitness. The user enjoys working out but also indulges in junk food, humorously mentioning they smell like French fries.","The user expresses their worst day, mentioning they bought a small sweater at the mall. They relate to the other person's experience of being 5'3"" and discuss the challenges of math. The user reveals their height of 5'9"" and shares their love for shopping, particularly for fun sizes, while the other person prefers larger sizes and enjoys watching movies. The user admits to having a strong preference for junk food over working out, highlighting their casual attitude towards fitness. The conversation reflects a light-hearted exchange about personal experiences and interests.
Persona:  i am a 5 9 year old boy. i love to shop at the mall. i have a new sweater that is too small. i smell like french fries."
"The conversation features a social high school student named Yumi, who excels academically and enjoys Japanese culture, including cartoons and movies. She shares her health-conscious lifestyle and seeks advice on self-care, to which the user, an accountant with three dogs, responds positively, discussing their own experiences with stamina and freelancing. Yumi expresses uncertainty about her future career, feeling pressure from her mother to become a doctor, while the user emphasizes the importance of taking care of family and acknowledges the societal value of doctors.","Yumi, a social and high-achieving student, engages in a conversation with an accountant who enjoys reading horror novels and has a passion for health. The accountant shares tips for self-care and discusses their own struggles with maintaining a healthy lifestyle, reflecting their desire to follow a doctor's path. Yumi expresses a lack of stamina for exercise and acknowledges the current financial pressures faced by doctors, while also contemplating their future aspirations. The conversation highlights themes of family responsibilities, the value of hard work, and the complexities of pursuing a career in healthcare. The accountant emphasizes the importance of caring for their mother, while Yumi reflects on the changing landscape of the medical field. The exchange reflects a supportive and insightful exchange about personal aspirations and health management"
"The user, a student who recently started dating someone new, expresses excitement about their boyfriend, who supports their studies and prepares vegan meals. They inquire about visiting an art museum together and clarify their strict veganism, admitting to occasionally using honey in tea. The conversation shifts to the other person's profession of throwing parties, leading to a question about whether they have kids.","The user, a student who recently started dating a new boyfriend and is vegan, engages in a conversation about their shared interests and lifestyle. They express that their boyfriend helps them with studies and encourages them to eat vegan food, while also discussing their mutual love for art museums and tea. The user mentions their vegan lifestyle helps them focus on their studies and inquires about the other person's job, revealing that they manage a party. The conversation also touches on the user's willingness to use honey in their tea, which they note is accepted by some vegans. The other person inquires about children, prompting a question about the user's vegan lifestyle."
"The user, who enjoys walking over two miles daily and has a pit bull and a chihuahua, engages in a friendly conversation about their shared interests. They express admiration for cars, particularly the Ford Mustang, and mention their busy lifestyle of working three jobs for over five years, yet they maintain a stress-free outlook by enjoying movies, especially classics. The user values peace and quiet at home, highlighting their need for tranquility amidst their active life.","The user, who enjoys walking over two miles daily and has a pit bull and a chihuahua, engages in a conversation about their shared interests in cars, particularly Ford Mustangs. They express a love for movies, mentioning favorites like ""Citizen Kane"" and ""Like Mike,"" while also discussing their own work experiences, noting they have walked their dog and worked three jobs simultaneously for over five years. The conversation reflects a sense of calm and contentment in their lives, with the user finding solace in activities like walking and yoga. They also mention their wife's role in using her hands for yoga, highlighting a connection over their shared interests and lifestyles. The other participant shares a similar perspective on their quiet home life and enjoyment of movies. The user concludes by affirming the"
"The user, who is easily agitated and dislikes green beans, recently returned from a trip to London and enjoys watching game shows. They express a strong preference for country music, which they feel they must listen to or play on the piano. The user enjoys cooking, particularly steak, but prefers to dine at home to avoid busy restaurants and save money. They also prioritize their religious studies, believing there is always more to learn about God.","The user, who is easily agitated and dislikes green beans, recently returned from a vacation in London and enjoys watching game shows. They express a preference for cooking, particularly enjoying steak, while the other person prefers staying home due to late nights working at a bar. The user appreciates the religious studies they engage in, while the other person acknowledges the importance of learning more about God. The conversation reflects the user's laid-back attitude towards social activities and their focus on personal faith. Additionally, they mention their dislike for green beans, which the other person finds acceptable. The user also shares their experience of being bothered by crowds at restaurants, leading them to cook more at home. The conversation highlights their individual values and interests, with the user emphasizing their commitment"
"The user, a blackjack dealer with a statistics degree, is preparing to work at the casino while also going back to school to become a casino manager by spring. They have three kids, which they mention is financially challenging, and express a desire to teach them to fish as a way to save on meals. The conversation reflects their ambition and the challenges of balancing work, school, and family life.","The user, a blackjack dealer with a statistics degree, is preparing for work at the casino and is aiming to become a casino manager by around spring. They mention having three kids, which is making them financially stressed, and humorously suggest babysitting them to save money. The conversation touches on the joys of fishing and the challenges of managing blackjack, with the user expressing a desire to win when it comes to their career aspirations. They also mention their upcoming studies in the spring. The user's family's financial pressures contribute to their worries about their future."
"The user, who rides a motorcycle (not a Harley), recently started a job cleaning gutters and is feeling tired from work. They spend most of their time at the archery center but will have to reduce their hours there. The conversation partner is a lifelong ballerina with a supportive family. The user expresses frustration about not following their doctor's orders regarding carb intake, while the partner mentions their upcoming retirement in six months and plans to buy a Harley, which the user acknowledges but notes they prefer a different motorcycle.","The user, who rides a motorcycle but is not a Harley, recently got a job cleaning gutters and is now working at the archery center, which limits their eating of carbs. They enjoy dancing and have a supportive family, although they feel let down about their doctor's orders. The conversation touches on their aspirations to buy a Harley, while the other person expresses a preference for dancing over riding motorcycles. The user reflects on their past enjoyment of dancing at the archery center and acknowledges the challenges of cutting back on carbs during retirement, which they hope to achieve in six months. The other person shares their experience as a ballerina and their family's support during this transition. The user also mentions their current job at the archery center, which limits their opportunities to"
"The user, a mother of a 3-year-old boy named Owen, is currently relaxing and watching TV while preparing for the upcoming school year. She expresses her enjoyment of pampering herself with nail and hair treatments, highlighting her desire for personal time away from her responsibilities as a parent and wife to a corporate attorney. The conversation touches on the user's past school experiences and her perspective on having children, indicating that she appreciates her current life stage while also reminiscing about her younger days.","The user, a stay-at-home parent of a 3-year-old named Owen, is currently relaxing while watching TV and preparing for school, which they will be attending in the summer. They express a preference for a day filled with self-care activities, such as getting pampered with nails and hair, and mention their desire to have children later in life, while the other person is 17 and focused on their studies. The user reflects on their unique lifestyle, contrasting it with the other person's family life. The conversation highlights the user's interests and values, including their commitment to family-free activities. Additionally, the user shares their allergy to cats, which they note is not relevant to their parenting experience. The"
"The user expresses a strong preference for summer and a love for their impala, while also enjoying classic radio programs and decorating for Christmas. They engage in a conversation about Halloween, sharing that they recently shopped for costumes with their daughters. The user looks forward to Christmas decorations, leaving lights up year-round, and enjoys listening to old radio shows while decorating. They prefer spiced apple cider over eggnog and mention feeling cold after driving with the windows down. The conversation touches on hunting, with the other person sharing their experiences, but the user has never hunted and appreciates the fairness of using a bow and arrow.","The user expresses a strong preference for summer and a love for their Impala, while also enjoying Christmas decorations and listening to classic radio programs. They discuss their plans for Halloween, mentioning their daughters and the joy of dressing up. The conversation shifts to winter, where the user shares their enjoyment of Christmas lights and their preference for eggnog over spiced apple cider, while also noting their experience with driving their Impala. The user reveals they have never hunted, while the other person discusses their hunting experience and the ethical aspects of their archery. The conversation concludes with a light-hearted exchange about the user's seasonal preferences."
"The user, who loves their dog and is a vegetarian that eats fish, particularly enjoys sushi from expensive restaurants, which they can afford as their parents pay their rent. They have a strong interest in shopping, especially for designer clothes and CDs, and graduated from college before pursuing an MBA. The user enjoys classic rock music and parties frequently, indicating a vibrant social life.","The user, a vegetarian who enjoys shopping and has a close bond with their dog, is preparing for a date and expresses excitement about going out with their dog. They enjoy listening to classic rock music and have a penchant for expensive sushi, which they note they only purchase from upscale restaurants. The user is also a fashion enthusiast, having recently graduated from college and immediately pursuing an MBA, and they share a mutual interest in designer clothes. Additionally, they mention their parents pay their rent, indicating a supportive living situation. The conversation reflects the user's laid-back persona and their love for their dog and music."
"The conversation features a recovering alcoholic who has recently opened a successful pottery shop, particularly catering to bridal showers. They express enthusiasm for their new venture while discussing their past experiences, including living in a storage locker for two months. The other participant, a basketball player for the Minnesota Wolves, shares their excitement about their job and life in Minnesota, while also inquiring about the user's hobbies and background, revealing they are originally from South Dakota and now reside in Michigan for better job opportunities.","The user, a recovering alcoholic and pottery enthusiast from South Dakota who now lives in Michigan, shares that they are doing well and enjoying their life playing basketball for the Minnesota Wolves. They mention opening a new pottery shop that has been successful, particularly for bridal showers. The conversation touches on the user's height and their preference for warmer winters, contrasting with the other person's current location. The user expresses gratitude for the other person's job opportunities and inquires about hobbies. Overall, the conversation highlights the user's positive outlook on life and their passion for their work and hobbies."
"The user, an elementary school student, enjoys spaghetti and meatballs and is a fan of One Direction. They aspire to become a football player in the future and mention that their mom is a professional tennis player who is often busy training. The conversation includes a discussion about work, with the user noting they can't buy items on sale due to their age and limited finances. They express interest in volunteering but prefer other activities like bookkeeping and tours, while also acknowledging that school and football keep them occupied.","The user, an elementary school student who enjoys spaghetti and meatballs, is having a casual conversation about their interests and aspirations. They express excitement about their upcoming work at a grocery store and mention their goal of becoming a football player. The user shares that they are currently in school and emphasizes their love for One Direction, while also noting their busy schedule with school and soccer. They engage with a conversation partner who works in bookkeeping and tours, suggesting a potential connection to the band's music. The user reflects on their busy life, balancing school and soccer, and expresses a desire to adopt a healthier diet, mentioning their mother's profession as a professional tennis player. The conversation highlights the user's enthusiasm for their interests and aspirations.
Persona: my"
"The user enjoys the colors blue and red, has a love for travel, particularly to Ireland, and appreciates both country and city life. They have two dogs, a pitbull and an Old English bulldog, and share a playful spirit, reminiscing about their wild past, including a memorable boat experience. Their favorite food is medium rare steak, and they engage in dog walking as a hobby, humorously mentioning that their dogs played a role in their past marriages.","The user, who enjoys the color blue or red and has a passion for country life but also loves city life, shares that they are doing well and have moved frequently. They express a desire to visit Ireland and mention their past experience jumping off a boat. The conversation reveals their love for dogs, as they have two dogs, while the other person has a pitbull and an old English bulldog. They discuss their favorite foods, with the user favoring steaks cooked medium rare and the other person enjoying blue and red. The user also shares that their dogs introduced them to their first and second wives. The conversation highlights their shared interests in travel and pets."
"The conversation features two individuals discussing their lives and interests. One user, who grew up on a dairy farm and is currently taking a break from morning chores, expresses a dislike for vegetables and shares their experience as a volunteer EMT, recently rescuing a girl from an accident. They mention enjoying badminton and basketball, despite not being good at the latter. The other person, a personal trainer and pastor's daughter, is trying to reconnect with their faith and enjoys biking, inviting the user to join them on rides with their dogs. The user shows enthusiasm for dogs and animals, mentioning they have a springer spaniel.","The user, who is not very skilled at playing basketball and dislikes vegetables and fruit, engages in a conversation about their morning routines and farm life. They mention taking a break from chores to prepare for milking the barn and express a fondness for badminton and basketball despite not being very good at the latter. The user shares a personal story of rescuing a child and reveals their background as a pastor's daughter, while also volunteering as a personal trainer. They enjoy riding bikes and have a springer spaniel, expressing a love for animals and the user's desire to become more religious. The conversation highlights their family's connection to farming and their passion for outdoor activities."
"The user, who lives in the country in Mississippi and has a horse named Beauty, recently returned from shopping and shared that they cooked pancakes and bacon, while the other person mentioned eating out for breakfast. The user is having a busy day ahead, while the other person is enjoying a rest day and attending a BMW group meeting, expressing their love for their classic BMW despite its costs. The user noted that classic cars are rare in their area and shared their enjoyment of riding their horse.","The user, who lives in the country in Mississippi and has a horse named Beauty, shares that they just finished cooking pancakes and bacon for breakfast, while the other person mentioned eating out. The user plans to have a rest day, contrasting with the other person's busy day involving a BMW group meeting. The user expresses a fondness for classic BMWs, noting they are not common in their area, and inquires about the other person's hobbies. The conversation highlights their shared interests in food and leisure activities, with the user emphasizing the importance of rest days. Additionally, the user mentions their new horse, Beauty, and inquires about the other person's plans."
"The user, who has a golden retriever and a little sister, enjoys playing soccer and loves math, engages in a conversation about family and future aspirations. They learn that the other person has one sister and five brothers, and they both express a shared interest in math. The user contemplates a future in engineering but feels uncertain and admits to spending most of their time at home with their mom while their stepdad works at HP. The conversation emphasizes support and understanding in navigating future concerns.","The user, who has a golden retriever and enjoys playing soccer, engages in a conversation about family and aspirations. They mention having one sister and express uncertainty about their future, while the other person shares their experience of having five brothers and a fear of the future. The user encourages the other person, emphasizing their own confidence in their math skills, and acknowledges the importance of their mother, who stays home to care for them. The conversation reflects a supportive family dynamic, with the user highlighting their positive outlook despite their step father's absence."
"The conversation features a 32-year-old user who lives at home with their mother and misses their dad, while also being a general of an orcish army in a video game. They engage with a typical soccer mom who is busy with multiple commitments, including book clubs and the PTA. The user shares their hobbies of playing video games and watching Netflix, expressing a desire for more free time. The soccer mom dreams of escaping to Paris to design clothes, and the user playfully asks to join her in this aspiration.","The user, a 32-year-old who lives at home with their mother and identifies as a general in an orcish army, engages in a conversation with a soccer mom who has children and is involved in various social groups. The user expresses a desire to travel and design clothes, while the soccer mom shares her busy schedule and hobbies, including playing video games and watching Netflix. The conversation highlights the user's laid-back lifestyle and their aspirations to escape and explore the world. They also express interest in joining the soccer mom in her book clubs and other activities. The conversation reflects a friendly exchange about interests and lifestyles."
"The conversation features a third-grade user who enjoys playing soccer, drawing, and reading Asteria. They express excitement about making friends at summer camp and through soccer in the fall. The user chats with someone who loves cooking and has a talking parrot named ""Parrot,"" which humorously says unkind things. The user shares that they have a little brother who often takes their things, leading to a light-hearted exchange about siblings.","The user, a third grader who enjoys playing soccer, drawing, and reading, shares that they live with their parents and have a little brother. They express a desire to make friends at soccer in the fall and mention their parrot, who they humorously refer to as ""Parrot the Parrot."" The conversation touches on family dynamics, with the user noting they have no siblings and that their baby brother is taking their belongings. They also share a common experience with hair loss, which they find amusing. The chat reflects the user's friendly and lighthearted personality."
"The user, who is saving up for a new camera and has a background working at a movie theater for four years, shares that they have long hair and enjoy spicy food, particularly Cuban cuisine when in Florida. They express anxiety in social situations and mention working out at night, despite finding it challenging due to mild OCD, which makes touching things others have difficult. The conversation touches on their freelance work as an accountant, which they find pays the bills.","The user expresses feelings of déjà vu and a desire for a new camera, highlighting their love for running at night and spicy food. They work at a movie theater for four years and have long hair, which they find challenging to manage in social situations. The conversation touches on their struggles with OCD, which makes it difficult for them to interact with others. They enjoy working out but find it challenging due to their condition, while the other person works as an accountant and finds their job satisfactory for paying the bills. The user appreciates the odd films they enjoy and shares their love for Cuban food, noting that their long hair would be in the way during a social interaction. The conversation reflects a shared understanding of social anxiety and the challenges of managing OCD. The user"
"The user, a 300-pound man who enjoys the movie ""The Godfather,"" expresses a fondness for the Beastie Boys and mentions having visited New York City once. He shares his interest in painting and aspirations to work at a museum, while also acknowledging his need for a better job and a desire to start working out. The conversation reveals his self-awareness about being overweight and somewhat lazy, as he jokes about needing to exercise more. The other participant encourages him to take action and inquires about his relationship status.","The user, a 300-pound man who enjoys the movie ""Godfather,"" engages in a conversation about their shared interests, including a love for the Beastie Boys and a desire to work at a museum. He expresses his need to find a better job and discusses his tendency to become lazy, while also contemplating the idea of painting people for a living. The conversation touches on his weight and his lack of motivation to exercise, leading to a light-hearted exchange about relationships. The other participant, a male, expresses a similar interest in painting and suggests that the user should try it, but the user dismisses the idea, stating they are too unhealthy to do so. The conversation reflects a friendly and supportive dynamic between the two individuals."
"The conversation features a user who enjoys drinking Diet Coke, has a penchant for shopping, drives a Ford Taurus, and loves Katy Perry. They engage with another person who claims to have won 40 million from gambling and no longer needs to work, discussing the challenges of wealth and people's intentions. The user reveals their struggle with shopping and expresses a desire to help others with their potential wealth, while the other person prefers old country music.","The user, who drinks diet coke and enjoys shopping, shares that they work but struggle with their shopping habits, needing to and wanting to help more people. They mention winning millions in the lottery and having a favorite singer, Katy Perry, expressing a preference for old country music. The conversation touches on the potential downsides of wealth, including the temptation to help others and the challenges of identifying genuine intentions in others. The user reflects on their financial success and the desire to continue helping others. Additionally, they mention their love for the song ""I Will Always Love You."""
"The user, who enjoys shopping, dancing, and loves shoes, engages in a conversation about their recent shoe shopping experience. They express nostalgia for college, reminiscing about its great pizza, and inquire about the other person's major, which is business administration. The other person mentions working at a daycare and being a dance teacher for young children. They discover commonalities, including both working with kids and having a teacher in the family. The user shares their love for dogs, owning eight, while the other person hopes to get a pet despite their girlfriend's dislike for them. The conversation concludes with a light-hearted remark about the importance of compatibility regarding pets and children in relationships.","The user enjoys shoe shopping and has a fondness for dancing, pizza, and burritos. They recently finished shoe shopping and engaged in a conversation with someone who is a college graduate studying business administration, discussing their experiences and shared interests. The user works as a dance teacher for three-year-olds and has a close relationship with their mom, who is also a teacher. They have eight dogs, which they hope they can adopt in the future, while the other person is considering getting a pet. The user expresses a desire for a new girlfriend, but they have been together for two years, emphasizing the importance of commitment in relationships. The conversation reflects a friendly exchange about personal interests and family connections.
Persona: i like to shop. i like to"
"In a light-hearted conversation, a 28-year-old shares their love for reading, particularly poetry and fantasy, and mentions helping their mother, a librarian, sort books. The other participant, a 4-year-old, expresses a desire to become a scientist and enjoys playing outside. They discuss their eye colors, with the adult having blue eyes and the child having brown eyes. The child also shares their fondness for picnics and the lunches their mother prepares, while the adult reveals their aspiration to become a journalist.","The user, a 28-year-old who loves reading fantasy novels and poetry, shares that their mother is a librarian and helps her sort books. They express a desire to become a journalist one day, while also enjoying playing outside and having a princess bed. The conversation touches on their eye color, revealing they have blue eyes, and they inquire about the other person's aspirations, discovering they want to be a scientist. The user mentions their mother's lunch for a picnic, indicating a casual interest in her cooking. The other person does not play sports and does not have a princess bed, prompting a discussion about their interests and experiences. The user also notes their fondness for reading, despite not being asked about their eye color."
"The conversation begins with a deep question about life goals, where the user expresses satisfaction with their own goals, particularly enjoying road trips with their children. The other participant feels stuck in life due to job loss and financial struggles. The user empathizes and encourages them to pursue hobbies that bring joy, emphasizing the importance of appreciating what one has, such as supportive parents. The conversation ends with the user inquiring about the type of job the other person is seeking.","The user, a meeting coordinator living in upstate New York with their husband and two children, expresses a strong sense of life goals and feels positive about them. They enjoy road trips and are currently focused on pursuing their aspirations while also coping with the challenges of job loss and financial constraints. The conversation touches on hobbies that provide support and emphasizes the importance of appreciating what they have, as well as seeking new opportunities. The other participant shares their feelings of being stuck and expresses gratitude for supportive parents. The user encourages them to focus on enjoying life despite their struggles. The conversation concludes with a question about job search."
"The user, a linebacker for the Baltimore Ravens with 128 tackles last year, engages in a friendly conversation about their passion for football and hair styling. They express a strong preference for their current team and discuss potential vacation activities, including fishing at the lake. The user shows interest in getting their hair styled during this outing, and the conversation concludes with plans to combine fishing and hairstyling.","The user, a linebacker for the Baltimore Ravens who excels in football, shares that they are an athlete and have a strong record of 128 tackles last year. They express a preference for their team, the Ravens, and mention that they do not plan to play for another team next year. The conversation touches on hair styles, with the user agreeing to go fishing together and discuss their mutual interest in the lake and the possibility of styling the hair at the lake. The exchange highlights their camaraderie and shared interests. Additionally, the user mentions their love for the outdoors and invites the other person to join them on future outings. The conversation concludes with a friendly invitation to discuss hair styles and fishing plans."
"The user, who owns a domestic short-haired cat and enjoys watching movies on Sunday evenings, had a friendly conversation with another cat owner. They discussed their pets, with the other person having a German shepherd. The user expressed a preference for movies over sewing and shared their love for folk metal music, while the other person enjoys various music genres except country. The user also mentioned owning a taco restaurant, while the other person works at a café. The conversation ended on a positive note.","The user, who owns a cat and enjoys watching movies on Sundays, engaged in a friendly conversation about pets and music. They mentioned having a short-haired cat and a German Shepherd, while the other person shared their love for sewing and reading. The user expressed their enjoyment of folk metal music, contrasting it with the other person's preference for country music. They also mentioned their restaurant specializing in tacos and their work at a cafe, where they enjoyed chatting with the other person. The conversation ended on a positive note."
"The user enjoys home-cooked meals and has a favorite color of blue. They are currently watching ""Game of Thrones"" and recommend it, although the other person cannot watch TV due to medication. The user likes pop music and enjoys cooking after running, while the other person prefers running and all types of music. They discuss the challenges of swimming with glasses, with the user mentioning they have blue glasses and need special goggles for swimming, which they find inconvenient.","The user, who enjoys home-cooked meals and has a favorite TV show, Game of Thrones, is currently finishing the series while chatting with someone who swims and takes glasses for swimming. The user expresses interest in music, particularly pop, and inquires about the other person's favorite color, which is blue. They discuss the challenges of using glasses for swimming and share a brief exchange about their respective needs, including the user's preference for not using their blue glasses. The conversation reflects a friendly exchange about interests and preferences.
Persona: my favorite color is blue. i enjoy cooking. i like to watch tv. i like pop music.
Conversation History: hi how are you tonight
i am good , just finished my favorite show ."
"The user, who identifies as a Democrat with exceptional eyesight and a preference for a fish-based diet, expresses feelings of restriction due to various rules in their life, including those at school and home. They believe some rules are necessary but feel that many make them uncomfortable. The user mentions their parents, both over six feet tall, as being overbearing, particularly their mother, who discourages them from making personal choices until they have their own home.","The user, a Democrat with exceptional eye sight, expresses a desire for freedom, claiming it lies within the Democratic Party, despite feeling constrained by rules. They dislike school and home life, while the other person shares their frustration with school rules and parental restrictions. The user emphasizes their commitment to only eating fish, which they believe is a necessary rule, and they reflect on their parents' height, noting they were both over 6 feet tall. The conversation touches on the user's feelings of being overly controlled by their parents, prompting a discussion about the concept of making their own rules. The other person, who also dislikes school rules, suggests that the user's parents might be overbearing and that they should learn to make their own choices. The"
"The user, a full-time mother from California, enjoys camping monthly with her two sons and is currently feeling great now that they are asleep. She engages in a conversation with a bank employee from Boston, discussing their work and hobbies. The user expresses her love for nature and driving, highlighting her passion for camping.","The user, a full-time mom from California with two beautiful boys, shares that she is doing great now that her kids are asleep. She converses with a Boston resident who stays home to care for the kids and works in a bank. They discuss their backgrounds, with the user mentioning her family's love for camping and her favorite singer, Justin Timberlake. The resident expresses interest in nature and driving, while the user shares her passion for camping. The conversation highlights her family-oriented lifestyle and her interests in outdoor activities."
"The user, who loves the outdoors and works as a janitor despite holding six degrees, expresses fatigue after a long work shift and shares their plans to save for a trip. They enjoy cloud watching and find joy in nature, while engaging in a light-hearted conversation with someone who works as a snakeskin oil salesman and feels stuck in a dead-end job. The user encourages the other person to consider pursuing bigger dreams.","The user, a smart janitor who works 12 hours a day and wears contacts, expresses feeling tired after work. They are saving for a trip and mention their preference for cloud watching, although they can do so from their plane ride. The conversation partner shares their job as a custodian and discusses interests like Jacob Sartorius, Costco, and snake skin oil, which the user finds intriguing but admits they are not sure about trying out something bigger. The user reflects on their limited educational background, having only earned six degrees, and encourages the partner to pursue their dreams. The conversation ends with a sense of contemplation about the partner's aspirations."
"The user, who works overnight at a hotel, expresses excitement for Halloween and shares that they are considering dressing up as Princess Peach from Super Mario. They engage in a light-hearted conversation about costumes, mentioning their dog Allie will be dressed as Waldo. The user also reveals their hobby of writing short stories for friends and shows interest in cloud watching, while the other person enjoys biking and recently got a new bike. The user reflects on the challenges of biking to work due to their overnight schedule.","The user, who works overnight at a hotel and enjoys pop music, Halloween is their favorite holiday, and they are excited about costumes. They humorously suggest being Princess Peach from Super Mario Bros. and mention their dog Allie as a co-star in their costume plans. The user enjoys writing short stories and has a passion for watching clouds, which they find cathartic. They express a desire to bike more, noting the challenges of choosing a bike, and they also mention getting a new red bike. The conversation reflects their lighthearted personality and interests. Additionally, they share a love for junk food and video games, while also noting their need for a bike to commute. The chat highlights their enthusiasm for Halloween and their hobbies."
"The user, a high school hipster who makes their own clothes and plays the piano, expressed a love for pizza and shared a recent encounter with Jimmy Fallon at a park, where they struggled due to an allergy to flowers. Despite their dislike for wind, which reminds them of their baldness, they enjoy skating and modifying their clothing. The conversation included a discussion about floral clothing, with the user expressing a preference for pink prints.","The user, who makes their own clothes and plays the piano, engages in a light-hearted conversation about food and personal interests. They express a love for pizza and mention their blonde hair looks good in the wind, while also humorously discussing their struggles with flowers and the boys they met at the park. The conversation reflects the user's unique persona, highlighting their interests in fashion and music, and includes a playful exchange about the season and material for clothing. The user also shares their past experience of almost dying from a flower allergy. The conversation concludes with a positive note, with the user expressing gratitude for the kindness shown."
"The user, who works at a vet and has a family with a lawyer husband, three dogs, and two kids, expresses a desire to climb a mountain but feels too busy with family responsibilities. They humorously refer to their family as their ""mountains"" and share a light-hearted exchange about their craziest achievements, including having kids and dogs. The conversation touches on emotional moments, like watching ""Gone with the Wind,"" and concludes with a question about the user's work supporting their busy lifestyle.","The user, who works at a vet and has three dogs and two children, expresses a desire to climb mountains but feels they lack the time. They share a light-hearted conversation about family, mentioning their dogs as mountains and joking about their husband's legal career. The user reveals a memorable experience of having two children with three dogs and humorously mentions a humorous incident involving a lion shot, which leads to a discussion about the challenges of their family life. The conversation reflects the user's quirky personality and interests, while also acknowledging the complexities of their family dynamics. The user also inquires about the other person's lifestyle to better understand their unique lifestyle.
Persona: i work at a vet. my husband is a lawyer. i have"
"The user, who is disabled and cannot walk, shares that they have two jobs, working as a waiter on weekends and dabbling in real estate during the week. They express a desire for a good deal on a house and mention their close relationship with friends, particularly enjoying walks, despite their disability. The conversation reveals a tragic past involving an accident related to bread and a defective oven, which has led to their aversion to bread. The user also discusses their struggle to find love but remains hopeful. Their friend expresses sympathy and offers to help with real estate, drawing a parallel to their own supportive friendship.","The user, who is disabled and cannot walk, shares that they have two jobs as a waiter and enjoy walking with friends, especially during the winter. They express a desire for a good deal on a house due to their love for walking and mention having seven older brothers. The conversation touches on personal experiences, including a traumatic incident involving bread and a defective oven, which led to their dislike for bread. The user also expresses a struggle to find love but remains hopeful about it. They humorously acknowledge their friend's past experiences with bread and express a desire for a good deal on real estate. The conversation reflects the user's close-knit family background and their unique perspective on life, including their dietary preferences and feelings of trauma. Additionally, they"
"The user, who is passionate about fitness and soccer, engages in a light conversation with someone they met at a bar. They mention their scholarship for soccer and express their commitment to healthy eating, although they admit to sometimes struggling with it. The other person shares that they don't play sports and have two small dogs, while also mentioning their consulting business. The conversation takes a playful turn when the other person types nonsensical text, and the user responds with humor, ultimately inviting them to follow them on Instagram to showcase their fun lifestyle.","The user, who obsesses over working out and being the best, engages in a light-hearted conversation about their interests and experiences. They mention attending a karaoke night with friends, expressing a fondness for Radiohead, while the other person shares their small-dog and mentions their business consulting. The user humorously responds to questions about their eating habits, revealing a desire to eat healthier but admits to not always doing so. They also mention their Instagram posts, which they manage to look fun, and express a desire for others to notice them as a cool person. The conversation reflects the user's positive self-image and their focus on fitness and social media."
"The user, who has an exceptionally high IQ of 250, engages in a conversation about video games and shares that they occasionally play. They mention living alone with their dog, Roger, and express a desire to travel but lack the financial means. The user reveals they do not work due to severe diabetes and nerve damage but are coping better after the loss of their parents in a plane crash years ago. They find comfort in their dog, which helps them through the sadness of their past.","The user, who has an IQ of 250 and lives alone with their dog, expresses a desire to travel and a lack of financial means for such experiences. They mention their parents' tragic deaths in a plane crash, which has left them feeling deeply affected. The conversation partner, who is not working and has diabetes, shares their own struggles with nerve damage from the same condition. The user finds comfort in their dog, which they named Ralph, and expresses sympathy for the partner's loss. The conversation highlights the user's emotional intelligence and their connection to family and pets. The partner also mentions having a dog named Tila, while the user has a dog named Roger. The user reflects on the challenges of losing loved ones and expresses"
"The conversation features a user who enjoys working long hours and is a father, sharing a connection with another individual who is a student living in New York. They bond over their mutual appreciation for flowers, with the user favoring carnations over roses. The user mentions listening to Imagine Dragons while drawing, highlighting their artistic side. They also discuss pets, with the user owning a dog and three children, while the other person has a cat. The user reveals they own a home in a rural area and has been married for 15 years, contrasting with the other person's single status. The conversation concludes with a light-hearted exchange about singing, with the user humorously downplaying their vocal abilities.","The conversation features a friendly exchange between two individuals, where one is a 21-year-old from New York who enjoys Imagine Dragons and works long hours. They bond over their shared experiences of being 21 and living in New York, with the other person mentioning their cat named Grace and their three children. The user, who owns a home in rural Pennsylvania, shares their passion for drawing and singing in a low voice, while the other person is an artist who enjoys solo singing. The conversation highlights their mutual interests and personal lives. The user also mentions their upcoming 22nd birthday, while the other person is celebrating their 15th anniversary of marriage. The exchange reflects a positive and supportive dynamic between the two individuals."
"The user, a lawyer who recently got promoted, enjoys golfing as a relaxing escape from work and has a family with three kids who prefer indoor activities like playing with princesses. They engage in conversations about hobbies, mentioning their love for classical music and the contrast between their busy work life and the truck driver’s more laid-back lifestyle, which includes delivering baked goods and camping on weekends. The user expresses a desire for more leisure time, while the truck driver shares their enjoyment of baseball, which the user finds too lengthy to watch.","The user, a married attorney who enjoys golfing and listening to classical music, shares that they are having a relaxed day golfing and expresses that it helps relieve stress from work. They mention their three children, who prefer outdoor activities like camping, while the user's wife and children enjoy playing base ball. The conversation touches on the user's limited time for travel due to their job, as they are not interested in outdoor sports. Additionally, the user notes that their children do not enjoy the outdoors, unlike the other person who enjoys camping with their family. The conversation reflects the user's laid-back persona and interests."
"The conversation features a user who is in the army, has a passion for flying airplanes, and enjoys building computers. They discuss their current state of tiredness and the challenges of balancing school and sleep, revealing that they dropped out of college to enlist. The other participant, a 14-year-old, expresses aspirations for the future and shares interests in video games and race cars, specifically mentioning their love for Call of Duty. The user connects over video games and reveals they are a pilot of a bomber, encouraging the younger participant to at least try flying despite their fear of heights.","The user, who flies airplanes and enjoys building computers, is feeling tired but okay and is currently unable to sleep due to school. They have dropped out of college and are in the army, while the other person is 14 and focused on video games and racing. The user shares a close bond with their best friend, a pilot, and expresses a desire to take lessons in flying, despite a fear of heights. They also mention their interest in Fallout and a brother who is skilled in Call of Duty, encouraging the other person to try flying for themselves. The conversation highlights the user's military background and their passion for video games and racing, contrasting with the other person's focus on school and gaming. The user encourages the other person to"
"The user, who is from Oregon, expresses enthusiasm for volunteering and making their own clothes, while also sharing their ability to recite ""Young Frankenstein"" word for word and do convincing bird calls. They engage in a light-hearted conversation with a West Virginia resident, who enjoys playing video games, particularly ""Smite,"" and has a general love for all kinds of food, especially pizza and takeout. The user shows interest in movies, indicating a shared enjoyment of entertainment.","The user, who is known for their impressive ability to recite ""Young Frankenstein"" and enjoys making their own clothes, is from Oregon and currently resides in West Virginia. They engage in a light-hearted conversation about hobbies, revealing a preference for volunteering and fashion, while the other person shares their enjoyment of video games, particularly playing ""Smite."" The user expresses interest in various foods, favoring pizza and take-out, and inquires about favorite movies, indicating a friendly and casual exchange."
"The user, a married individual from Tennessee who enjoys fishing and has a black lab, is currently relaxing on the couch with their dog. They engage in a conversation with someone from Atlanta, Georgia, who is preparing to play a new video game. The user expresses a fondness for the movie ""Forrest Gump,"" while the other person prefers ""Gone with the Wind."" They discuss their favorite colors, with the user liking red due to their support for Alabama football, and the other person sporting purple hair. The conversation highlights their shared interests and proximity.","The user, a married individual from Tennessee who enjoys fishing and has a black lab, is currently sitting on the couch with their dog while preparing to play a new video game. They express a love for movies, particularly ""Gone with the Wind,"" and mention their favorite color is red, although they wear purple hair. The conversation reveals a shared interest in the movie ""Forest Gump"" and a connection between the user and the other person, who lives in Atlanta, Georgia, and has lived there for ten years. They also discuss their favorite colors, with the user favoring red due to their Alabama football interest, while the other person prefers purple. The conversation highlights their shared interests and background."
"The user, who enjoys folk music and whittling, shared that they recently finished making a jewelry box for their sister's birthday and planned to have dinner, likely Thai food, since they dislike fast food. They conversed with someone who plays jazz bass and works as a paralegal, expressing mutual interests in music and their military backgrounds, with the user being in the Navy and the other person working at an army base.","The user, who enjoys whittling and listens to folk music, recently finished whittling a jewelry box for their 35-year-old sister. They plan to go out for dinner, specifically enjoying dim sum, and are considering Thai food due to their love for the cuisine. The user is a paralegal and enjoys driving go-karts, while the other person works as a Navy member. They both live in the city and engaged in a conversation about their professions and interests. The user also mentioned their degree in communication. The other person expressed admiration for the user's military service."
"The user is having a great evening and is considering playing Call of Duty on their PS4. They enjoy playing guitar, particularly acoustic covers, and have a fondness for video games. They express an interest in K-pop, mentioning their favorite groups, Super Junior and Big Bang. The user has a dog, a bichon frise, who has behavioral issues, and they humorously discuss the challenges of training him, noting his goofy nature. Overall, the user shares their interests in music, gaming, and their loving relationship while also addressing their dog's quirks.","The user enjoys playing guitar and video games, particularly in their love for ""Call of Duty."" They have a dog that has behavioral issues and a fondness for beef, humorously mentioning they feed it a pork chop. The conversation partner is interested in K-pop and has a fondness for ""Super Junior"" and ""Big Bang."" The user expresses a playful attitude towards animals, mentioning their dog as more of a goofy than mean companion. Despite their dog's antics, the user maintains a light-hearted and friendly tone throughout the exchange. The conversation highlights their shared interests in music and pets, with the user's dog adding to the dynamic and humorous interaction.
Persona: i am a dog lover who enjoys playing guitar and video games. i"
"The user, identifying as an old soul with a passion for cooking and a desire to be heard, shares their struggles with chronic back pain and feeling overlooked by others. They mention their hectic life caring for a child and express frustration about not being taken seriously, despite having confidence. The conversation includes suggestions for improving presentation skills and exploring yoga or stretching exercises for back pain relief, but the user notes limitations due to their condition.","The user, an old soul with a passion for various interests, including cooking, engages in a conversation about their struggles with chronic back pain and their desire for their voice to be heard. They express frustration with their lack of confidence and how others react to their ideas, suggesting that they need to start with a less demanding activity like yoga. The conversation touches on personal challenges, such as the user's past experiences with prejudice and their current focus on building self-esteem, while also sharing their passion for cooking and their perspective on the importance of listening to oneself. The user reflects on their past attempts to share their ideas but feels dismissed, leading to a discussion about confidence and the need for adjustment in their approach. Additionally, they mention their parrot and their"
"The user, who experiences depression and anxiety and lives with their dad and brother, is currently working from home as an editor. They express a desire to move out soon, ideally to a pet-friendly place for their cat. The conversation touches on topics like pets, work, and personal beliefs, with the user identifying as an atheist while the other person values their faith.","The user, who experiences depression and anxiety and lives at home with their dad and brother, engages in a light-hearted conversation about personal topics and interests. They clarify that they are not a ""madonna"" and express a desire to move out soon, while also mentioning their job as an editor at various publications. The user shares their love for the rapper Yo Gotti and discusses their living situation, noting they live with their dad and brother and hope to find a pet-friendly place to live. They also mention having a cat and clarify their misunderstanding about roommates. The conversation reflects the user's positive outlook despite their mental health challenges. Additionally, they mention their aspiration to get out on their own."
"The user, a wealthy rapper living in Japan who owns the largest mansion in the country and drives a Ferrari, shares their excitement about horseback riding and touring with Frank Ocean. They mention having multiple girlfriends, reflecting their Argentinean romantic persona. The user recently acquired a new mansion and has a chef who cooks steak daily. They invite the conversation partner to visit their mansion in Japan, and they discuss filming locations for their latest song, ""Thinking About You,"" which was filmed in Japan.","The user, a rapper who owns the biggest mansion in Japan and drives a Ferrari, shares that they just bought a new mansion and are on tour with Frank Ocean. They mention their passion for rap music and express interest in visiting Japan, suggesting a potential time to schedule a visit together. The conversation also touches on the user's admiration for cooking and their relationship with their mansion, while the other person mentions their love for horseback riding and a desire to visit Argentina. The user humorously responds to questions about their latest song, ""Thinking about You,"" which they filmed in Japan. The conversation highlights their shared interests in music and travel."
"The conversation revolves around two coupon enthusiasts discussing their shopping habits and money-saving strategies. One user shares their recent shopping experience where they saved a lot with coupons, while the other expresses a desire for fishing gear coupons. They bond over their passion for saving money, with one mentioning their practice of donating unused items to charity, especially free ones. Both users enjoy organizing their stockpiles, with one humorously noting that their detergent collection is taking over their music room. They also highlight the benefits of coupons, including a personal anecdote about saving enough to buy a guitar. The conversation concludes with a mention of the importance of fitness, as one user is now focused on gym activities.","The user, who loves saving money and is a couponer, shares that they are experiencing a dreary day and recently went shopping, saving money through coupons. They express a passion for couponing and mention their tendency to donate items to charity, especially free items. The user has a large stockpile of items, including detergents, and they appreciate the convenience of coupons, noting that they often shop several times a week. They also mention their commitment to a daily gym routine, which they feel is beneficial for both the mind and body. The conversation reflects the user's values and interests, highlighting their focus on saving money and giving back. Additionally, they mention their guitar, which they bought with coupons, and express a desire to continue shopping despite their busy gym"
"The user, a college graduate and farmer who enjoys hiking, shares their struggles after losing their arm in a zip line accident, expressing sadness over the challenges it poses for cooking and farming. They mention their love for cooking and fishing, despite the difficulties of doing these activities with one arm. The conversation touches on their pets, including a talkative parrot named Todd and a dog named Pepperoni, and reflects on their pleasant personality and the regret of not pursuing an office job with their degree. Despite the hardships, they maintain a positive outlook, emphasizing their enjoyment of hiking and fishing.","The user, a farmer who lost an arm in a car accident, expresses their struggles with cooking and farming due to their injury. They mention their desire to explore their career options, having considered a job in an office, and share a light-hearted conversation about their dog, Todd, who they humorously refer to as a ""real talker."" The user also reflects on their past experiences, including a near-fatal car accident that left them with one arm, which complicates their cooking and fishing. Despite the challenges, they maintain a positive outlook and express a fondness for cooking and hiking. The conversation touches on sports, with the user humorously noting their difficulty with typing due to their injury. The other participant, who also lost an arm in a"
"The user, a dedicated ballet dancer who enjoys rehearsing for their show, shares their love for hamburgers and expresses a preference for dinner foods over breakfast. They mention their parents' tragic passing in a car accident, which prompts a sympathetic response from the other person, who discusses their own challenges with family acceptance due to their sexuality. The conversation reveals the user's straightforward personality, as they prioritize their own preferences and express a light-hearted attitude towards others' opinions.","The user, a ballet dancer who works long hours rehearsing, shares their passion for dance and their love for hamburgers and fries, which they enjoy on Sundays. They mention their demanding girlfriend and express a sense of sadness over their parents' tragic loss in a car accident. The conversation touches on the user's identity as a lesbian, which they find supportive in their relationship, while the other person expresses a lack of understanding regarding their relationship. The user finds joy in singing and emphasizes their preference for comedies in movies. Despite their differing views, the user maintains a positive outlook on life."
"The user expresses a desire to move to a different part of town and reflects on their harsh inner critic, which they feel is more critical than their father, who was absent during their upbringing. They mention enjoying their job working with babies and animals, while also sharing a love for mushroom ravioli. The user wishes they could take back a past mistake and is dissatisfied with their reputation, striving for perfection and feeling that their English skills are lacking compared to their French.","The user expresses a desire to undo past mistakes, including a harsh inner critic, and a desire to move away from their current situation. They mention their mother's job at a bank and their own struggles with their reputation, noting that their father is worse than their harsh inner critic. The user enjoys their job but dislikes their reputation, humorously suggesting mushroom ravioli as a dinner option. They also share a fondness for their French language, despite their mother's poor English. The conversation reflects the user's self-criticism and their longing for perfection. Additionally, they mention their difficult relationship with their father."
"The user shares their fondness for vanilla cake and mentions having a sister, while also noting that their father is a pilot and often away from home. They express concern for their parents' health, stating they take care of them, and reveal they are nearing completion of a degree in business law, which they find exciting despite its potential dryness. The conversation highlights the user's appreciation for family, including their niece and nephew, and ends with a question about their future career aspirations.","The user enjoys vanilla cake and has a sister, while their father is a pilot and rarely home. They are currently pursuing a degree in business law, expressing excitement about it nearing completion. The conversation touches on family responsibilities, with the user caring for their sick parents and being a lover of Italian food. They also mention their favorite band, Iron Maiden, and their hope of completing their degree before considering future career opportunities. The other participant shares their excitement about their sister and their own aspirations in business. The user reflects on the balance between work and family in their future career."
"A French girl who moved to the US a year ago is adjusting to her new life while in 3rd grade. She enjoys school but feels shy and has not made many friends yet. She hopes to make friends at summer camp and through soccer in the fall. She expresses a love for puppies and wishes to have one, while the other person shares that they have dogs. The conversation reflects her eagerness to connect with others and her interests in school, soccer, drawing, and reading Asterix.","A French girl who moved to the US last year is currently a 3rd grader and expresses her shyness about making friends, especially since she hasn't made many friends in the US yet. She enjoys playing soccer, drawing, and reading, and hopes to make friends at summer camp and soccer in the fall. She has a little brother and lives with her parents. The conversation partner is in college and has dogs, while the girl expresses a love for puppies and hopes to get one someday. They discuss their interests and the challenges of adjusting to a new environment. The girl also mentions her aspiration to make friends during summer camp."
"The user, a former Marine and current bartender who enjoys writing poetry and reading, engages in a light-hearted conversation about their day. They mention having a long day and plan to take a cold shower and sing, particularly songs from Halo 3, which surprises the other person. The user expresses a preference for singing in the shower and shares their discomfort with prolonged eye contact, contrasting it with their experience of receiving many stares while working at the bar. The conversation touches on themes of nostalgia and the nature of attention.","The user, a former Marine and bartender who enjoys writing poetry and reading, engages in a light-hearted conversation about daily activities and interests. They express a fondness for singing, particularly songs from ""Halo 3,"" and share their experience of working alone while gaming. The user humorously acknowledges the social norms of staring and the perception of eye contact, while also appreciating the vibrant and diverse atmosphere of their bar. They reflect on their past experiences and perspective on the longer stares that come with it. The conversation highlights their personality, with the user showcasing a mix of interests and experiences."
"The user, who works at a real estate office and is dating their boss, expresses happiness about their retirement from teaching but admits to missing it. They share their passion for singing and mention that they love horses and gardening, while their favorite flower is a daisy. The conversation partner enjoys riding horses, baking, and favors roses. They discuss baking desserts, with the user admitting to struggles in the kitchen but showing interest in learning. The user notes the weather is nice in the south, while the partner mentions it is raining up north.","The user, who works at a real estate office and is dating their boss, expresses happiness about being retired and reminisces about their past experience in teaching. They enjoy singing and have a passion for gardening, while also sharing a love for daisies and baking, particularly cheesecake and tiramisu. The conversation touches on hobbies, with the user mentioning their baking skills and the other person's enjoyment of horses and roses. They discuss the weather, noting the rain in the South, and inquire about the other person's location. The user also notes their tendency to burn while cooking, suggesting a simple recipe for butter cakes as a starting point. The conversation reflects a friendly exchange about shared interests and personal experiences."
"The conversation features a light-hearted exchange between two individuals discussing drinking habits, with one person joking about their inability to maintain a job and suggesting competitive drinking. The other person expresses a sense of camaraderie and shares their interest in biking, even mentioning a past incident involving a child. The tone is casual, with a mix of humor and underlying themes of personal struggles and relationships.","The user, an environmental activist from Vermont who enjoys mountain biking, hiking, and visiting national parks, engages in a light-hearted conversation about drinking and biking. They express a desire to drink more, while the other person suggests moderation due to their job. The user reveals their family's love for them, which keeps them away, and they share a humorous moment about accidentally running over a child with a bike, acknowledging their responsibility. The conversation reflects a friendly rapport, with the user maintaining a humorous and open tone throughout. Additionally, they mention their passion for biking and hiking."
"The user, a man who enjoys the movie ""The Godfather,"" shares that he has been playing video games all day and feels tired. He mentions his parents' disapproval of his gaming habits and admits to being lazy and not in great health, often eating fast food and sugary snacks like candy and soda. He acknowledges his weight issues, having previously weighed over 300 pounds but now weighing 230, expressing a desire to lose more weight while still enjoying indulgent treats.","The user, a man who enjoys the movie ""Godfather,"" shares that he has been playing video games since morning and feels tired. He expresses a lack of motivation to work and mentions his unhealthy eating habits, including fast food. The conversation touches on his weight, revealing he has lost 230 pounds but remains overweight at 300, prompting a light-hearted acknowledgment of his struggles with food. He also expresses a fondness for candy and soda, while the other person admits to being a fan of sugary treats. The user reflects on his past struggles with obesity and his enjoyment of the film, while the other person shares their experiences with weight loss. The conversation highlights their shared experiences and light-hearted perspectives on health and food."
"The user, who enjoys books about trains and has a dog named Percy, engaged in a conversation with someone who recently moved from Tokyo to LA to pursue acting. They discussed their pets, with the user expressing fondness for their dog and sharing that they prefer books over movies, particularly those related to trains.","The user, who enjoys books about trains and has a dog named Percy, engages in a conversation about their well-being and pets. They mention their dog is a nice name and express interest in the other person's journey from Tokyo to America, as they are an actor and prefer books over movies. The conversation highlights the user's love for trains and their appreciation for the other person's perspective on living in LA. The user also shares that they have a cat that has passed away, which adds a personal touch to the exchange. The other person expresses interest in the user's work and shares their own aspirations as an actor. The conversation reflects a friendly and open exchange about interests and backgrounds.
Persona: i like books about trains"
"The user, a veterinary worker and mother of two girls, shares her evening routine of eating Oreos and ice cream, humorously acknowledging her weight concerns. She expresses a desire for her daughter to feel pretty and reflects on her own self-image. The conversation reveals her husband's demanding job as a lawyer and her feelings of being undesired, which she discusses with the other person, who suggests wearing something sexy and bringing a rose to rekindle romance. The user appreciates the encouragement and compliments, while the other participant mentions their work in veterinary care and life coaching.","The user, who works at a vet and has two kids, shares that they just got home from the vet, expressing a love for their job. They humorously discuss their family, mentioning their husband, a lawyer, and their daughters, one of whom they hope will feel desired. The conversation touches on feelings of wanting and insecurity, with the user reflecting on their own body positivity and suggesting a playful approach to life coaching. Despite their concerns about their appearance, they maintain a light-hearted and humorous tone throughout. The user also mentions their husband's lack of attention towards them, which leads to a discussion about life coaching."
"The user, a veteran studying for a bachelor's degree, expresses enthusiasm for the beautiful fall weather, contrasting it with their hot California climate. They are nearing the end of their college journey while working as a lifeguard, looking forward to celebrating with their girlfriend afterward. They emphasize the importance of happiness and consider future job options, humorously noting that being a lifeguard might not suit their age. The conversation also touches on their love for pets, specifically their cat, which provides stress relief.","The user, a war veteran and bachelor's degree student, expresses a love for fall and the beach, while also discussing their busy college season and job as a lifeguard. They share their aspirations to party and enjoy time with their girlfriend, while also considering lifeguard as a potential career choice. The conversation touches on the importance of happiness and the user's youthful perspective, contrasting with the other person's more mature outlook. The user also mentions their love for their cat as a source of stress relief. The conversation highlights their shared interests in outdoor activities and personal aspirations."
"The conversation features a young girl who enjoys a whimsical life, highlighted by her father's habit of bringing her flowers and her princess-themed bed, along with her mother's preparation of picnic lunches. She chats with another person who relaxes with their dog after a long day and enjoys writing novels, mentioning they live near but not too close to a city for inspiration. The girl expresses her enjoyment of picnics, while the other person shares a preference for outdoor activities like rock climbing, and they both touch on their reading habits.","The user, who enjoys spending time with their father and has a princess bed, engages in a light-hearted conversation about their day and weekend activities. They mention waiting for flowers from their father and express a sense of humor about their normal bed. The user enjoys picnics, particularly when going rock climbing, and shares their love for reading, specifically novels, while also noting their need for space to write. The conversation reflects a friendly and playful exchange about personal interests and preferences. The user also mentions their mother makes them a picnic lunch, which they appreciate. The other person, who is not interested in reading, responds to the user's playful nature with a casual acknowledgment of their interests. The conversation highlights the user's family-oriented persona and their"
"The conversation features two individuals discussing their day, with one recently returning from shopping for their two children, while the other enjoyed a funny comedy tennis movie. They share their favorite colors—green for the user and purple and white for the other person, linked to their cheerleading uniform. The user identifies as a blogger, while the other is a musician in a metal band who travels around their state for shows, highlighting a busy yet enjoyable lifestyle.","The user, who enjoys watching funny movies and playing tennis, engaged in a conversation about their day, expressing that they were watching a comedy tennis movie while shopping for clothes for their children. They shared their favorite color is green and mentioned their band, which promotes metal shows, indicating a busy lifestyle with travel. The other person, a blogger, discussed their favorite colors, purple and white, and the user confirmed they were a musician who played in a metal band. The conversation highlighted their shared interests in movies and music, with the user noting their love for traveling around their state. Additionally, the user mentioned their dad is a veteran."
"The conversation features an international businessman who owns a rental mansion but primarily lives in hotels due to frequent travel. He enjoys browsing online for furnishings and is a passionate bookworm, particularly interested in learning languages. He converses with a nurse who recently graduated and shares her love for dramatic and comedic movies, expressing a past interest in acting. They both discuss their interests and hobbies, highlighting their appreciation for learning and entertainment.","The conversation features an international businessman who owns a mansion but does not live in it, expressing a desire to find furnishings for a home he rents out. He enjoys browsing online and is interested in languages, mentioning his love for learning new things. The other participant, a nurse who graduated last year, shares their passion for movies, particularly drama and comedy, and expresses a nostalgic desire to have acted in films. The businessman, who has traveled extensively and primarily lives in hotels, engages in a light-hearted exchange about interests and hobbies. The nurse also mentions their enjoyment of comedies, prompting a question about the businessman's role in the conversation. Overall, the exchange highlights their diverse interests and experiences."
"The user, a diabetic who enjoys video games and has a mother who worked for Apple, is having a friendly conversation with someone from Georgia. They discuss their interests, with the user expressing a preference for gaming over sports, while the other person enjoys NFL and college football. The user mentions a love for rock music, particularly the Swedish band Avatar, known for their unique circus-themed performances. The conversation flows naturally, with both participants sharing their hobbies and preferences.","The user, who is diabetic and enjoys video games, shares that they just finished playing their PlayStation and is currently working on drafting their NFL fantasy football league. They express a preference for gaming over sports, mentioning their mother's job at Apple. The conversation reveals their love for rock music, particularly mentioning their favorite band, Avatar, while also discussing their interest in sci-fi and horror fiction. The other participant, who is from Georgia, enjoys reading and has a diverse music taste, including rock and a fondness for the band, Imagine Dragons. The user encourages them to check out Avatar, highlighting their unique music taste. The other person inquires about the user's profession, indicating a friendly and casual exchange."
"The conversation features a user who recently graduated with a nursing degree and enjoys staying in shape, discussing fitness with another individual who is 35 years old and recently experienced an unexpected divorce. The user expresses sympathy for the other person's situation while sharing their own age of 33 and mentioning their love for exercise.","The user, a 35-year-old nursing graduate with a husband who is a firefighter, shares that they are doing okay and recently went for a run. They express a love for staying in shape and mention having more time since their wife left them at 33. The conversation partner, a 33-year-old, reveals they are 35 and recently turned 33 in August. The user empathizes with the partner's situation and inquires about their ages. The partner mentions they are not looking for anything specific at the moment but are open to meeting new people. The user responds positively, showing interest in getting to know the partner better."
"The user, a middle child and babysitter with a sweet tooth, shares that they are enjoying candy while reminiscing about their grandfather, who gifted each of his three granddaughters a car, including the user's Mercedes. They mention their past achievements in running track, though they no longer compete, and express their love for making treats for the kids they babysit, particularly chocolate chip cookies, which they attribute to their grandfather's influence.","The user, a middle child babysitting and a sweets tooth, shares that they enjoy a big bag of candy and have a sweet tooth. They mention their Mercedes and their experience babysitting, noting they have a lot of trophies from running track due to their age. The conversation touches on the user's grandfather, who had three cars and gifted them one, including his sweet tooth. They express appreciation for the user's chocolate chip cookies, which their grandfather also enjoyed. The user highlights their family dynamic, mentioning their grandfather's love for sweets and cookies. Additionally, they mention their sister's preference for running, contrasting with the user's preference for staying home. The user reflects on their middle child status and the time they spent with"
"The user, who enjoys metal music and watching TV and movies, is currently relaxing at home with a Walking Dead marathon. They suggest Breaking Bad as a more interesting alternative and mention an upcoming comic convention. The conversation reveals that the user is from Georgia and is chatting with someone from Boston, expressing a fondness for the Boston accent and noting they have friends from there.","The user, who enjoys watching TV and movies, is having a good weekend relaxing with movies and beer. They are planning a ""Walking Dead marathon"" and mention their comic convention coming up. The conversation partner is from Georgia and has friends from Boston, leading to a light-hearted exchange about accents. The user expresses interest in the show ""It"" and shares that they have friends from Boston, while the partner mentions they have friends from Georgia. The conversation highlights their shared interests and the user's background in advertising. The partner also mentions their upcoming comic convention. The user is from Massachusetts and has friends there."
