persona,chat,summary
 i am in preschool. my favorite animal is a zebra. i like to play outside. i like to dance. i am a girl.,"gosh , today was a stressful day , how are you ?
i had a great day in preschool ! why so stressful ?
my boss is horrible and treats me bad , i work 60 hours a week .
that is a lot of work ! i played outside a lot , i love that
just wait until you start working kiddo . . .
as long as i can still dance !
do you want to dance when you grow up ?
dance or sing . or work with zebras . what do you do
i am a restaurant manager , i oversee all of the food prep and servers .
sounds fancy and like a lot of work
of course it is a lot of work , customers are always demanding and we are under staffed .
i hope you get paid lots of money
not really . how old are you ?
i just turned 5 ! chuck e . cheese party
do you think you are a little too young to be online ?
my mom gives me 20 minutes of screen time ! every day
","The conversation features a preschool girl who enjoys playing outside, dancing, and loves zebras. She shares her excitement about her day at preschool and her recent birthday party at Chuck E. Cheese. In contrast, an adult expresses stress from a demanding job as a restaurant manager, mentioning long hours and difficult customers. The girl expresses hope to continue dancing or working with zebras when she grows up, while the adult questions her online presence, to which she responds that her mom allows her 20 minutes of screen time daily."
 my favorite music artist is isaiah rashed. i do not drink alcohol. i work for a marketing agency. i would rather read a book than watch a movie.,"hi there person of interest
hello how are you today ?
not to bad , how bou you
pretty good do you like music
sure do , the happy go lucky kinda music
do you like rap music ?
sure , probably . any artist in particular you groove on ?
isaiah rashed is a real banger
never heard of him , name a song
yo should look up whats wrong kendrick lamar is on it
alrighty , i will do that shortly . getting ready to go for a run
yeah its some great running music
i will dig into it . you ever excercise
sometimes but my marketing job keeps me busy
","The user, who enjoys Isaiah Rashad's music and prefers reading over watching movies, engages in a friendly conversation about music, expressing a preference for upbeat genres and rap. They mention a specific song featuring Kendrick Lamar and discuss their busy schedule due to their marketing job, which limits their exercise routine."
 i am a night owl. i enjoy hiking and riding my bicycle. i am 29 years old. my favorite band is pearl jam. i live in a suburb of boston.,"hey how are you today
i am great ! i slept in because i tend to be a night owl .
that is great that you are refreshed . i am going to play a video game
that sounds fun ! i was thinking of going for a hike or a bike ride .
fresh air is always good it keeps you healthy i think .
i agree ! do you like music ?
yes i like 80s music sometimes i think i am stuck in the 80s
i like 80s music too . i also love pearl jam
pearl jam is a good band . i have a 386 game console
cool ! how old are you ? i am 29 .
i am older i am 48 . i ruined all my shirts
how did you ruin your shirts ? where do you live ? i live in boston .
i spilled ink on all of them i am so clumsy . in new york upstate
i love new york . especially in the fall .
it is pretty . do you have any pets
yes i have 2 dogs .
","The user, a 29-year-old night owl from a suburb of Boston, expresses excitement about sleeping in and plans to go hiking or biking for fresh air. They bond over a shared love for music, particularly Pearl Jam and 80s tunes, while discussing the user's gaming interests. The conversation reveals the other participant is 48, lives in upstate New York, and humorously shares a clumsiness story about ruining shirts with ink. They also mention having two dogs as pets."
 i love meat. my favorite food is pizza. my wife use to be a teacher. i have a new job selling cars. i love to paint pictures.,"hello ?
hello , how are you
i am doing well , how are you ?
pretty good , sold cars all day , its my new job .
that sounds fun , i just seem to cook all day . i enjoy it though .
right on ! you can cook me some pizza , its my fav !
maybe some time ! my family has a killer recipe from italy that my three kids love .
does it involve meat ? i love it !
of course . do you have family ?
yes i do , my wife taught for some time , and my kids are grown .
lucky ! i have been married a while , but married young . three kids too .
that is great , maybe sometime i could paint a pic of your family , something i love .
my family back in italy would like that . my parents do not speak english though .
so then you speak italian ?
italian and english . i moved to america when i was only 14 .
by yourself ?
","The user, who loves meat and pizza, recently started a job selling cars and enjoys painting. They engage in a friendly conversation with another person who enjoys cooking, mentioning a family recipe for pizza that includes meat. The user shares that they have been married for a while and have three children, while the other person has grown kids and a wife who used to be a teacher. They discuss the possibility of the user painting a picture of the other person's family, who are in Italy, and the other person reveals they speak both Italian and English, having moved to America at 14."
 i collect stamps. my mom taught me how to play the cello. my favorite color is blue. everyday i go swimming at the y. i love going to concerts on the weekend.,"howdy ! how all doing today ?
i am doing great thanks , yourself ?
quite fine ! its lovely here on the west coast .
do you live near the ocean ? love swimming , i go daily , but never in ocean !
absolutely ! i moved here from virginia , and swim in the pacific everyday .
sounds amazing . i love the color blue , i am picturing the clear blue skies and water .
moving here definitely was worth the drive in my dads ol pickup !
that sounds like quite an adventure , but a long drive !
it took three days ! we moved because my mom got a new teaching job here .
what does she teach ? mine teaches also cello lessons ! she taught me to play too .
she is a professor of environmental science , and great at it too ! where are you from ?
awesome ! i am from ny not the city , upstate .
i would love to live there ! my dad cannot find work there though , he is a cop .
it is pretty nice here , i enjoy actually getting 4 seasons a year , haha .
","The user, who enjoys collecting stamps and swimming daily, shares that they recently moved from Virginia to the West Coast for their mom's new teaching job as a professor of environmental science. They express a love for the color blue, envisioning clear skies and water, and mention their mom also teaches cello, which they learned to play. The conversation reveals the user's appreciation for the four seasons in their new location compared to their previous home in upstate New York, where their dad, a cop, struggles to find work."
" i used to cheerlead in high school. i live in celebration , florida. i am a lifestyle blogger. i am married and have 2 kids. i enjoy shopping.","hey , i am in a lady motorcycle club and i love to drive fast
i am married to a wife beater and have two kids
well do you want me to come beat him ? i have never lost a fight
then we can go shopping ! i love shopping . i am a lifestyle shop blogger .
well there you go lol and your kids would enjoy checking my tatts i have got 12
i am very attractive . i was a cheerleader in high school . maybe we can go on a date
u like women too ? did not know that
got to get away from my husband i live in florida . celebration florida come meet me
i just drove 20 mins this morning at 208 mph i can get there fast
i will leave my kids never liked them lets do this !
sounds like a plan i will be there soon you can hop on my bike
the we can ride off into the sunset just like lovers in a novel
well then pack your bags
yay i am so excited i think i will burn the house down before i leave .
","The conversation features a user who identifies as a lifestyle blogger from Celebration, Florida, and a former cheerleader. They engage with another individual who is part of a lady motorcycle club and expresses a love for fast driving. The user humorously suggests violence against the other person's husband and expresses enthusiasm for shopping. They discuss tattoos and flirtation, with the other person proposing a spontaneous meeting and ride on a motorcycle. The user expresses excitement about the idea, even jokingly mentioning burning down their house before leaving."
 my favorite show ever is game of thrones. i work from home. i have been to a few renaissance fairs. i like cosplay.,"hey whats up i am awesome how about you
i cant get enough game of thrones . it is my favorite show ever .
no time to watch that i am trying to start a band like system of a down
i am awesome too . my job involves working at home and that makes it even better .
hey man i am a vegan and that is offensive to my cult
soad is ok but i think cosplay is better
dude i have been playing coldplay on my piano since i was 6
everything is some kind of cult . like all of the renaissance fairs i go to .
i meant to write culture but i guess cult is fitting
they have a few good songs . i listened to them sometimes when i work at home .
rad bro that is awesome dude super duper
cult or culture . well its all some kind of belief system . . . of a down .
its a cult who are we trying to fool
not much piano in soad but you can get a job at the renaissance fair
","The user expresses their enthusiasm for ""Game of Thrones,"" stating it as their favorite show, while also sharing that they work from home, which they enjoy. They mention an interest in starting a band inspired by System of a Down (SOAD) and highlight their passion for cosplay, alongside attending renaissance fairs. The conversation touches on music, with the user noting their long-time experience playing Coldplay on piano, and humorously reflects on the idea of cults versus culture in relation to their interests."
 i m going riding on my boat today. i am a fisherman. i love tuna. i live in cape hatteras.,"hello , how are you today ?
i am good how are you ?
good , going to the doctor soon , i have some issue with my knees
that is not good . i hope the appointment goes well
i am a long distance runner and my knees have been clicking a lot
i have been a fisherman for many years now . and i hope everything is okay
dang , where do you fish ? i know se alaska is big on fishing
i am from cape hatteras
where is that ? like north carolina ?
oh yes it is in the north part of north carolina .
dang , i feel like i visited there once as a kid
really ? i love it . i also like to fish for tuna
what kinda string do you need for that ? tuna are huge !
i have to get this special kind of string
","The user, a long-time fisherman from Cape Hatteras, North Carolina, shares that they are doing well and are going boating today. They express concern for the other person's knee issues, as they are a long-distance runner themselves. The conversation reveals the user's passion for fishing, particularly for tuna, and they mention needing a special kind of string for fishing. The other person reminisces about visiting Cape Hatteras as a child, showing interest in the user's fishing experiences."
 i don t eat meat. i read tons of books. i am witty. i love sharks. i love to dance.,"hello how are you this evening ?
it has been a bit quite the event , you ? cooking my vegan dish tonight .
yum ! just back from taking the kids on a nature walk lovely
i am not into meat and cut back stayed vegan .
healthy ! i stay at home with my two kids while my husband makes the living
i am a single unemployed mom at the moment . but read tons of book .
how old are you ? just turned 30 this year
28 , and it is a learned lesson as a mother .
yes ! taking care of children plus two pets too
it is and i can be quite witty .
witty is good that means you have a sense of humor
i do and do a funny dance with it and my son finds that entertaining
you are making wonderful memories ! !
it is he loves it i also read shark books to him .
","The user, a witty 28-year-old single mom who doesn't eat meat and is currently unemployed, shares that they are cooking a vegan dish while taking care of their two kids and pets. They enjoy reading, particularly shark-themed books, and engage in entertaining dance routines with their son. The conversation highlights their commitment to a vegan lifestyle and the joy they find in creating memorable moments with their children."
" my favorite singer is kid rock. i am a female. i have a master s degree. my favorite color is purple. i love to swim , and began at a young age.","hello tell me about yourself
what is your favorite color ? mine is purple
mine would be green same color as my lexus !
nice ! ! i love going to the beach . maybe you can take me
sure do you mind if i bring my dog socks with us
i love dogs ! ! ! ! i want to bring mine too !
yay ! i have a husky , but i had some many dogs before its hard to count
who is your favorite singer ?
i am more a classic rock kinda guy . like ccr , black sabbath , acdc etc , you ?
i like all those bands and kid rock
kid rocks name makes me laugh
i wish i was swimming right now ! ! !
that is random , yeah live in california there is so many beaches here
i am really sweaty it is hot today
","The user, a female with a master's degree, shares her favorite color, purple, and expresses her love for swimming and the beach. She engages in a light-hearted conversation with a classic rock enthusiast, discussing their favorite colors and singers, revealing her fondness for Kid Rock. The conversation also touches on their mutual love for dogs, with the user mentioning her husky and past pets. The user expresses a desire to swim, noting the hot weather and the abundance of beaches in California."
 i work at a bookstore. i have three tattoos. i do not drive.,"hi ! how are you ?
hi good and you ?
great ! just ran k outside ! beautiful weather !
what do you do for a living ?
i am in sales . you ?
i work at barnes and noble
nice ! do you love books ?
i read all the time . bu ?
i have to admit , i always opted for hte movie versions of books .
do not like reading ?
i do , but prefer the movies . have you heard of 16 candles ?
that is old school
yes . . . do you know if there is a book 16 candles ?
i did not know that but i have seen the movie
","The user, who works at Barnes and Noble and enjoys reading, engages in a light conversation about their love for books and movies. They express enthusiasm for the beautiful weather and inquire about the other person's profession. The other person admits to preferring movie adaptations over reading, mentioning ""16 Candles,"" to which the user responds by noting the film's age and expressing surprise at the existence of a book version."
 i am studying for my master s. my favorite food is pizza. i am a student in social sciences. i also like eating sushi.,"hi ! how old are you
i am 35 years old
i am only 21 . do you like cheerleaders ?
yes , i go to college at night for my masters
if i ever can get away from the ranch i want to go to college
college is good to explore what you want to be like in social sciences .
i want to learn about the outdoors
that is good also . do you like sushi , i enjoy eating it
we do not have sushi at our ranch
well i love pizza too . how about you
i love ranch dressing with my pizza
ranch dressing is good with pizza my kids eat it like that all the time
i colored my hair black .
i guess at 21 black is a good color .
yes i think so also
does your ranch have horses or cattle ?
","The conversation features a 21-year-old student studying for a master's in social sciences who enjoys pizza and sushi. They discuss their age difference and the student's college experience, expressing a desire to learn about the outdoors. The student shares their love for pizza, particularly with ranch dressing, which the other participant's kids also enjoy. The conversation also touches on hair color and the presence of horses or cattle at the ranch."
 my favorite food is mexican. i enjoy reading history books. i love to dance. i am a teacher. i grew up in new hampshire.,"hi . typing to you from above my wrecked beach that i love
that is exciting . i grew up near a beach in new hampshire .
cool . i am in school in florida
very interesting . i am a dance teacher and i love dancing .
i like to dance but do not have a lot of time between both jobs and school
makes sense . i get all of my hobbies done at school . like reading history books .
do you like other types of books ?
i like cook books . my favorite are mexican food cook books .
yum . . do you have a favorite color ? mine is blue .
i would say orange . i like blue as well .
what do you like to do besides cooking ? i sing .
mostly dancing ! i could dane to your singing .
i like that idea . go on americas got talent .
we would do really well !
i could use the bucks . where shall we meet to rehearse ?
well i am still in new hampshire !
","The conversation features a user who enjoys dancing, teaching, and reading history books, sharing their background of growing up near a beach in New Hampshire. They are currently in Florida for school and express a passion for Mexican food cookbooks. The exchange includes light-hearted banter about their favorite colors and a playful suggestion to audition for ""America's Got Talent"" together, highlighting their shared interests in dance and singing."
 i am in a local theater company. my parents are divorced. i am a history buff. i love animals and like working with them.,"how are you and your family today
good . my parents are divorce so i have not talked to them today .
so are they separating completely from each other ?
yes they are . how are you ?
am fine but my dad is alcoholic and quarrelsome
that is not good . do you talk to him a lot ?
when he is not drunk he is a good father and can care for me
i love animals and working with them and sometimes they can rehabilitate alcoholics .
i only take walks around the garden to stay away from him
do you walk a lot ? i like to read since i like history a lot
i move around and watch flowers and butterflies and they ease my mind
sounds peaceful . do you work ?
am still in college and will complete next year
cool . i am an actress at a theater locally .
","The user, an actress in a local theater company and a history enthusiast, shares that they haven't spoken to their divorced parents today. They mention their father's struggles with alcoholism but note that he can be a caring father when sober. To cope, the user enjoys taking walks in the garden, appreciating nature, which helps ease their mind. They are currently in college and expect to graduate next year, while also expressing a passion for animals and their potential to aid in rehabilitating individuals with addiction."
 my brother is in a metal band and travels the world. i will be graduating in september and hope to get a teaching job soon. i am in college now and want to be a teacher. my family migrated to america when i was five.,"hello ! what are you up to ?
i am reading for a exam i have and you ?
just finished playing with my three dogs here at home .
cool 3 dogs . i will get a dog when i am done with school next september
sounds good . what kind will you get ?
a pit bull . i will get him when i find a teaching job
i teach drums and i play them really well .
wow my brother is in a heavy medal group and goes all around the world
that is awesome ! do you play any sports ?
no i really do not have time . college is hard lol
i bet . i work out , even though i do not like to , but need to .
my mom and dad work out a lot . they came here when i was 5
i work out to stay healthy . i have a problem with my blood sugar .
oh wow i hoe you stay healthy for a long time
thanks . i check it everyday .
that is cool so what else do you like ?
","The user is a college student preparing for exams and aspires to become a teacher after graduating in September. They plan to get a pit bull once they secure a teaching job. The user has three dogs and shares that their brother is in a heavy metal band that travels globally. They don't play sports due to their busy college schedule but work out to maintain health, particularly because of a blood sugar issue. The user reflects on their family's migration to America when they were five and expresses a desire to stay healthy."
 i have one cat. i am not thin. i am short. my hair is brown. i like to sew.,"whats your favorite food ? i love food truck burgers .
i like fries . my cat steals them though .
how many cats do you have ? i dyed my hair to match my cats
i have just one . i am keeping my hair brown to save money .
i am naturally brown , blonde now . my older brother takes care of all my finances
interesting . i sew commission plushes for extra cash .
i try to do stuff like that all time but i can never speak up for myself
i know what you mean . being short and chubby kinda kills my confidence .
i was too before my parents died but my big bro introduced me to vegan food trucks
my family started the vegan thing too . it helps some .
you should not be so down on yourself . have some fun ! you could dye your hair too
dye is so expensive these days . but i will consider it .
peroxide and koolaid are a cheap route , make me feel punk rock even though i am quiet
its nice that you are brave enough to do that sort of thing .
thank you for saying that , i am sure deep down you are brave too
i guess so . if nothing else whiskers encourages me .
","The user, who has one cat and describes themselves as short and not thin with brown hair, enjoys food truck burgers and fries, though their cat often steals the fries. They have dyed their hair blonde in the past but are currently keeping it brown to save money, with their older brother managing their finances. The user sews plushes for extra cash and struggles with self-confidence, especially regarding their body image. They share a connection with the other person over vegan food and encourage each other to have fun and be brave, despite the user's concerns about the cost of hair dye. The conversation reflects their supportive dynamic, with the user finding motivation from their cat, Whiskers."
 i have appeared on the show jeopardy. i make pottery. i once lived in a storage locker for two months. i am a recovering alcoholic. i like to refurbish classic cars.,"hello , what are you up to today ?
refurbishing a car for a client , wyd ?
just finished grading some papers . i am a teacher .
pretty good with my hands , making a few pottery items too .
i am not very handy , but i do like to sing . i sing at church on sundays .
i kinda lived in a storage locker for a few months lol
well , that is unexpected . are you okay ?
yes , i am recovering from being a drunk
oh , i understand . i have a friend who is an alcoholic . she finds reading the bible helpful .
i was once on the game show jeopardy .
very cool ! i do not really watch tv , but i love to go to the orchestra .
me either ! i would love to go !
","The user, a former contestant on Jeopardy and a pottery maker, is currently refurbishing a car for a client while also sharing that they once lived in a storage locker for two months. They are a recovering alcoholic and mention their experience to a teacher who has a friend struggling with alcoholism. The conversation reveals the user's practical skills and interests, contrasting with the teacher's passion for singing at church and attending the orchestra, which the user expresses interest in as well."
 i am a casual dresser. i am overall happy with life. i am a waitress at a local restaurant. my favorite band is nirvana.,"hello how are today
i am really happy with things occuring in my life , how about you ?
i am doing good that is great to hear
yes , i love nirvana , do you have a favorite band ?
no favorites here , i only listen to music when trying to relax
i understand . i am a waitress at the quaint dinner so we listen to it a lot .
although i like to hear myself as in the shower when i sing
that sounds like fun . do you have a job ?
no job just a dream cupcake business
that is cool . i dress very casual so the waitress job fits me .
do what you love i use to work a corporate job i hated it
i do not think that would make me happy . you only live once .
i believe success is happiness
that it is dear friend ! what kind of cupcakes do you want to make ?
we make about 31 different flavors
that reminds me of baskin robbins ice cream .
","The user, a casual dresser and happy waitress at a local restaurant, expresses contentment with life and a love for Nirvana. They enjoy singing in the shower and appreciate their job, contrasting it with a previous corporate role they disliked. The conversation partner dreams of starting a cupcake business with 31 different flavors, which the user likens to Baskin Robbins ice cream, emphasizing the belief that true success is found in happiness."
 i should beverage been born a prince. nachos are my favorite food. i play d and d. i hate talking to people.,"hello how are you tonight
i am good and eating my favorite food nachos . how are you ?
i am good just finishing up school
i play dungeons and dragons so i guess we are both kind of nerds in a way .
i suppose so i do not know why its bad
i wish i was born a prince so i would not have to talk to people .
i understand that i want to be like a famous artist
being a nerd is not bad but a lot of people make fun .
yes that is true , i do not know why though
just because i play dungeons and dragons .
yeah , but there is nothing wrong with it i love painting
i also like nachos a lot . so that makes me normal .
that is true they are great
i like paining too but i do not like talking to people about it .
oh sorry sore subject i suppose
yes i was meant to be a prince . maybe in the next life .
","The user, who expresses a desire to have been born a prince to avoid social interactions, shares that they are enjoying nachos, their favorite food, while chatting with someone who is finishing school. They bond over their mutual interest in Dungeons and Dragons, acknowledging the stigma around being a ""nerd."" The user also mentions their love for painting but prefers not to discuss it with others. The conversation reflects their introverted persona and a light-hearted acceptance of their interests."
 i m insecure. i need a corvette to complete my life. i work too many hours in a week. i m always hungry.,"how are you ? i feel so lonely in my love life .
hello , i am okay . i am sorry to hear about your love life .
i just keep looking for love , it is like it never stops . do you have siblings ?
yes , but i work too much to ever talk to them .
i have 7 brothers sisters , i am the youngest . what do you do for work ?
i am a computer programmer , it is cliche but i have a lot of insecurity in relationships .
on the weekends , i am a waitress and i sell houses during the week .
sounds like a lot of work . how many hours a week ?
over 60 , i am a single mom , have to pay bills and put food on the table
that is a lot ! i feel like i work too much , do you ?
oh most definitely , it is hard , i do not see my daughter much
that is too bad . how old is she ?
she is 18 months ! she will be 19 months on the 24th , she is very intelligent
she sounds adorable . do you have a car ?
i do , red 2004 nissan maxima , only has 74 , 000 miles on it
sounds like fun to drive . are you married ?
","The user expresses feelings of loneliness and insecurity in their love life, working over 60 hours a week as a computer programmer and waitress to support their 18-month-old daughter. They mention having siblings but rarely communicate with them due to their busy schedule. The user drives a red 2004 Nissan Maxima and dreams of owning a Corvette to feel more complete. Despite their hard work, they struggle with balancing their responsibilities and personal life."
 i love to read true crime books. my parents live across the street from me. my favorite drink is caramel cappuccino. i m in grad school.,"hi there , how are you ?
i am good , just drinking a caramel cappuccino
sounds nice ! i am just enjoying a salad my favorite
i do not eat too many salads . i am a poor grad student
you should try . they are healthy for you . that and some exercise . i teach yoga !
i am poor . i eat what my parents cook . they live close by .
my mother was a teacher , and she taught me to cook !
my mom lives across the street from me . maybe she could teach me
it comes in handy when you cook for someone not when you are single though ! haha
will you cook for me ? while i read ?
as long as it is outside in nature , sure ! !
that is fine . what will you make
i guess i will make you a salad p
a taco salad ? that sounds good .
sure ! ! i can do that . looking forward to it
do you have a favorite color ?
","The user, a grad student who enjoys reading true crime books, is currently drinking a caramel cappuccino and discussing food with a friend. They mention their financial constraints as a poor student, relying on meals cooked by their parents who live across the street. The conversation shifts to cooking, with the friend, a yoga teacher, playfully offering to cook for the user while they read. The user expresses interest in a taco salad, and the two look forward to sharing this meal outdoors. The friend also inquires about the user's favorite color."
 we own our home. my wife stays home with our kids. i work for a large law firm. i hate tofu. i drive a prius.,"hey . how are you doing tonight ?
not well . someone left tofu in the fridge at work ! lol
i will eat it . i love tofu .
really ! i hate the stuff .
fry it in sesame oil and garlic . wow i had a wierd dream last night .
what was your dream ? ? ?
i lived in a mobil home that would not quit sinking .
that sounds pretty scary ! do you live in a mobile home ?
no , that why it was wierd . too much surfing and muggers music . ll
i could never live in a mobile home . we own our own house .
i could never own a home , settling down , getting married , not for me .
good for you ! never thought i would get marked . now i own a prius ! lol
prius good gas milage . not me one partner would dry me crazy .
my wife stays home so she can get pretty crazy .
have some income i do not want to share , investments
well , if you need any legal advice , i work for a law firm .
","The conversation features a user who expresses dislike for tofu, humorously noting its presence at work, while the other person enjoys it. The user shares a strange dream about living in a sinking mobile home, emphasizing their preference for homeownership, as they own a house and drive a Prius. The other participant, who is not interested in settling down, contrasts their lifestyle with the user's, who mentions their wife stays home with the kids. The user offers legal advice, highlighting their profession at a law firm."
 i want to be an astronaut when i grow up. penn teller are my favorite magicians. i love lasagna like i m garfield. i have a poster of neil tyson degrasse on my wall. my two dogs are the best friends a girl could have.,"what is your wpm rate ? mine is at 140 .
i have no idea . i am a magician assistant .
that sounds exciting . do you think magic was involved in faking the moon landing ?
it was not faked . my dad is an astronaut .
if it was not faked then why do i have three thumbs ?
i have no idea , i am not your physician . do you have dogs ?
i think i talk way too fast to ever command a dog of anything . do you ?
i have two . lucille and dixon .
those are interesting names for dogs . can your dogs type ?
are you on a lot of medications ?
maybe it is my medications that make me talk so fast . are you ?
no , i am not . do you like garfield ?
garfield and i have a lot in common , as we both detest mondays .
do you love lasagna ? i do
lasagna is the best ! what do you like to do for fun ?
i like to surf and swim .
","The user, aspiring to be an astronaut and a fan of magicians Penn and Teller, engages in a lighthearted conversation about their fast talking and love for lasagna, reminiscent of Garfield. They mention having two dogs named Lucille and Dixon, and humorously ponder the idea of magic related to the moon landing, asserting that it was not faked due to their father's profession as an astronaut. The conversation touches on medication, dog training, and shared interests in lasagna and fun activities like surfing and swimming."
 my favorite hero is flash. i don t like dresses. i love butterflies. i prefer summer.,"hi there ! what do you do for work ?
i am still in college , going to be a lawyer one day .
lots of work . i used to drive a big rig , now i just fix them . much simpler .
what is your favorite season ? i love summer .
fall . halloween is so much fun .
tell me something about yourself .
i quit driving my truck when i married my girl . i want to take her to fiji .
oh , i have a boyfriend i love .
that is sweet . how long have you two been together ?
we have been together almost a year .
and many more , i hope .
i sure hope so ! how long have you been married ?
married two years . i need to learn to calm down more , i am always active .
maybe get some butterflies . they help me chill out .
there is an idea ! my dad drove trucks too , keeping moving is in my blood .
oh . my grandfather was a truck driver .
","The user, a college student aspiring to be a lawyer, enjoys summer and loves butterflies, while expressing a dislike for dresses. They engage in a conversation with someone who used to drive a big rig but now fixes trucks, sharing that they are married for two years and need to learn to relax. The user mentions having a boyfriend for almost a year, and they both reflect on their family connections to truck driving."
 i m a photographer. i love dogs. i have a sleeve of tattoos. i have 4 dogs and i spend all my time with them.,"i can not wait , winter is coming up .
hello to you ! do you have any dogs ? you love winter ?
it is my favorite season , great for napping .
oh for sure . that is a fact !
and between naps i can watch basketball .
sorry about this but . . . yuck . i am all about dogs !
i am a cat person .
oh do you have an occupation ?
i sing in a barbershop quartet .
seriously , what a wonderful life you have !
i also rap when the mood suits me .
cool ! i take photos for a living ! any recordings of your work ?
a few , a lot of videos on youtube
very neat . i have tattoos do you ?
","The user, a passionate photographer and dog lover with a sleeve of tattoos, expresses excitement for the upcoming winter, their favorite season for napping and watching basketball. They engage in a light-hearted exchange with a cat person who sings in a barbershop quartet and occasionally raps, complimenting their lifestyle. The user shares their profession and inquires about recordings of the other person's work, leading to a discussion about tattoos."
 i grew up on a farm. i am a veterinarian. my brother is in the army. running is my way to relax. i have two nephews.,"hello ! what is your favorite thing to eat ?
i am a burger kind of gal , and grew up on a ranch ,
very nice ! i love pizza , myself ! did you have any animals on your ranch ?
running relaxes me i love to do it
it is important to have hobbies . i like cars , and working on them in the morning .
i like to sit and just chill out . because my two nephews can be a handful .
have you tried playing games with them ? role playing can be fun !
i have and some how they run my battery dry within 3 hours .
wow , maybe you can get them interested in some other hobbies . do they like cars ?
that is why i run for long periods so i can keep my sanity intact .
when do you run ? i like being busy in the morning .
my brother is stationed in kuwait and i help my sis in law with the kids
sounds like a lot of work ! do they have any pets ?
no pets i sometimes think my nephew as pets lol no different than a puppy
i am sure they are easier to communicate with , though . animals are a handful !
yeah it is because people can talk .
","The user, a veterinarian who grew up on a ranch, enjoys burgers and finds relaxation in running, especially to maintain sanity while helping their sister-in-law with her two energetic nephews, as their brother is stationed in Kuwait. They also have a hobby of working on cars and appreciate the importance of having interests. Despite the challenges of keeping up with their nephews, the user humorously compares them to pets, noting that animals can be easier to communicate with than children."
 my favorite hero is superman. i want to grow up to be a superhero one day. i am 8 years old. my name is todd. i love comic books.,"hello , how are you doing ?
i am good and you
i am well . i love music which is why i own a music store .
i am only 8 so i can not own one yet
yep , being 8 definitely hinders you from owning much more than a pet .
yeah i am todd who are you
i am melissa and played the sax in a band for 17 years .
cool do you like comics i do
i do like comics and anime . also love animals . activist for animal rights .
i love superman he is better than spider man
i like batman , i want to retire in florida . has spider man been to florida .
i have no idea but batman is cool
both my parents sing in the church choir . superman is very cool .
that is so cool i would love to sing
","Todd, an 8-year-old who loves comic books and dreams of becoming a superhero, chats with Melissa, a music store owner and former saxophonist. They discuss their interests, with Todd expressing his admiration for Superman over Spider-Man, while Melissa shares her love for comics, anime, and animal rights activism. Todd mentions his parents sing in a church choir and expresses a desire to sing as well."
" i love 80 s music. my favorite color is yellow. i m a wedding planner. i am fascinated with ghosts. when i was a child , i wanted to be an architect.","hi i love puzzles do you
no i get so frustrated with them
i am trying to write fiction novel
i plan weddings for a living
do you ever play country music
i love to listen to country music always a good message
yes they play it at the home depot where my father works
i also like music from the 80s
i do as well very much
when i was a kid i wanted to become an architect
that would be a cool jon
i think so too , but never did become one
i am sorry to hear that
i think we always have those things we regret in life
that is true of everyone i think
halloween is coming and i am interested in ghosts
","The user, a wedding planner who loves 80s music and the color yellow, expressed frustration with puzzles and shared their aspiration of wanting to be an architect as a child, though they never pursued it. They enjoy country music for its positive messages and mentioned their interest in ghosts, especially with Halloween approaching. The conversation also touched on shared interests in music, highlighting a mutual appreciation for 80s tunes."
 my mother was a sunday school teacher. i m currently in nursing school. i am an only child. i dance ballet. i went to an all girls christian high school.,"hello . how are you doing ?
just got done dancing , very tired . my feet hurt .
good . i am very tired . just got back from walking around the park .
haha , we are both tired . how fabulous
yes . again need to go to theater to watch plays . you ?
i go to the theater to dance bellet . but i have to go to school .
i love baking . what about you ?
will you bake for me ? i could take some to church
definitely . my specialty is weeding cake . do you need one ?
i want a wedding cake all for myself
it might be too big for yourself only .
no , i love a challenge . i want to eat it all .
i love your spirit . one big cake for you then .
thank you , i love you . i want it to be beautiful .
it will be the best cake ever
what flavor will you use ?
","The user, an only child in nursing school who enjoys ballet and has a background in an all-girls Christian high school, engages in a light-hearted conversation about their shared tiredness after dancing and walking. They express a desire to visit the theater, with the user mentioning their ballet performances. The conversation shifts to baking, where the user shares their passion for it and offers to bake a wedding cake, humorously stating they want one just for themselves. The exchange highlights their playful spirit and enthusiasm for creating a beautiful cake."
 i love chocolate milk shakes. my favorite holiday is halloween because i like dressing up. i ride my red bike to work everyday. my best friend is my dog allie. my favorite pass time is gazing at clouds.,"hello do u like animals i have a kitten named leela very cute kitten too
i love animals ! i have a dog named allie , and i adore her .
animals are amazing my kitten sits in my lap while i youtube cause i am a big youtuber
oh wow , that sounds interesting . are you really famous ?
not yet but in time i will be
what are your videos about ? ever make a spooky halloween video ?
no all my videos are of how to apply makeup
oh , well that still might be useful . i really like putting on makeup for costumes .
oh cool do u go to comic cons
yes ! i rode my bike to the last one that was in town .
i love driving my pink truck to them
that sounds cute ! so what else do you do for fun ?
but sometimes i fly to them since my father is a pilot for a major airline
cool ! i love staring at clouds . flying must be even better !
flying is really fun , but clouds are amazing to look at
i agree . i like having a picnic and looking at the cloud shapes .
","The user, who loves chocolate milkshakes and enjoys Halloween for dressing up, shares a fondness for animals, particularly their dog Allie. They engage in a conversation about pets, revealing admiration for the other person's kitten, Leela, while expressing their aspirations of becoming a famous YouTuber focused on makeup tutorials. The user mentions riding their red bike to comic cons and enjoys cloud gazing, finding it a delightful pastime, especially during picnics. The other person shares their experience of flying to events, as their father is a pilot, and they both appreciate the beauty of clouds."
 i love the outdoors. i wear contacts. i am very smart. i work as a janitor.,"hey , do you want to read my favorite book to me ?
i sure would not mind doing that i just need to slip on my contacts
that is fine , hurry up .
i like going outside . where are you from ?
i live most of my life at school .
aw that is pretty cool i did well in school
what grade was your favorite ?
i felt like i was smarter than everyone else so i left early
that is not really good . i was waiting for you to say 5th
yeah that is around the time i left . do you work ?
i am a teacher , i thought i made that clear
oh i am sorry i still have not put my contacts in
that is fine . maybe you should have stayed in school .
yeah then maybe i would not be a genius janitor
maybe not . maybe you should wear glasses like me .
i am thinking about lasik to be honest
","The user, who loves the outdoors and works as a janitor, engages in a conversation about reading a favorite book while mentioning the need to put in their contacts. They express a sense of academic superiority, noting they left school early, and discuss their past school experiences, particularly in fifth grade. The other person reveals they are a teacher, and they suggest the user might benefit from staying in school longer. The user humorously refers to themselves as a ""genius janitor"" and contemplates getting LASIK surgery for their vision."
 my best friend is from tanzania. i love laughing. i love wearing flip flops. i like to bake brownies. i have freckles.,"hello , how are you doing tonight ?
i am good thanks for asking
tell me about you , what is your favorite food ?
i like desserts , my fave is brownies
brownies are great , i like alcohol in my coffee
what do you do for a living ?
i am a music journalist , i love lindsey spirlings music
what city are you from ?
san diego , what about you ?
i am in socal inland empire
i do not know where that is
do you have any hobbies ?
","The user, who enjoys laughing, wearing flip flops, and baking brownies, engages in a friendly conversation about their favorite foods, revealing a preference for desserts, particularly brownies. They share that they are a music journalist and express their admiration for Lindsey Stirling's music. The user is from San Diego, while the other person is located in the Inland Empire of Southern California, which the user is unfamiliar with. The conversation also touches on hobbies, although that part remains unexplored."
 i am allergic to nuts. i am working on a biology degree. 1984 is my favorite book. i love book. i am in college.,"hello . how are you today ?
i am ok , all this homework is stressing .
oh man i know how that feels . i am in graduate school now , too much homework
absolutely . i have a quiz tomorrow for my biology degree .
ah , good luck with your quiz
thanks , what are you studying ?
fine arts and design masters degree
cool . i will be glad when i am done so i can catch up on reading
i agree , reading is one of my favorite hobbies as is shopping . what about you ?
hanging out with my buds and reading . 1984 is a great book .
sounds like my kind of chill day . that title sounds familiar
the title speaks for itself lol
oh yea , now i remember haha
i figured you would have
","The user, a college student studying biology, is feeling stressed due to homework and preparing for a quiz. They engage in a conversation with someone in graduate school studying fine arts and design, sharing their mutual love for reading. The user expresses a particular fondness for the book ""1984,"" which the other person recognizes, leading to a light-hearted exchange about their favorite pastimes, including hanging out with friends and reading."
" i take martial arts after school. and , my best friend is abigail. tomorrow is my first day of safety patrol. i love to read harry potter books. i am ten years old.","hi there how are you ?
hi ! how old are you ? i am 10 .
i am 49 and i drive a pink car .
i love pink ! my best friend is abigail . who is your best friend ?
my dad is my best friend , he is an airline pilot .
does he like martial arts ? that is what i do after school .
i have a youtube channel , we should do martial arts on it !
that sounds cool ! today was my first day on safety patrol .
that sounds like a lot of fun
it is ! we get rewarded with a harry potter book . i love those
really , i make makeup videos , you should check one out !
my mommy does not let me wear makeup yet .
my cat leela wars makeup
oh i wish i was leela .
no , she is a very annoying cat .
maybe she just needs a friend ?
","The conversation features a ten-year-old martial arts enthusiast who enjoys reading Harry Potter and has a best friend named Abigail. They discuss their ages, with the user being 10 and the other person 49. The user shares excitement about their first day on safety patrol, which includes a reward of a Harry Potter book. They express interest in collaborating on a YouTube channel for martial arts, while also mentioning their mother's restrictions on makeup. The other person talks about their cat, Leela, who they find annoying, suggesting she might need a friend."
" i like to shop. my parents pay my rent. i love my dog. i m a vegetarian but i eat fish , especially sushi. i graduated college and immediately went to graduate school.","good evening . i am ready to chat .
how are you doing ? good i hope
i am . just go home from my job . i am grocery store manager .
cool . i love grocery shopping . what do you do for fun ?
i dabble in being a tour guide and i like to help with bookkeeping .
i just graduated college
what did you major in ? that is exciting .
music . i love all kinds of music .
cool ! ! what do you like to eat ? no animal products for me .
i am a vegetarian strictly .
i have been a vegan for only a year . how long vegetarian for you ?
since birth . my parents were
so you grew up like that . aspirations for you ?
i want to do detective work . going to grad school i hope .
interesting . good luck with that ! !
thanks ! do you like dogs
","The conversation features a user who enjoys shopping and has their rent paid by their parents. They express a love for their dog and share that they are a vegetarian who eats fish, particularly sushi. The user recently graduated from college with a major in music and is planning to attend graduate school to pursue a career in detective work. They engage with a grocery store manager who also has interests in music and bookkeeping, discussing their dietary choices and aspirations."
 i enjoy jazz music from when i was a girl. my family means the world to me. i play bingo every wednesday with my husband. i have 3 dogs and a parrot. my left knee is filled with metal.,"phew ! just back in from running a marathon ! i feel super accomplished !
congrats ! ! wow ! i have a metal plate in my left knee , i cannot even jog
oh . . . . i am so sorry . that sounds painful . . . .
yes but at least i have my family support . they mean the world to me
me too ! family is very important to me . . . especially since they are my only social circle
same ! beside my three dogs and my talking parrot , that is
what a cool idea for a pet ! i get so lonely but i have social anxiety
i do not do many social activities myself , beside bingo with my husband on wednesdays
is it cuz people make you nervous or you are just not that interested
cause i am not interested . i have been happy listening to jazz alone since i was a girl .
wow . . . i have a similar back story myself
what is it ? i would love to hear your story
","The user, who enjoys jazz music and values family, shares that they have a metal plate in their left knee, preventing them from jogging. They express gratitude for their family's support and mention their social circle consists mainly of family, three dogs, and a parrot. They experience social anxiety and prefer to engage in activities like playing bingo with their husband on Wednesdays, rather than participating in larger social gatherings. The conversation reveals a shared appreciation for family and a love for music, prompting curiosity about the other person's similar experiences."
 i am always looking for wildlife when i am outside. i visit animal shelters fairly often. i get along better with animals than people. i have several different breeds of pets. i enjoy watching animal videos on the internet.,"hey there , how are you ?
hello , i am fine , do you have any hobbies ?
one thing is reading especially series . you
i love animals , i am always looking for wildlife , even on videos .
sounds awesome . when bored i always talk to friends .
great ! i think i get along with animals better than people most of the time .
animals are special for sure . often my family and i go to restaurants .
sounds nice , i like to visit animal shelters , do you ?
it breaks my heart when i go into them .
it does break your heart , do you have any pets ?
i have three dogs who are all rescues . they love to go with me on country drives .
www , i have a few different breed of pets
","The user enjoys discussing their passion for animals, expressing a preference for wildlife and animal videos over social interactions. They frequently visit animal shelters, which they find emotionally challenging, and share that they have three rescue dogs that accompany them on country drives. The conversation reveals the user's deep connection with animals, highlighting their role as a significant part of their life."
" i drive a large , blue van. i am a hippie. i have curly , red hair. i have two tattoos.","hello , are you an elvis fan ? i am .
hi . not really . i am a hippie .
my hair is blue , so are my car and shoes , lol .
do you have any tattoos ? i have 2 .
i have eight , and working on getting a few more on vacation .
my hair is red and curly . i want to get another tattoo .
you should , what will it be ? i am getting a paw print .
i have no idea yet what i want .
i am like that too , it takes me forever to figure out something , other than elvis .
i guess he is your favorite ?
he is , and then my next is tupac .
i am not really a tupac fan .
i love rap , and all kinds of music except for country .
i enjoy country sometimes . what do you drive ?
","The user, a hippie with curly red hair and two tattoos, expressed a lack of interest in Elvis, while the other person is a fan. The user drives a large blue van and has blue shoes, while the other person has eight tattoos and is planning more. They discussed their differing music preferences, with the user enjoying various genres except country, while the other person occasionally likes country music. The conversation also touched on tattoo ideas, with the user contemplating their next design."
 i like pizza. i like burritos. i like to shop. i like to dance.,"hi how are you doing
good . how are you doing tonight ?
my eyes are still hurting from looking at the eclipse
i take it you did not have the special glasses ?
no i thought i would be fine
you might want to go see a doctor .
i think i am going to wait it out a little bit longer
hey , you only get one set of eyes . whats dinner tonight ?
not sure yet though i always drink a lot of tea throught the day
i am thinking about having mexican or italian .
either sounds great do you like the outdoors
not so much . prefer being indoors shopping .
","The user is feeling good but is experiencing eye discomfort from looking at the eclipse without special glasses. They plan to wait it out and are considering dinner options, leaning towards Mexican or Italian cuisine. The user enjoys drinking tea throughout the day and expresses a preference for indoor activities like shopping over the outdoors."
 my favorite meal is steak. i always travel alone. i only sleep 3 hours a day. i am incredibly smart. i have no parents or siblings.,"whats going on with you tonight ?
the night is young and i have many tasks to ponder . whats up with you ?
just sitting here thinking how most people bother me
i relate . i prefer to be alone . me and my thoughts .
that is a good quality . . . what things do you need to get done tonight ?
i am developing a software code . it robs me of sleep most days .
i could probably do it for you
that is a generous offer . what are your qualifications ?
i like to use the computer . . . i can code
cool . thanks for the offer , but i am too proud to pass this project off
well your loss . . . . man i could go for a hershey bar
tasty . i could go for a steak .
","The user, who enjoys steak and prefers solitude, is engaged in a conversation about their night filled with tasks and software development, which often leads to sleep deprivation. They express a strong sense of independence and pride in their work, declining an offer for help with coding despite acknowledging the other person's qualifications. The conversation also touches on their mutual preference for solitude and a shared craving for snacks, with the user specifically mentioning their desire for steak."
 i like to go fishing. i have 4 daughters. i race cars for a living. i like to play board games.,"hi , how are you ? tell me something about yourself !
well , i love going fishing with my four attractive daughters every day .
sounds fun ! i enjoying volunteering and donating to charities .
cool maybe you would like to run a charity at my new race track . i race cars .
sounds exciting ! i am a computer programmer , which pays over 200k a year .
would you like to marry one of my four attractive daughters ? i will sell one .
ha ha , how attractive ? i am pretty eligible . i helped program facebook !
very attractive , but one plays board games with me . i like her the best
i guess you like board games ? any other hobbies ?
hmm i have a large swimming pool filled with gold coins i like to bury myself in .
ll . sounds fun , but be careful with that . gold coins are heavy !
i am very strong i had my arms replaced with robot limbs
ah , a cyborg . i would not want to arm wrestle you , then !
yeah , some like to call mr mr . arms my daughter love my arms too
sounds like you have a very interesting life ! any pets ?
we had a robot dog that one of my daughters made . but it exploded killing thousands
","The user enjoys fishing with his four attractive daughters and races cars for a living. He expresses interest in volunteering and suggests running a charity at his new race track. The conversation reveals his playful nature, as he jokingly offers to sell one of his daughters and mentions his daughter's affinity for board games. He humorously claims to have robot limbs, referring to himself as a cyborg, and shares a quirky anecdote about a robot dog created by one of his daughters that exploded. Overall, he presents a lively persona with a mix of humor and family-oriented interests."
 my favorite color is grey. i love to do yoga. i am single. my passion is writing. i work for a newspaper.,"hi how are you today ?
hello . busy , but good . you ?
likewise . i work over 60 hrs a week
sounds familiar . between my job at the newspaper and my writing , phew . tiring .
come eat at my restaurant then
do you have small tables ? this single lady usually eats alone .
we definitely do . all kinds of tables
nice . where is it ? maybe after my yoga i can stop by .
its a chain so everywhere ugh
lol nothing wrong with that
do you like music and such ?
no time , busy writing . i am naming my book grey things after my favorite color .
very interesting . do you have family ?
no , single , not looking . how about you ?
","The user, a single woman who works over 60 hours a week at a newspaper and is passionate about writing, engages in a conversation about their busy lives. She mentions her favorite color is grey and that she is writing a book titled ""Grey Things."" The restaurant owner invites her to eat at his establishment, which has small tables suitable for her solo dining. She expresses interest in visiting after her yoga session, while also noting she has no time for music due to her writing commitments. When asked about family, she confirms she is single and not looking for a relationship."
 playing quake on slackware linux makes me happy. both my moms tell me they love me when i call them. i have three dogs and two cats. i like to use a lot of exclamation marks when i type.,"hi how are you today
i am ok and yourself ?
i am doing okay enjoying my day off
that is awesome . i love to play with my pets , 3 dogs 2 cats .
i do not have any pets but love horses and sea life
yeah , my moms love when i call them . they are amazing people
that is great i have three kids so i can see that
i am 12 years old . i like to play quake using the slackware linux ! ! ! ! ! !
that sounds fun ! are you in school
i am in the 7th grade .
do you have a lot of homework ? i help my youngest a lot
yeahhhh ! ! ! ! ! my teacher does not give us a break ! ! ! ! i hate it ! ! ! !
it helps you learn the stuff a lot i guess . have you ever rode a horse
yeaaaahhh ! ! ! ! ! oooo ! ! ! i want to though . it would be fun ! ! !
","The user, a 12-year-old who enjoys playing Quake on Slackware Linux and expresses excitement with exclamation marks, shares that they have three dogs and two cats, and their two moms show them love when they call. They are currently in the 7th grade and feel overwhelmed by homework, contrasting with the other person who has kids and loves horses and sea life. The user expresses a desire to ride horses, finding it fun to think about."
 i love to listen to frank sinatra. i like to cook stews. i am a older lady. i love to eat cheese.,"hello there . my name is sarah . i am on my way to visit my father in prison .
i am too old for prison . ai not got time for that !
no one has time for that . i do however enjoy the band creed . and you ?
frank sinatra . his voice is my gateway to heaven . any day now . . . still waiting .
oh wow . what do you do on your spacetime . i love to run .
i cook stews . the grandkids cough cough love em .
i love meats . how old are you ?
never ask a lady her age ! how rude .
do not take it too harshly . be happy about it . i am sure you lived a great life .
ya will just waiting for me to die . franky , i am coming for you !
i will be here with open arms miss .
can you bring cheese ? i enjoy a block of colby jack , good on my gums
","Sarah, an older lady who loves listening to Frank Sinatra and cooking stews for her grandkids, is on her way to visit her father in prison. She humorously remarks about being too old for prison and expresses her enjoyment of music, particularly Sinatra's, which she describes as heavenly. While discussing hobbies, she mentions her love for cooking and meats, and playfully responds to a question about her age, emphasizing that it's rude to ask. The conversation concludes with her light-hearted request for cheese, specifically Colby Jack, as a treat."
 i am a baseball player. i went to miami university. i make a million dollars a year. i play for the baltimore orioles. i am married and have three kids.,"hi how are you doing
i am fine , and what about you ?
i am good what are your hobbies
i do not really have any , i am a baseball player . you ?
i am a lifeguard and love spending time at the beach
that really cool . i miss the beach from my miami uni days .
that is cool what did you study there
just the normal stuff , i was there for the baseball team .
that is cool are you a professional baseball player
yes i play for the orioles .
cool how long have you been playing
about seven years . my wife and three kids love it .
do you ever get to travel during the off season
yes , its why the family loves it . are you married ?
no still living the single life
i am sure you will find someone one day .
","The user, a professional baseball player for the Baltimore Orioles, shares that he is doing well and reminisces about his time at Miami University, where he focused on baseball. He has been playing professionally for about seven years and enjoys traveling during the off-season with his wife and three kids. In contrast, the other participant is a lifeguard who enjoys the beach and is currently single, to which the user expresses confidence that they will find someone in the future."
 i work in construction. i drive a prius. i was in the army. i have freckles all over my face. i love to read romance novels.,"hello , how are you doing tonight ?
i m doing great how about you ?
i am doing fine , thank you for asking . what do you do for work ?
i am a construction worker . how about you ?
i do work at a scientific research facility . both of my parents worked there too
that s awesome . what kind of research ?
cancer research , mainly with proteins for a couple of important genes
that s great , i hope they find a cure one day .
i do not think we ever will be able to find a cure
there must be a way ! only time will tell .
cancer is a disease made of a million different causes , we cannot cure every possible cause
true . maybe just one ? we can only hope .
maybe , some day . do you do any sports ?
i ride motocross ! it s a lot of fun . you ?
","The user, a construction worker who drives a Prius and has a background in the army, engages in a conversation about their well-being and work. They express interest in the other person's job at a scientific research facility focused on cancer research, sharing a hopeful yet realistic perspective on finding a cure. The conversation touches on the complexities of cancer and ends with a question about sports, revealing the user's interest in motocross."
 my favorite band is up. i once fell up a whole flight of stairs. i am the leader of the french fry research department at del taco. my lifes passion is designer french fries. my daily driver is a bicycle that you pedal with your hands.,"hi how ar you doing
i am tired but good . how are you ?
i am goof though my husband passed early this year
i am so sorry to hear that !
yeah its been a tough year
what do you do to feel better ?
i like to take pictures and travel
that is cool ! i listen to music to feel better . up is my favorite .
they are good i want to do photography for a living
yeah ? i work at a researcher .
what kinds of things do you reasearch
only the best stuff ever , french fries !
that would be such a cool job
i work at del taco so we are going to have designer fries on the menu soon !
","The conversation features a user who expresses their passion for music, specifically their favorite band ""up,"" and shares their unique job as the leader of the French fry research department at Del Taco, where they are excited about introducing designer fries to the menu. They engage with someone who is coping with the loss of their husband, offering condolences and discussing how they both find solace in their respective hobbies—photography and music. The user highlights their quirky lifestyle, mentioning their hand-pedaled bicycle and their enthusiasm for French fries."
 i am the head of the gun club. my friends and i enjoy golfing on sunny days. i am a poet. i have a beta fish. i donate old clothes to the homeless.,"hi , how are you today ? are you up to anything fun ?
i am fine , may go golfing
where do you live ? i live in the suburb near a major city .
i live in a rural area , i am also a poet
are you also a teacher like i am , or do you just read or write poetry ?
not a teacher , i write poetry , am involved in a gun club
do you have any children ? i have three . two boys and a girl .
no children but i have a fish !
do you like gardening ? i do , i like seeing the fruits of my labor .
sounds nice ! i like to donte to homeless people
have you graduated from college ? secondary english education is what i graduated with .
yes i graduated , in writing and poetry
that is awesome . maybe one day i can teach some of the poetry you have written .
that would really be great !
","The conversation features two individuals discussing their interests and backgrounds. One person, who lives in a suburb near a major city, enjoys golfing and is a teacher with three children. The other, residing in a rural area, is a poet and the head of a gun club, has no children but owns a beta fish, and enjoys gardening. They both express a passion for poetry and community service, with the rural poet mentioning a commitment to donating clothes to the homeless. The exchange highlights their shared appreciation for poetry and potential collaboration in teaching."
 i teach kindergarten. my class has 26 kids. i teach at a large school. i graduated college in 2016. i enjoys kayaking in my free time.,"hi there ! tell me about yourself
just graduated , now teaching kindergarten in ny to 26 angels . you ?
ooh that is super awesome ! just eating some organic kale right now , only organic for me
i am with you i am a big nature nut , i love kayaking ! do you ?
no , my hobby is collecting autographs i have over 2000 !
wow ! i need to get outside , my school is huge . any good autographs ?
some really prolific comic book writers i collect those too
do you have a favorite comic ?
spiderman , because i have 2 snakes and venom is kinda snake like
that is amazing what kind of snakes are they ? we have one in our class
i have an anaconda and a python
we have a kenyan sand boa . its really cute . that is too cool !
that is cool ! i hate all their shedding though i am allergic to dust
i hope you do not live in ny , too , there are a lot of pollutants here .
","The user, a kindergarten teacher in New York with 26 students, shares their passion for nature and kayaking during a conversation. They discuss their recent graduation and express excitement about teaching. The other participant mentions their hobby of collecting autographs, particularly from comic book writers, and reveals a fondness for Spiderman due to their pet snakes, an anaconda and a python. The user shares that their class has a Kenyan sand boa and expresses a dislike for snake shedding due to dust allergies, while also noting concerns about pollution in New York."
 i am an artist. i recently got a cat. i have four children. i love watching game of thrones. i enjoy walking for exercise.,"hello can you tell me a little about yourself ?
well lets see , i recently bought a kitty named jojo and i am a full time artist
ah , our careers go well together . i am an interior designer !
wonderful ! you know i really like the color palettes used in that show game of thrones
such a great show . such good inspiration for carping .
indeed . my kids enjoy role playing their favorite characters from the newest power rangers movie
i have not seen it yet . i remember the original show from years ago .
ah . i highly recommend the new one , its very funny .
i may have to see that soon then . how many kids do you have ?
i have two boys and two girls
wow , that is a lot of kids . must be hectic for you !
haha its quite a handful i have indeed
","The user, an artist who recently acquired a cat named Jojo, shares that they have four children and enjoy watching Game of Thrones, appreciating its color palettes for inspiration. They converse with an interior designer, discussing the show’s aesthetic and the user's kids' interest in role-playing characters from the new Power Rangers movie, which the designer recommends. The user acknowledges the challenges of managing a busy household with their two boys and two girls."
 i find joy in the littlest things. my parents are both dead. i listen to music for more than 5 hours a day. i never work more than 4 days in a row.,"hi how are you doing ?
pretty good thx and you ?
i am good thanks for asking
what do you do for fun
i like to go out clubbing
do you like listening to music
yea i do rap and pop
where do you work at ?
i work as a graphic designer
very nice . how many days a week ?
about 5 days a week usually
i do note ver work more than 4 days straight
","The user, who finds joy in the little things and listens to music for over five hours daily, engages in a light conversation about their well-being and interests. They enjoy clubbing and have a preference for rap and pop music. The user works as a graphic designer, typically for five days a week, but never more than four consecutive days. They also mention that both of their parents have passed away."
 i love the beatles. i m usually very shy. i like eating vegetables. i have trouble getting along with family. i allergic to peanuts.,"hello there , how are you ?
i am good just having trouble with my family . you ?
that is not fun , i hope things work out
they hate that i am shy . do you have a family ?
i do have family . do you read magazines ?
not usually i listen to music my favorite is the beatles
i listen to coldplay sometimes , the song yellow
is that your favorite color ?
no , teal is . do you game ?
i do not . i bake , although i am allergic to peanuts
i really love the game halo
do you like shooting games , then ?
i love baked foods . i workout right after
i only workout sometimes but i like vegetables
yes , i do . what do you like on pizza ?
vegetable pizza is my favorite
","The user, who loves The Beatles and enjoys eating vegetables, is currently experiencing family troubles due to their shyness. They typically listen to music rather than read magazines and have a preference for teal over yellow. While they do not play video games, they enjoy baking despite being allergic to peanuts. The user expresses a fondness for baked foods and works out occasionally, favoring vegetable pizza."
 i love to watch ted talks. i love to walk in the woods. i don t much like tv. i like to stay fit.,"hello , would you like to go to a concert ?
sure ! what kind of concert ?
i think i will ponder that for a while .
ah . we should go see a ted talks !
do they have any about philosophy ? that is my major at umass .
yes they have tons of any types of talks . they are so interesting
yes , they could be . i know a good vegan restaurant we could go to after .
oh yummy . i like to stay in shape so vegan food is amazing
i keep an angel on my hip to remind me to eat right .
haha , that is a great idea . i just try to stay active
it is a little tattoo . it has brown eyes , like mine .
how lovely . do you do anything for fun ?
just going to concerts . the rest of the time i am philosophizing .
you should really great . i like to walk in the forest
that sounds nice . if you walk briskly it could keep you in shape .
i do ! much better than sitting in front of the tv all day
","The user enjoys attending TED Talks, particularly those related to philosophy, as they are a philosophy major at UMass. They prefer staying active and fit, often opting for vegan food and walking in the woods instead of watching TV. The conversation includes plans to attend a TED Talk and visit a vegan restaurant afterward, highlighting the user's commitment to a healthy lifestyle and their love for philosophical discussions and nature."
 i wish i did not have to work. i like to think about what it would be like to be an artist. i wish i made more money. i enjoy writing for long periods of time. i have a strange obsession with pens.,"hi , any favorite hobbies ? i love to run in the hills .
hey ! , i enjoy writing long poetry . i am currently working on a novel
wow impressive ! do you have a real job too ? i am a grill cook by night .
yes , but it is not that great . i wish i could quit .
what is it ? i might take it cuz i am looking for a day job .
customer service , i just do not make enough money . i wish i made more
yea , things are tough . you should get a job as a waiter . that pay !
that sounds nice , but i would really love to be an artist
that sounds iffy ! ! you would have to die to make money ll
ll , not exactly . comic book artist and cartoonist are very well off
you need some inspiration then . you should play pink floyd while you work .
i may have to try that . do you like pink floyd ?
they are my favorite ! ! i listen to them while i work and run . you ?
i like black sabbath myself .
","The user expresses a desire to escape their current job as a customer service representative, feeling underpaid and unfulfilled, while dreaming of becoming an artist. They enjoy writing long poetry and are working on a novel, showing a passion for creative expression. The conversation reveals their admiration for Pink Floyd, which they find inspiring, and contrasts with the other person's preference for Black Sabbath. The user also has a peculiar obsession with pens, reflecting their artistic inclinations."
 i wish i had money to travel. i have an iq of 250. my parents died in a plane crash. i live alone with my dog.,"hi ! how are you today ?
hi my name is dana and my iq is 250 .
oh goodness ! i wish i had that kind of an iq ! what do you do with it ?
my parents died 3 years ago in a plan crash
i am sorry to hear that , dana . did their death give you super intellect ?
i live with my dog named mack
cute name does the k stand for something ? ketamine , maybe ?
nope it does not . i want the money to travel the world .
with your intellect , i imagine you can think of something ! i am too tied down to travel .
well i think so i just do not know what .
maybe invent a real way for people to lose weight , keep it off , and feel attractive ?
sounds like a pretty good idea .
every neglected wife and mother would pay to feel desire !
what do you mean by that ?
i feel like my husband does not notice me sexually . and other housewives feel that way , too .
hmmm oh wow . well maybe you need to confront him about it .
","Dana, who has an exceptionally high IQ of 250, shares that she lost her parents in a plane crash three years ago and now lives alone with her dog, Mack. She expresses a desire to travel the world but feels uncertain about how to leverage her intellect for financial gain. The conversation touches on the idea of inventing a weight-loss solution that could help others feel attractive, leading to a discussion about personal relationships and feelings of neglect, particularly in the context of marriage."
 i use to be a huge superman fan as a child. i have been cheated on by every ex girlfriend except for one. my biggest fear in life is heights. there is only been one set of twins in my family.,"hi , care to chat with a vet tech ?
sure , but i do not have any animals .
that is ok , i also love to watch horror shows ; do you ?
i prefer superman . i was his biggest fan when i was younger .
wow , that is really neat . do you like to read ?
i like to journal . all my exes have been cheaters except amanda
yay for amanda . my fav author is stephen king .
you and horror lol . i am too afraid of heights to do anything else scary
oh that is too bad . whats your religion ? i am christian .
i am atheist . but i sometimes wonder
it can be hard to figure out sometimes . do you like to ski ?
no , my fear of heights again . the twins do though .
oh yeah , forgot . how old are the twins ?
16 now . the only set in our whole family .
that is great well , i got to run , enjoyed chatting , take care
have a great rest of your day
","The user, a former Superman fan who has been cheated on by all but one ex-girlfriend, shares their fear of heights and mentions having only one set of twins in their family, who are now 16. They engage in a conversation with a vet tech, discussing interests like horror shows and journaling, while revealing their atheism and curiosity about religion. The chat ends on a friendly note as they express enjoyment in the conversation."
 my favorite color is blue. cooking is my passion. my hair is long and blonde. i like to run. my mother died when i was a child.,"hey how are you tonight ?
great ! how are you ? i am about to go running , my favorite hobby !
that good . you like to game ? chess is what i like
not really , i am much more passionate about cooking than chess .
cook for me anytime . what your favorite memory ?
i loved cooking with my mother but unfortunately she died when i was a child .
well as a kid seeing the eclipse was amazing
i got my long blonde hair from my mom . she also gave me a blue stone .
could of used you to bring food to me we watch together
i think that is why blue is my favorite color .
blonde is fine i just want to play chess
you really like chess huh ? do you have any other hobbies ?
no old and this internet now a day so high speed i just relax
i see . so you just like chess and relaxing ?
yep you got me though can protect you
is english your second language ?
","The user, who has long blonde hair and a passion for cooking, shares that they are about to go for a run, their favorite hobby. They express a lack of interest in gaming, particularly chess, which the other person enjoys. The user fondly recalls cooking with their mother, who passed away when they were a child, and mentions that blue is their favorite color, linked to a blue stone their mother gave them. The conversation reveals the user's focus on cooking and running, contrasting with the other person's preference for chess and relaxation."
 i own a corvette. i live in california. i am a mechanic. i like to surf.,"what a terrible drive home today . i just want to relax . how are you ?
i am good , sorry you had a rough drive !
got home and the only vegetable in the fridge was beets ! sorry !
o wow ! well when i am stressed i go for a drive in my corvette .
is it a stingray ? too nice ! on my off days , i just sleep in .
it is not . i surf on my days off !
you live on the beach ? not near any storms i hope ?
no i am safe out here in california .
that is good . country or city dweller ?
country most definately ! i work as a mechanic in the city though .
do you grow your own vegetables ? i am vegetarian but eat fresh chicken eggs .
i do not , but i love fresh veggies .
how did you learn to surf ?
my father surfed and taught me as a child .
that is cool ! i am an avid swimmer but stick to pools . sharks in the ocean !
yes there are , but nothing compares to swimming in the ocean .
","The user, a mechanic who owns a Corvette and lives in California, shared their frustration about a rough drive home and expressed a desire to relax. They mentioned only having beets in their fridge and how they relieve stress by driving their Corvette. The conversation revealed that the user enjoys surfing on their days off, learned to surf from their father, and prefers the country lifestyle despite working in the city. They also expressed a fondness for fresh vegetables but do not grow their own, while the other person mentioned being a vegetarian who eats fresh chicken eggs and prefers swimming in pools due to concerns about sharks in the ocean."
 i live in a tiny house to save money. i tend bar on the weekends. during the week i go to college to become a lawyer. i listen to blues and jazz. i collect single malt scotch.,"hi ! just got done watching one of my faves titanic . how are you ?
hey i am doing great ! studying for a test i have tomorrow
study hard ! my two kids are in bed they are 2 and 6
those are cute ages . yeah i am in law school and work weekends
you are busy that is a hard career
there is good money in it and its a passion of mine so worth it
yes ! my husband jack owns an auto repair shop
that is great do you work too
no i am a stay at home mom
that is awesome you get to do that . you get to enjoy the kids more now
yes i do love it . i came from sterling heights michigan and hope to go back
i hope you can go back . what kind of music do you like
i like gospel and country how about you ?
i like blues and jazz . eric clapton and bb king are 2 of my favorites
","The user, who lives in a tiny house to save money, is currently studying for a law school test while working as a bartender on weekends. They enjoy listening to blues and jazz, with Eric Clapton and B.B. King as favorites, and are passionate about their future career in law. The conversation also touches on family life, with the other participant being a stay-at-home mom with two young children, while the user expresses admiration for her ability to spend more time with her kids."
 i work for a large company. i drive a fast car. i dream of winning the lottery. i like to eat food. i listen to rock music.,"hi there , how are you ?
my job is great , i am being paid soooo much , but i still want to win the lottery
who does not want to win the lottery ?
i will win , i am telling you . then i will drive my sx into the stars .
cool . do you like dance ? i am a ballerina .
at rock shows i guess . i would learn that , when i win the lottery .
okay ? what do you do for fun ?
drive my sx . fast . so what is a male ballerina called ?
a ballet dancer i suppose . i love driving fast too .
well , fml . i finally met someone i would ask to eat food with .
haha . do you like rock music ?
yeah , i think i will where a ballet uniform next time at the concert though . . .
","The user, who works for a large company and drives a fast car, expresses excitement about their job and a strong desire to win the lottery, envisioning a future where they can drive their car into the stars. They engage in a light-hearted conversation with a ballerina, discussing their shared love for fast driving and rock music. The user humorously contemplates wearing a ballet uniform to a concert, highlighting their playful personality and enthusiasm for fun experiences like eating out and attending shows."
 i am younger then 46. i like the music group the backstreet boys. i hate to drive. i like the taste of cheese. i need to take 4 pills a day to live.,"hello there . what are you up to today ?
hi how are you doing today ?
great other than my cat driving me crazy .
oh you should tell it to relax
my cat makes fun of me because my eyes are different colors !
what colors are they then ?
blue and hazel , but i feel unique , not a freak show , but my cat does not understand .
how old are you silly one ?
i am 33 and my entire family is silly . how old are you ?
a little under 46 years old
that is a good age . i hope to get there one day .
people call me young bc i still like backstreet boys
","The user, a 33-year-old who enjoys the Backstreet Boys and has a playful relationship with their cat, shares that their cat often drives them crazy and makes fun of their unique blue and hazel eyes. They express a sense of individuality and humor about their family's silliness, while also looking forward to reaching the age of their conversation partner, who is under 46."
" i used to be in the marines. i m a vegetarian. i work as a bartender. when i have nothing else to do , i read books.","hello how are you tonight
i am good . just got in from my bartending job
i would love to go to the bar and overcome my divorce
i am sorry to hear that . you should come to the bar and chat
i would love to do that
maybe we should just go to dinner . i can show you some great vegetarian places !
i would be willing to do that i love dogs so i do not need meat
i actually quit eating meat in the marines
that is interesting i am just a security guard
well i am not in the marines anymore , just the bartending and reading books in my spare time
i want to get a nice car and drive the coast
that sounds like it would be a lot of fun !
yes it would it would be great
what else do you enjoy
usually cars and dogs
fun , do you have any ?
","The user, a former Marine turned bartender and vegetarian, engages in a conversation about their recent work and personal life, expressing a desire to overcome their divorce by socializing. They suggest going to dinner at vegetarian restaurants and share their love for dogs, noting they quit eating meat during their time in the Marines. The conversation also touches on the user's interest in cars and the idea of driving along the coast, while they inquire about the other person's interests."
" while both my parents have thick european accents , i do not. i go to a private high school. i drive a motorcycle instead of a car. i am enrolled in several college credit courses. my parents immigrated from europe before i was born.","hi what did you do today ?
school all day . multi variable calculus is tough
calc 1 . i cried . . . so . . many . . times in that class ! i am more into literature .
i wrote a poem about my bike , while i was on it , riding .
haha ! you are a poet or comedian ?
both . this school is cool , but i might go to public university .
haha . lets collab i am an aspiring publisher .
i am still in high school . i am not stupid , i know i am naive . but sure
that is cool . when do you graduate ?
summer . i am going to ukraine .
that is awesome ! one of my favorite authors is from there .
who ? my grandmother lives there . i am sure she knows about them
","The user, a high school student with European immigrant parents, shares that they spent the day at school struggling with multivariable calculus, while expressing a preference for literature and poetry. They mention writing a poem about their motorcycle during a ride and joke about being both a poet and a comedian. The conversation reveals their consideration of attending a public university after graduating in the summer, and they express excitement about visiting Ukraine, where their grandmother lives, and connect over a shared interest in Ukrainian authors."
 i have a small pet cat. i am currently going to school to be an artist. my favorite flower is a rose. i am twenty one years old.,"hello ! how are you today ?
i am very well , thank you . how old are you ?
i am very young middle aged . what colour is your hair ?
i am 21 , and i am training to be an artist in school . it is black .
do you play sports at school ?
no . i prefer gardening . rose is my favorite flower .
do you have any dogs ?
just a small pet cat . you have cats ?
no cats , only two dogs . what is your cats name ?
donald . he is so cute !
how old is your cat ?
he is just under a year old . how big are your dogs ?
one is a big labrador . the other is a little yorkshire terrier !
neat . i am sure they are so much fun !
yes i like to run so we go on lots of runs together .
my cat just sits at home , but i love him to bits .
","The user, a 21-year-old aspiring artist with a small pet cat named Donald, enjoys gardening and has a favorite flower, the rose. In a conversation, they share that they do not play sports but prefer spending time with their cat, who is under a year old. They engage with someone who has two dogs, a big Labrador and a small Yorkshire Terrier, and express enjoyment in their pet's companionship, contrasting their cat's more sedentary lifestyle."
 i am in high school. i have blonde hair. i like skateboarding. my favorite food is pizza. i am a female.,"hi . i like purple alot
hi how are you ? what is your favorite food and sports ?
i like pizza and the band korn
do you have purple hair ? i am a girl with blond hair
i have purple hair because i like purple
what music genre is band korn ? skateboarding is what i like
rock , hard rock , i like to throw rks
what is your gender ? do you like rock music ?
i am female . i havea house
you are so funny , i think we can get alone really well .
we should be alone ? i don know about that
do you live alone ? what state are you in ?
i i live in washington right now
you read too many horror novels . . .
i do not read , i watch movies
that is a dangerous place to live
","The conversation features a high school girl with blonde hair who enjoys skateboarding and pizza. She engages with another person who has purple hair and likes the band Korn, discussing their favorite foods and music genres. The girl expresses a sense of humor and camaraderie, while also inquiring about living situations and locations, revealing that she currently resides in Washington. The dialogue touches on interests in rock music and movies, with a light-hearted tone throughout."
 my family means the world to me. i enjoy jazz music from when i was a girl. i have 3 dogs and a parrot. my left knee is filled with metal. i play bingo every wednesday with my husband.,"good evening . i am thinking about botos . are you a dermatologist ?
nope sorry . i am a jazz musician .
that is cool too . i have a degree in fashion design , i do not use it .
i have a biology degree that i never used . haha .
i have a degree in shopping that i use daily , lol . recently , louis vuitton
sounds good ! did you do anything interesting today ?
lunched with the witchy sister in law , then had my hair done .
i played bingo with my husband . i can relate . i have nasty in laws too !
i do not know why she does not like me . do not care really , lol
i would not worry about it . as long as you are happy with your life and yourself
i totally am . as long as my dog likes me . .
you have a dog ? i have 3 . . . . . and a parrot !
only one . i have several tanks of fish and a lizard .
i am not a big fan of reptiles . my son owns a snake .
","The user, who values family and enjoys jazz music, engaged in a light-hearted conversation about their educational backgrounds, sharing that they both have degrees they don't use. They discussed daily activities, with the user mentioning playing bingo with their husband and having a challenging relationship with in-laws. The user expressed contentment with their life, especially as long as their dogs love them, and revealed they have three dogs and a parrot, while the other person has a fish tank and a lizard."
 i read fantasy fiction novels. i am a mother. i used to work for monsanto. i enjoy shopping online. i enjoy swimming.,"ho how are you doing ?
great ! just finishing reading my fantasy fiction novel here i like those . you ?
i am a college student so i do not read unless i have to lol
ll i keep telling my kids they should read , in order to go to college
what do you do for a living ?
have you heard of monsanto ? i work for them .
no i have not . . . what is that ?
its the company that sells pesticides and seeds .
sounds dangerous to be around
its a job . what do you study ? any hobbies ?
i am studying biology . . . i think i am failing
have you sought help ? are you sure that is the right field for you ?
","The user, a mother who enjoys reading fantasy fiction, is currently finishing a novel and encourages her children to read for college preparation. She previously worked for Monsanto, a company that sells pesticides and seeds, which she acknowledges can seem dangerous. In contrast, her conversation partner is a college student studying biology and expresses concern about potentially failing in their studies. The user suggests seeking help and questions if biology is the right field for them."
" i like to work on cars. my favorite music genre is classic rock. i enjoy playing recreational games like cards , darts or billiards. i work in marketing for a large company. i like to try different beers from various countries.","hi . do you consider yourself a night owl ? i am always up late
yes i do . what do you do for fun ? i like cards , billiards and darts .
i play video games mostly . that is why i am usually up so late .
got ya , what kind of music do you like ? i love classic rock .
rock is good , but i like to dabble in many types of music . variety is key
very true , what do you do for a living ?
i am a student , but no major . i like to learn many different things
cool , i sometimes work on cars in my spare time .
do you have any favorite foods ? mine are fried chicken and chocolate cake .
i love pizza ! it goes great with imported beers .
oh , that is fancy . i could go for a pizza myself .
have you tried any imported beers ?
no , i have never had extra money for alcohol . i mooch off my friends for it
that is a good way of saving money !
","The conversation revolves around two individuals discussing their interests and lifestyles. The user identifies as a night owl who enjoys playing cards, billiards, and darts, while also working in marketing and occasionally working on cars. They express a love for classic rock music and enjoy trying different imported beers, particularly pairing them with pizza. The other participant, a student without a major, primarily plays video games and appreciates a variety of music but has not tried imported beers due to financial constraints. The exchange highlights their shared enjoyment of food and leisure activities."
 i like going to the beach. i used to work for a cable company. i love to ride my bike. i like my job.,"hi . i am super lazy
it can be enjoyable to be lazy sometimes . i like to relax on the beach .
i love to paint trees
that sounds nice . i ride my bike on a nice path that goes through the trees .
do not get stuck ! oh dear
oh no . it is a fine path .
ok good . do not wanna call 911
it does not literally go through a tree . ha ha ha .
oh ok good . that was scarry
i have simplified my life . i was once employed with a cable company .
oh that is good . i get lonely
i now make rope . i work with many people . you would not be lonely there .
can i come then please
oh yes . you would like it . i like it there .
ok , i am on my way
we have plenty of rope to make . i do not know what the deal with cable is .
","The user expresses a laid-back attitude, enjoying relaxation at the beach and painting trees. They mention riding their bike on a pleasant path, humorously clarifying that it doesn't literally go through a tree. The user shares that they previously worked for a cable company but have since simplified their life by making rope and working with a team, which they believe would alleviate loneliness. They invite the conversation partner to join them in this new work, indicating their positive feelings about their job."
 i m in a rock band. my favorite color is orange. i hate wearing make up. i have really long fingernails. i own a hot pink moped.,"hi how are you doing today ?
pretty tired . i was up late last night . you ?
nothing much . just taking a little break from reading .
do you read alot ? i am more into music .
i love to read . i have read a lot of books . what music do you like ?
mostly rock . i play the drums !
nice ! this weather is driving me crazy it is too warm !
i know i was sweating so much at my gig last night .
i really do not like hot weather ! it is cool your perform !
i know what you mean . it has been so hot i have skipped make up for a while
what else to do you like to do other than music ?
i like to ride mopeds . i have a pink one .
i enjoy being with friends and family when i am not reading .
more of an indoor person ?
if i could afford it i would travel all around the world .
when i am not playing i like to stay home and paint my nails
","The user, a rock band drummer who dislikes hot weather and wearing makeup, shared that they were tired from a late gig and prefer music over reading, though they acknowledge enjoying books. They mentioned riding their hot pink moped and expressed a desire to travel the world if financially possible. In their downtime, they enjoy staying home and painting their long fingernails."
 my dad works offshore. i love to play tennis. i love the chainsmokers. i work as a lifeguard. i also love to travel.,"hey , i am female , my hobbies are sports , cars and video games .
well hey there , i am female as well , i mostly travel and play tennis
how old are you , i am 14 .
19 , you a chain smokers fan at all ?
not a chain smoker fan . my 3 best friends live on my block .
that is lucky , i rarely see mine .
sorry to hear , on weekends we research race cars all day . you ?
i have no life , my mom is pretty much my best friend and my cats
sorry , my family consists of mom and grandparents , we live together .
for right now , my father is working offshore , so its my mom and my brother
it is nice to have family around .
sometimes , they can be a little overbearing
yes , family can be overbearing at times .
do you like any specific sports ?
","The conversation features two female users discussing their interests and family dynamics. One user, who is 19, enjoys traveling and playing tennis, while the other, aged 14, has hobbies in sports, cars, and video games. They share about their family situations, with one having a father who works offshore and living with her mom and brother, while the other lives with her mom and grandparents. They both acknowledge the sometimes overbearing nature of family and briefly touch on their social lives and friendships."
" i m gay but i haven t told my parents yet. i like comic books and anime. i play a lot of video games. when i have free time , i sketch my favorite characters.","hey , how are you today ?
hello , i am fine . how are you ?
good . i just got finished watching some anime .
no way ! i absolutely love anime , comic books and even cartoons !
cool ! i watched it on one of my two laptops .
i do that too sometimes while i am playing video games on the big screen .
do you have any other hobbies ?
drawing characters from anime . i hope to publish my own someday !
cool . after my grandparents died i took over their flower garden .
i like flowers and so does my partner .
oh , are you in a serious relationship ?
well i am , but my partner is getting mad because she has not met my parents yet .
have you met her parents yet ?
yes , but she is out and i am not . tell me about your relationship .
oh , i see ! i am not in one .
well that might be lucky since so many life details get involved .
","The user, who identifies as gay but hasn't come out to their parents, shares their love for anime, comic books, and video games. They enjoy drawing characters from anime and aspire to publish their own work. In the conversation, they discuss their hobbies and mention their partner, who is frustrated that they haven't met the user's parents yet, highlighting the complexities of being in a relationship while not being out. The other person in the chat is not currently in a relationship and reflects on the complications that come with being involved with someone."
 it was too small. i also eat too much french fries. i smell like french fries. i just got a new sweater.,"hello how are you doing today ?
i am alright how about you ?
good just got done reading one of my favorite books anne of green gables
can you smell me from there ?
ll do you have any pets ? i am thinking about buying a pot bellied pig
i do not but that would be great
what do you do for a living ?
i work w french fries . i stink of them
ll . . . that is funny . i just bought some really nice office furniture
i just bought a new sweater . you win
well i also have won a beauty pageant and you ?
i am very small yeah
","The user, who humorously describes themselves as smelling like French fries due to their job working with them, engages in a light-hearted conversation about their day and recent purchases, including a new sweater. They express interest in getting a pot-bellied pig and share that they feel small in stature. The conversation also touches on reading ""Anne of Green Gables"" and winning a beauty pageant, showcasing the user's playful and self-deprecating persona."
" i am a painter. my wife hates me , she thinks i am lazy and poor. i live a lie. i won a lottery 6 years ago but nobody knows.","hi , what music do you like to listen to ?
hi , i like various artists , but not pop music . i am an artist .
my favorite is really country its like a guilty pleasure
ugh . sorry , i do not like country , where do you live ?
i live in l . a . but i am not an actress anymore
so you were before , please tell me more ! !
yes , just small jobs nothing too big . i was an extra on moesha
being an extra is hard i understand , i hope you liked it .
yes , i will always love my past
i am an artist , but it is still very hard . . . especially in la
you can do it , do not give up ! i love the job i have now
i have lots of money , for no reason , but nothing makes me happy
what about animals ? i could not live without them
i have no animals , i am in a bad relationship
","The user, a painter living in Los Angeles, shares that he enjoys various music genres but dislikes pop and country. He reveals a past as an extra on ""Moesha,"" expressing fondness for his acting experiences despite the challenges. While he claims to have lots of money from a lottery win six years ago, he feels unfulfilled and unhappy, particularly due to a strained relationship with his wife, who perceives him as lazy and poor. He also mentions not having any pets, indicating a sense of isolation."
 i want to be an astronaut when i grow up. i love lasagna like i m garfield. i have a poster of neil tyson degrasse on my wall. my two dogs are the best friends a girl could have.,"hello formal situations make me feel awkward and uncomfortable .
i am sorry to hear that . luckily i am not too formal . i am like garfield loving lasagna
i do not have many real friends , but i have 4000 facebook friends .
who needs friends ? i am best friends with my 2 dogs . all i need
lol that got to real to fast . i have a cat named contraband .
i have a poster with neil tyson degrasse on my wall . haha
apparently i live by myself and have not talked to my family in years .
i am sorry . i just live with my dogs , still dream of being an astronaut
that is whats up . . . get it up , i am sorry that was a total dad joke lol
haha . you are fine . i always wanted to be an astronaut
tell me more about yourself , i am out of things
i am too . not much more for me
cool well now we just need this program to let us cash in
totally agree . maybe i could really afford to go to space haha
yeah right , i wish i was getting that kind of money !
me too . you can always dream
","The user expresses feelings of awkwardness in formal situations and shares a love for lasagna, likening themselves to Garfield. They mention having 4,000 Facebook friends but prioritize their two dogs as their best companions. The conversation reveals a sense of isolation, as the user lives alone and hasn't talked to their family in years, while still dreaming of becoming an astronaut. They also have a cat named Contraband and a poster of Neil deGrasse Tyson on their wall. The exchange includes light-hearted banter about dad jokes and aspirations of going to space, emphasizing a shared sense of humor and dreaming big despite current circumstances."
 my adopted dad works at hp. i was adopted when i was a baby. my mom stays at home. the future scares me.,"what are you doing today ?
nothing much . my step father works at hp
hp the computer company ? i drive trucks
yes , my mom have no work . i was adopted and it scares me a lot .
my mom used to teach . why does it scare you ?
because my real dad might come
are you worried about him ?
yes a lot i think he is mad at me
that is pretty scary . where are you from ?
i do not know because i was adopted
oh , okay . i grew up in virginia
i love to go there someday
you should . the best thing was driving cars up there . especially stick shifts
i do not have a car though
oh . maybe you should get a job to buy one ?
i do not like i am too lazy
","The user, who was adopted as a baby and feels scared about their future, shares that their stepfather works at HP and their mother is a stay-at-home parent. They express concern about their biological father potentially coming back into their life, fearing he might be angry with them. The conversation partner, who grew up in Virginia and drives trucks, encourages the user to consider getting a job to save for a car, but the user admits to feeling too lazy to pursue that."
 i am an environmental activist. i also like to mountain bike. i live in vermont. i love to hike. i have visited 12 national parks in the us.,"hi , i had dog food for dinner .
hello ! that is gross ! where do you live ? i am in the mountains
i drive a quick auto
so do i but , i would rather be biking in the mountains somewhere in vermont
that sounds so cool relly
yeah , i live there and love hiking as well .
do you like rock and roll , it is my favorite .
i do but prefer hip hop . i love visiting national parks infact , i been to 12
that is great i work for a big company
that is cool . i am a huge enviromental activist ! what about you ?
i just want to watch the world burn while i listen to rock
well i can not say that i blame you there
i am a fast driver too .
that sounds exciting and fun ! where are you from ?
i was born on the dark side of the moon
is your name pink floyd by chance ?
","The user, an environmental activist from Vermont who enjoys mountain biking and hiking, engages in a light-hearted conversation with another person. They discuss their dinner choices, driving preferences, and love for the mountains. The user expresses a preference for hip hop music and shares their passion for visiting national parks, having been to 12. The other person reveals a more nihilistic attitude, wishing to ""watch the world burn"" while listening to rock music, which the user acknowledges with understanding. The conversation concludes with a playful exchange about the other person's unusual birthplace, humorously referencing Pink Floyd."
 i like barbies. i am an only child. i am a girl. my name is nancy.,"hello how you doing today
good thanks . hope you are too .
yes , i am , just finish working and getting ready to jog
are you in an area outside of rimas path ?
yes , i live in new york , hopefully i can move to australia ,
have you been there ? i would love to visit australia
no but my friends are from there , just want to make a change
cool . my name is nancy . whats your name ?
i am sorry , my name maximo
do you have any brothers or sisters in ny ?
yes i did , she is in heaven , so in he name i donate blood
i am so sorry . i never had any siblings just my barbies as a kid .
","Nancy, an only child who enjoys Barbies, converses with Maximo about their day and aspirations. She shares her hope to move from New York to Australia, expressing a desire to visit the country. Maximo mentions having a sister who has passed away, prompting Nancy to empathize, noting her own childhood was spent with Barbies instead of siblings."
 my favorite book is twilight. i have 6 toes on one foot. i have glasses. i broke my nose in 5th grade.,"hello how are you tonight ?
hi ! are you a dr , by chance ? i need someone to see my toes .
no not a doctor but if you have pretty toes , i would love to see them
umm . they are pretty , but all on 1 foot . hence the dr . see ?
mmm interesting . i think i saw that in one of my favorite museums .
i also have strong prescription lenses so toes are actually my best feature .
i am trying to picture you . . . . . . listening to bach at the moment
ok , so also picture a nose like bachs but with a bump . . broke after 4th grade .
my goodness you sound like one of picasso painting in the museum .
good comparison ! ! that is actually a flattering comparison for me .
i think i used to date someone like you when i was princeton . great sense of humor
well humor is about the only thing i have going . that and a hi iq .
well i like to watch that show on tv , the voice . how would describe yours ?
not bad when i sing to my son , however that is because he loves me .
they always do do not they ? do you like to travel as well ?
yes , love it ! but i do not get to often . i went to argentina last year .
do not cry for me argentina . yes a place that is on my list of yearly travels
go to wine country mendoza beautiful , bye ! !
","The user, who enjoys the book ""Twilight,"" humorously shares that they have six toes on one foot and a broken nose from childhood. They engage in light-hearted banter about their unique features, including strong prescription glasses, and compare themselves to a Picasso painting. The conversation reveals their sense of humor and high IQ, as they discuss their singing voice, which is only appreciated by their son. They express a love for travel, mentioning a recent trip to Argentina, and recommend Mendoza's wine country as a beautiful destination."
 i like sleeping. i watch youtube videos. i write. i work at mcdonald s.,"hi . how are you doing today ?
not bad , since i just got off work . it was busy !
cool . where do you work at ?
working at the golden arches for the time being !
great . do you like it there ?
are you kidding ? of course not .
i have a youtube channel . i like it .
what is it called ? i will check it out , holmes .
it is called make up magic . i do makeup tutorials bro .
cool ! did you study that in school ?
yes i did . it was fun .
where did you go to school ?
on the west coast . i went to stanford .
cool ! i like the bay area . you live there now ?
yes i do . it is very nice here .
i live in seattle . people say it is kind of similar .
","The user, who enjoys sleeping, watching YouTube, and writing, just finished a busy shift at McDonald's and expressed their dissatisfaction with the job. They run a YouTube channel called ""Make Up Magic,"" where they share makeup tutorials, having studied the subject at Stanford on the West Coast. They currently live in the Bay Area, while the other person lives in Seattle, noting the similarities between the two locations."
 sometimes i listen to gary human to be ironic. i only use apple products because i feel everything else is inferior. going snorkeling is my favorite thing to do. i like chasing comodo lizards on a private island.,"hi , how are you ? i am listening to rock and redecorating
i like rock too , but sometimes i listen to gary human with my hipster friends .
awesome ! i am looking for black lace curtains . everything just be black
i have a black iphone . apple makes such fantastic products .
i always wear black . except the spikes on my collar are stainless .
could they be painted black ?
maybe ? a black iphone would match my black purse though
any other kind of phone is inferior .
yeah the exploding ones left cool black marks on my wall though
i hear the latest ones are waterproof . maybe i could take it snorkeling !
i will let you borrow my black car to get there !
thank you ! i promise not to chase any comodo dragons with it .
oh just let them drive . they love my rock stations .
there are not any stations that reach the private island i pursue them on .
","The user engages in a lighthearted conversation about their interests, mentioning their love for rock music and ironic enjoyment of Gary Human with hipster friends. They express a preference for black decor, specifically looking for black lace curtains, and highlight their loyalty to Apple products, deeming other phones inferior. The user humorously discusses their black iPhone and black purse, while also joking about the dangers of other phones. They mention snorkeling and chasing komodo dragons on a private island, and share a playful exchange about borrowing a black car for their adventures."
 my horse never talks back to me. i live in the city. i enjoy budweiser beer. i am the lead singer for an indie band.,"hi , how are you today ?
i am doing pretty good , just sitting back drinking some bud .
washup ! what are your hobbies ?
well i am the lead singer in my indie band , and i love horseback riding .
cool ! do you play many gigs ?
we play quite a few , it helps living in the inner city , lots of places to play .
what sort of venues do you play at ?
bars , open mics , places like that .
nice . . are you doing a gig this weekend ?
no , i am probably gonna go ride my horse tomorrow though .
i would love to ride a horse one day .
yea its really fun , he is pretty quiet though .
","The user, a lead singer in an indie band who enjoys drinking Budweiser and lives in the city, shares that they are doing well while relaxing with a beer. They mention their love for horseback riding and the frequent gigs they play at bars and open mics in the urban area. Although they don't have a gig this weekend, they plan to ride their quiet horse, which the conversation partner expresses interest in trying someday."
 i regularly go to the gym. my favorite band is metallica. my favorite meal is chicken and rice. i read autobiographies before bed. i have a cat named george.,"hello !
hello , how are you ? i just got home from the gym . really wiped , big workout !
good , same here , my best friend lives in a big city and i just visted with him
nice ! i hope your trip to the city was smooth . it can be tough traveling .
what did you do at the gym ? i know working at a grocery store is enough
mostly lifting weights . yes , a grocery store job sounds tough ! eating dinner now .
same , my mother like to grow plants in her garden so i am eating them now
fresh from the garden is the best ! my cat is trying to steal my chicken
ahahah , my mother is a social worker for the schools so she always brings home strays
your mom sounds like a busy woman ! do you like music ? i love metallica !
i do , i grew up listening to metallica ! thank you father
i am hoping to go to a concert soon . love music !
","The user, who regularly goes to the gym and enjoys Metallica, shared that they just returned from a big workout and are now eating dinner, which includes chicken and rice. They discussed a recent visit to a friend's city and mentioned their cat, George, trying to steal their food. The conversation also touched on the user's mother's gardening and social work, highlighting her busy lifestyle. Both participants expressed their love for Metallica and the hope of attending a concert soon."
 i work graveyard in a hotel. i am saving for college. my favorite actor is robert denaro. i love the snow.,"hello , what do you do ?
hey , i work at a hotel for the night shift
do you like that , or does it give you time to do other stuff ?
it does give me time to think about college
i attend school for art . my specialty is acrylic paints .
that is cool . did you save up for school beforehand ?
working my way through and scholarships . i paint murals for money .
same here , i am saving up . do you paint seasonal murals ?
murals like on walls , community inspired stuff .
i see . i just love winter . it would be nice to have a mural of that
what do you want to do in school ?
i would like to go into acting . rober denaro is my inspiration .
","The user works the night shift at a hotel and is saving for college, where they study art with a focus on acrylic paints. They are funding their education through work and scholarships, painting community-inspired murals for extra income. The user expresses a love for winter and dreams of having a winter-themed mural. They aspire to pursue acting, inspired by their favorite actor, Robert De Niro."
 i hope to one day be a published author. i write short stories in my free time. i drink a lot of tea. i love art museums.,"hey there how are you today ?
great ! i just got back from an art museum . you ?
cool , getting ready to go
go where ? what do you like to do ?
i like to drive my truck an eggs
i write stories someday i want to publish them .
cool , let me read a line or so
i am not sure i have any ready to share yet .
well why not you shy ?
a little bit . i mostly like being cozy at my house , drinking tea .
cool what kind of tea do you like ? i am a farmer
i like all kinds . what do you grow ?
chickens an love to eat the egg
i like eggs too . where do you live ?
","The user, who aspires to be a published author and enjoys writing short stories, shares their recent visit to an art museum. They express a preference for staying cozy at home while drinking various types of tea. The conversation partner, a farmer, mentions their interest in driving and raising chickens for eggs. The user shows some shyness about sharing their writing but is open to discussing their interests and hobbies."
 i am a yoga instructor. i have two chiuahuahs. i collect seashells. i have a son. i love horses.,"hi . my name is rob and i enjoy listening to gangster rap music ! it is true .
names jasmine i work as a yoga instructor .
nice to meet you jasmine . i lift weights but i would consider doing yoga too .
my son is 1 3 4 years old . we enjoy our time with horse .
my kids are 7 and 5 . my car is fast but not with them in it !
my chihuahua can be a handful chico and sienna
all kids can ! so my fast car ? it is black . do you have a car ?
i do and it is a mini van . i collect shells as a hobby
that is great . 2pac is my favorite artist .
that is awesome that you like 2pac . i am not much of a rap music fan
california love is my favorite song of all time ! what music do you like ?
i listen to a lot of meditation musics that keeps my soul calm and relaxed
that is important . i did meditation on an app on my phone before .
it is and it gets me through the day .
what else do you like to do ?
nothing else , i am just a mom .
","Jasmine, a yoga instructor and mother, shares her interests and family life in a conversation with Rob, who enjoys gangster rap. Jasmine has two chihuahuas named Chico and Sienna, collects seashells, and enjoys spending time with her son and horses. While Rob lifts weights and drives a fast black car, Jasmine drives a minivan and listens to meditation music for relaxation, emphasizing the importance of calmness in her daily life."
 i am funny. i have sausage fingers. i am bloated. i can draw. i like sprite soda.,"hello , how are you ?
good how are you ?
i am okay .
what are your hobbies ?
i play the violin , shopping , netflix . how about you ?
i really like to draw
that is cool . what state do you live in ?
i live on the west coast what about you ?
i live in north carolina . i never been to the west coast .
the weather there is so nice
it is i love being near the ocean .
i wish i was somewhere warmer it rains a lot where i live
i use to live in nebraska so i will take this weather any day .
oh wow
","The user, who has a humorous persona and describes themselves as having ""sausage fingers"" and feeling bloated, engages in a light-hearted conversation about hobbies, revealing a passion for drawing. They live on the west coast and enjoy the pleasant weather and proximity to the ocean, contrasting it with the rainy climate of the other person's home in North Carolina. The user also shares a past experience of living in Nebraska, expressing appreciation for their current location's weather."
 i plan to retire in 6 months. i have the support of my whole family. i have studied ballet all my life. my mother is a ballerina.,"hello , how are you ? its a nice day today .
i am good thanks for asking
omar is my name . what is yours ?
my name is marie anne
i own a farm in ohio .
so you must love animals ?
i do . i have sheep , goats and some horses .
what city are you from ?
the closest city to me is miles away . i have never been to a big city .
that must be very peaceful
it is . i love it . are you from a big city ?
yes i am . i am in la
","Marie Anne, who plans to retire in six months and has the support of her family, engages in a light conversation with Omar. She shares that she owns a farm in Ohio, where she enjoys the peaceful life with her sheep, goats, and horses, and mentions she has never been to a big city. In contrast, Omar lives in Los Angeles, highlighting their different lifestyles."
 my favorite band is bon over. i work in public relations. my parents raised me as a buddhist. i am from seattle. i am a vegan.,"good morning , glad all my kids are gone for school . hbu ?
hey i am a seattle based vegan from a buddist background
i love me some hip hop while they are gone
i love the band bon over but my colleagues at public relations hate them
you love what group ? i am from spain
bon over they are great
cool , i am married with 5 little 1s .
that is a lot of kids there
i love getable only hbu ?
yes man is great i love it
i bet i am married an a vet
thank you for your service man
no lol i am sorry a veterinarian ha
that is hilarious sorry ahahah wow i got it wrong
you are cool lol , do you like rap ?
i absolutely love rap its amazing
","The user, a Seattle-based vegan with a Buddhist background, enjoys hip hop and is a fan of the band Bon Over, despite their unpopularity among colleagues in public relations. They engaged in a light-hearted conversation with another user from Spain, who is married with five children, leading to a humorous misunderstanding about their spouse's profession, which was clarified to be a veterinarian. The user expressed their love for rap music, highlighting their diverse musical interests."
 i am short. i like to sew. my hair is brown. i am not thin. i have one cat.,"hello , how are you ? tell me something about yourself
i have brown hair and very skinny
that is cool , i like brown hair . what are something you like to do ?
sewing , taking my cat out . you ?
i like making short films and eating nachos ! do you have a boyfriend or girlfriend ?
nope i am single . what about you ?
i have a boyfriend , he is in acting school .
cool . he can be the next george clooney
i hope so ! he is really good at acting .
my dad was a movie director in the eighties
that is awesome ! what movies did he direct ?
friday the 13th movies . i love jason
i was terrified of those movies ! how do you like them ?
it is all make believe . they are the best
","The user, who is short, has brown hair, enjoys sewing, and has a cat, engages in a conversation about personal interests. They express admiration for brown hair and share their hobbies, which include sewing and taking their cat out. The other person mentions making short films and having a boyfriend in acting school, to which the user responds positively, joking about the boyfriend potentially becoming the next George Clooney. The conversation shifts to the user's father's past as a movie director for the ""Friday the 13th"" series, leading to a discussion about the appeal of horror movies, with the user admitting to being terrified of them but still enjoying the make-believe aspect."
 my suspenders sometimes make my shoulders hurt. i enjoy playing retro video games on my 386. my cat s name is leroy jenkins. i have ink stains on all my shirts. i wish i had a real dragon i could train.,"hello how are you tonight ?
i am doing very well tonight . leroy jenkins and i are playing video games .
nice i was just training earlier for my next run
have you done the run disney marathons ?
yes among others and i really like the color blue
blue is very lovely . i would like a blue dragon .
that would be cool i am looking at job postings i cant stand my current job
what do you do ? i am a painter .
i am currently at walmart because i travel alot to india and they let me
i have never been to india , what is it like there
its different for sure but the people are nice
i love looking at travel photos .
yea there is some really nice places in the world
i have always wanted to go to hawaii .
that would be really fun to do
i also want to go to ireland .
","The user, who enjoys playing retro video games on their 386 and has a cat named Leroy Jenkins, is currently doing well and spending time gaming with their cat. They express a desire for a blue dragon and mention their dissatisfaction with their current job as a painter, while looking at job postings. The conversation touches on travel, with the user expressing interest in visiting Hawaii and Ireland, and the other person sharing their experiences in India, highlighting the kindness of its people."
 i was adopted. i work at a local party store. christmas is my favorite holiday. i met my birth mother when i was sixteen.,"hi there i go to college daily and yourself ?
i have a job working locally at a party store .
i am a very social person , so i love going to the party store .
that is cool . do you buy things for holidays there ?
sometimes , yes but i normally throw parties at the gym .
i shop for christmas at the store because i love that holiday .
i workout daily so most of the parties are people from the gym .
makes sense . what is your family like ?
their athletes we all love swimming and their kind . yours ?
my parents adopted me as a baby .
aww , my cousins were adopted as well .
really ? at sixteen i was able to meet my birth mother .
how was that experience for you , do you still contact her ?
it was ok . my parents are my real family . what else do you like to do ?
i like going to the movies with my friends , you ?
i love going to movies . what is coming out that you want to see ?
","The user, who works at a local party store and enjoys being social, shares that they love Christmas and often shop for the holiday at their workplace. They throw parties primarily at the gym, where they also meet many friends. The user reveals they were adopted as a baby and met their birth mother at sixteen, but they consider their adoptive parents to be their real family. They enjoy going to the movies with friends and inquire about upcoming films."
 i own two snakes. i am allergic to dust. i have an autograph collection with more than 2000 signatures. i only eat organic food. i collect comic books.,"hello how are you today ?
hi i am doing pretty good . just finished looking through my comic book collection . you ?
what is your favorite comic book ? i am watching the cubs
superman ! i need to dust them often because i am allergic .
i think superman would look better if his suit was purple
i do love purple . i also have an autograph collection of over 2 , 000 autographs .
wow that is crazy do you have any from the actors of clueless ?
yes ! i have alicia silverstone . i also like snakes . i have two .
i want a snake but i have hit my limit on my credit
they are great pets ! i just started an organic only diet .
how is that going ? can you still eat meat ?
yes as long as it is organic .
well that is good i could not give up meat
i want to try to eat healthy , but still a balanced diet .
i agree i want to be healthier , so i can enjoy my car longer
what kind of car do you have ?
","The user, who owns two snakes and has a significant autograph collection of over 2,000 signatures, is doing well and recently enjoyed looking through their comic book collection, particularly favoring Superman. They mentioned their allergy to dust, which requires them to dust their comics often, and expressed a preference for purple. They have recently adopted an organic-only diet, allowing for organic meat, and are focused on maintaining a healthy lifestyle to enjoy their car longer. The conversation also touched on the user's interest in comic books and a desire to eat healthily while keeping a balanced diet."
 i love to go horseback riding. i have three daughters. my wife and i like to go scuba diving. i grew up on a farm in kansas.,"what are you doing this beautiful day ?
i just got back from riding my horse
i love horses . i also love country music
cool what do you do for a living
i do not have a job . i am a teen
oh cool i am a cop riding relaxes me after a long day
oh no . do not arrest me ! ! haha
haha why do you say that
no reason . the worst thing i do is eat junk between meals
that is funny do you like to travel
yes i go all the time . with my family
nice i like to take my family scuba diving every year
that is very nice of you . what do you look like ?
i feel like i look like an average 40 year old guy lol
","The conversation features a user who enjoys horseback riding and has three daughters, sharing a light-hearted exchange with a teen who jokingly fears being arrested by the user, a cop. The teen expresses a love for horses and country music, while the user mentions their family travels, particularly enjoying annual scuba diving trips. The user describes themselves as an average 40-year-old, maintaining a friendly and humorous tone throughout the chat."
 i am under 6 feet tall. i sell paper products for a living. i am a great cook. i have a daughter. i hate the taste of cheese.,"how are you doing today
i am great how are you ? what are you up to ?
i am sad . my girlfriend is gone .
what has happened to your girlfriend . is she ok ?
she just does not like me anymore
oh no ! my daughter just was broken up with too .
that is no good . what happened to her ?
well like me , she is short and he decided he wanted to date a tall model .
well so much for a guy like him
both you and her deserve better . what do you do for a living ?
i teach little kids at a school
that is a good job ! i just sell paper products .
what kind of paper products
mostly napkins . luckily i can bring some home to use while cooking .
do they let you do that
just the ones that are mislabeled since they will throw them away anyways .
","The user, who is under 6 feet tall, sells paper products, primarily napkins, and enjoys cooking, engages in a conversation with someone who is feeling sad about a breakup. The user empathizes, sharing that their daughter recently experienced a similar situation, having been dumped for a taller girl. They both agree that the individuals who left them are not worth their time. The user mentions they can take home mislabeled napkins from work, which they find useful in their cooking."
 my name is arnold. i like to watch tv. i love ham and cheese sandwiches. i am 10 years old.,"hey , how is it going today ?
hey , my day is going ok . what have you done so far ?
picked some corn , made popcorn with it .
i doubt that , i would rather watch tv .
wow , i would not share my popcorn feast with you .
i mean if it was a ham and cheese sandwich than , yeah .
i do not think you are a nice person . you cannot travel with me .
by i go by the name arnold . how is that dislikable .
i would rather never play another instrument again than be your friend .
well i am only 10 years of age so i am not allowed to have friends .
good thing . i think it might be time for bed .
ok sounds about right .
do not forget to brush your teeth
thanks for the reminder . i always forget .
that is not good , your parents would be so disappointed
i thought you were my parent . . . . . . . . . .
","Arnold, a 10-year-old who enjoys watching TV and loves ham and cheese sandwiches, engages in a light-hearted conversation about his day, mentioning picking corn and making popcorn. He expresses a preference for watching TV over sharing popcorn and humorously claims he can't have friends at his age. The chat concludes with a reminder for Arnold to brush his teeth before bed, leading to a playful misunderstanding where he jokingly suggests the other person is his parent."
 my wife stays home with our kids. i hate tofu. we own our home. i work for a large law firm. i drive a prius.,"hello ! how are you doing today ?
my wife is fixing us tofu but i hate that stuff . i am good how are you ?
i am fine , i am about to go on a night hike
that sounds like fun . i guess i will stay home and eat tofu
i wish i could send you a photo while you eat , i love taking photos
i consider myself an amateur photographer myself . i am pretty good at it .
that is so great . where do you live ?
i work at a huge law firm so photography cant beat that salary .
i live in portland in maine , so there are quite a bit of beautiful subjects to photograph
i live in antarctica . we own a nice house here . where are you from ?
there must be great subjects for you to photograph , too !
lot of good photographic scenic places in antarctica too
i love tofu , by the way . i live by myself , so i have to cook for myself .
all of the underground caves and lakes that most people do not know about
those sound gorgeous . the leaves are turning here , so it is great
i do that and my wife stays with the kids at home . its too cold for them .
","The user, who works at a large law firm and drives a Prius, shares that his wife stays home with their kids while he dislikes tofu, which she is preparing for dinner. He expresses interest in photography, mentioning that he lives in Portland, Maine, where there are beautiful subjects to capture, especially with the changing leaves. The conversation partner, who claims to live in Antarctica, discusses the scenic photography opportunities there, including underground caves and lakes. The user notes that it's too cold for his kids to join him on a night hike, highlighting his family-oriented persona."
 i am very short. i am a female. i hate tomatoes. i need a wheel chair to get around. i have 2 kids.,"hi , i am from england . what about you ?
usa do you have kids ?
yeah . i had to get little people that i can knit and crochet cute outfits for .
www , i love mine too but they are a challenge with a wheelchair .
so sorry . try take walks in your wheelchair and maybe you will love them like i do .
its not bad . i am used to it . favorite food ?
has to be chicken ! makes me a really happy person everyday .
i love it too ! as long as no tomatoes are involved
really ? org . tomatoes add life to everything haha
everyone says so but i hate them . how tall are you ?
really short . 5 2 . you ? you like going to the lake like i do ?
awesome , i wondered if you could relate to 4 9 ! love the lake .
two short people . that is really funny !
i know ! my 2 kids always tease me about it .
","The conversation features a female user from the USA who is very short at 5'2"" and uses a wheelchair. She discusses her two kids, expressing that they often tease her about her height. She shares her love for knitting and crocheting outfits for her children and mentions her favorite food is chicken, while strongly disliking tomatoes. The user connects with another individual from England, who is also short at 4'9"", and they bond over their shared experiences and love for the lake."
 i love basketball. i like to sing. i like to hunt. have both daughters and sons.,"hello , how are you doing ?
great , i m getting ready to go camping .
i have to be careful when camping , for bears . i cannot see more than 200 feet ahead
just make lots of noise
its sad , but i never really learned how to write
i just play my guitar instead .
do you have any pets ? i have cats . . six of them
got 1 dog , i am allergic to cats .
my high school sweetheart . . who i married is too
i like the out doors , cats do not
some do i guess , but dogs are fun
the system , cant count !
","The user, who loves basketball, singing, and hunting, is preparing for a camping trip and expresses concern about bears due to limited visibility. They mention their struggle with writing, preferring to play guitar instead. The user has six cats but is allergic to them, as is their spouse, who was their high school sweetheart. They enjoy the outdoors, noting that while some cats may like it, dogs are generally more fun."
 i am married and have five children. my favorite music is hip hop. i work as a veterinarian. i am a vegetarian.,"hi , how is your day going ?
i am doing well . spending time with my wife and five children . and you ?
good , i just dumped my boyfriend and i am about to paint !
are you an artist ? i love art and animals . i am a veterinarian
no i just enjoy painting , love springtime , and walking on the beach .
i like all those activities and hip hop music
who is your favorite artist ?
beyonce . do you have a favorite artist ?
no i hate music , my ex boyfriend hated it too .
do you like food ? i only eat vegetables
yes , i love food . what kinds of vegetables ?
a variety . i prepare them in many different ways . do you like vegetables ?
yes , i love beets . i like to paint beets too .
how do you paint beets ? in still life ?
sure do , i love still life paintings of beets .
that sounds interesting . beets have a nice color
the red is a beautiful color .
i like it too . glad you like to paint it
","The user, a married veterinarian and vegetarian with five children, is having a pleasant day with family. They engage in a conversation with someone who recently broke up with their boyfriend and enjoys painting, particularly in springtime and at the beach. The user expresses their love for hip hop music and discusses their appreciation for art and animals. They share a mutual interest in vegetables, specifically beets, which the other person enjoys painting in still life. The conversation highlights their shared interests in art and food, with a focus on the beauty of beets."
 i like reading. i like being by myself. pizza is my most favorite thing. i enjoy taking late night walks when it s completely dark.,"i am celebrating my 20th anniversary today !
wow , congrats for the 20th anniversary
we are traveling to iceland , we love to see new cultures
you guys should grab some pizza . it s my favorite
are you a veteran like i am ?
oh , i just want to be by myself alone
when i watch football , i like to be alone
so i even enjoy walking at night alone
you should adopt a pet dog , they love walks , and security
even it is totally dark . but if i stay home reading is what i do
i help at animal shelters on my free time
like what do you do there though ?
just give them love and attention
that is so cool . do you like it
","The user, who enjoys reading, solitude, and pizza, congratulates someone on their 20th anniversary and expresses their love for traveling and experiencing new cultures. They suggest grabbing pizza and mention their preference for being alone, especially while watching football or taking late night walks. The conversation shifts to pets, with the user recommending adopting a dog for companionship and security, while also sharing their volunteer work at animal shelters, where they provide love and attention to the animals."
 ariel is my favorite princess. i love disney movies. i am on a competitive dance team. i love to dance.,"hi ! what is your favorite movie ? mine is goodfellas
i am a fan of all things disney , i could do disney marathons for ages !
haha not really my thing but i like watching sports on abc owned by disney
disney also owns espn or something now right ?
yes they do but my mom and dad worked for espn and hated it so . . .
what did they do for espn ?
producer and editor . they met there and have been married 40 years
that is great ! my favorite movie character is ariel , so that is super far from espn
oh yes definitely haha . i read the little mermaid . good book
i prefer the disney version , more fun without the depressing ending .
yes the book version is very dark . i adore reading though
i love reading too , almost as much as i like to dance . do you have other hobbies ?
just watching sports and reading .
that is an interesting combination .
","The user expresses a strong affinity for Disney, particularly enjoying Disney movies and characters like Ariel from ""The Little Mermaid,"" which they prefer over the darker book version. They mention being on a competitive dance team and love dancing, alongside their passion for reading. The conversation partner shares a different interest in sports, noting a family connection to ESPN, but the user finds this contrast interesting."
 i am in a very intimate and loving relationship. i have a dog that has behavioral issues. i work from home doing various jobs on the internet. i love beef. i enjoy playing guitar and video games.,"hey do you like john grisham ?
the writer ? not really a reader . i am into playing guitar and video games .
i really enjoy his movies , but his books . i play guitar too !
we have something in common ! i am big on beef , are you ?
my girlfriend says she is going to dump me for not eating meat
haha . i am also in a loving relationship . imagine that !
i also hate pants so she says that everyday . what do you do ?
i work for myself . i do all sorts of job on the internet from home .
my parents used to be senators but then they wanted to be good people
i do not live with my parents anymore . just my dog donald .
i do not live with them they left politics and downgraded so i had to move out
poor thing . just like my dog . he is having behavioral problems .
haha i am having behavioral problems ? you sound like my girlfriend
maybe she is prescient after all !
maybe . . . i just like to play guitar all day
knock yourself out then . free country .
","The user, who enjoys playing guitar and video games, expresses a lack of interest in reading John Grisham's books despite enjoying his movies. They share a love for beef and mention their girlfriend's frustration over their meat-eating habits, humorously noting that she might dump them for it. The user also shares that they work from home on various internet jobs and live with their dog, Donald, who has behavioral issues. They reflect on their parents' departure from politics and joke about having behavioral problems themselves, while ultimately expressing a carefree attitude about their interests."
 i work as a receptionist at a lawyer s office. i secretly love watching wwe wrestling. i get my nails done every saturday. my family owns a grocery store. i daydream about cafes in paris.,"hi how you doing i am fine and you ?
i am doing great sitting at the saloon getting my nails done .
it is so late but that is cool i bet they look nice .
they do . . . i am a focal point at the company .
i can respond very great with convincing birds to call me i have a parrot .
my , you still have that parrot ? we had one at our family grocery store .
yes that is cool i can not see to great my eyesight is not good .
do you wear glasses ? i wear mine at the law firm as a magnet tool .
no but i am going to see the eye doctor and get some glasses .
great ! do you still watch wwe westling ? i do on saturday mornings .
nope i love sewing my own clothes my outfits are unique and flawless .
they are runway ready ! wow , flashback cafes in paris .
but it is okay if you like wrestling . that is cool .
secretly i do . what are you sewing now ?
","The conversation features a receptionist at a lawyer's office who enjoys getting her nails done every Saturday and secretly loves watching WWE wrestling. She shares that she has a parrot and discusses her poor eyesight, mentioning plans to get glasses. While her conversation partner expresses a passion for sewing unique outfits, the receptionist daydreams about cafes in Paris, highlighting her creative and whimsical side."
 i live in a small city. i like gardening. my children are mostly grown. i have a cat named felix and a small terrer names emmy. i like to cook.,"hi , i was once a nurse . how are you ?
i am well how are you doing ?
well ! i am enjoying painting outdoors .
my cat likes painting outside
what are your hobbies ? i enjoy arm wrestling and making bagels .
i garden sometimes and go for walks
that sounds like a lovely cat . i love to garden .
yea since my kids are all grown
at least you have a cat to keep you company though
sure in my small city life
city life is not quiet as small as small town country life .
felix is what i call my cat
that is an adorable name and reminds me of the cartoon .
yeah we are old haha
i am relatively young and still loved that cartoon .
well that is very cool
","The user, who lives in a small city and enjoys gardening, shares that they have a cat named Felix and a small terrier named Emmy. They engage in a conversation about hobbies, mentioning their enjoyment of gardening and walking, while the other person talks about painting outdoors and arm wrestling. The user reflects on their life with grown children and appreciates having a pet for company, noting the differences between city and small-town life. They bond over shared interests and reminisce about childhood cartoons."
 i have an older brother. i dyed my hair pink. i love my girlfriend. i live in the city. i work in a bookstore.,"hi , i am a strong married woman .
that is good , but i am faithful to my girlfriend .
also good , in my line of work i travel a great deal , what do you do ?
i work as a seller of books in a big city .
i work in the art field and love doing projects in museums . do you have any hobbies ?
not really . i just like to dye my hair pink and eat bacon .
i have no kids yet but want them , how about you ?
someday . my older brother has a few kids .
what kind of books do you sell ? i love history and romance novels .
i sell all kinds of books . i love the ones about bacon the most .
bacon is my favorite breakfast meat , steak for dinner .
i like my steak well done , but i am trying to branch out to medium well .
medium well for me , rare for my husband . i fry a mean chicken also .
my girlfriend loves chicken . we can get good chicken here in the city .
what city ? i live in a small town where everybody knows your name .
cheers to that . i live in cincinnati .
","The user, who works in a bookstore in Cincinnati, expresses loyalty to their girlfriend and shares a lighthearted conversation about personal interests and food preferences. They mention their older brother has children and that they enjoy dyeing their hair pink and eating bacon. The user engages with a strong married woman who works in the art field and discusses hobbies, revealing a mutual appreciation for different types of meat and a love for books, particularly those about bacon."
 i am a college student. my dad is a dentist and my mom is a teacher. my major is in business administration. i ve been in a relationship for 2 years.,"oh what are the haps my friend ?
hi , how are you ? i am great ! i am studying for school .
i have too many cats for school so i work for ups
i am studying business . i love kitties .
what else do you do ? anything ?
my parents are big academics . i did not have a choice in the matter .
haha poor you . i am an academic and we are very funny folks .
in my free time , i date my boyfriend of two years .
would you date me ? i am a lady .
yes , my mother is a english teacher . dad pulls teeth all day .
high status professions ! lucky you
i am a true one person gal ! i only date my boyfriend .
that is very noble ! good for you . do you like honda ?
my mom had one for 12 years . the car lasts forever .
good i have a new one but i worry about my budget if it breaks
hondas rarely break . if you are worried , get an extended warranty
","The conversation features a college student majoring in business administration who is studying for school and has been in a relationship for two years. They discuss their family background, mentioning their dad is a dentist and their mom is an English teacher, emphasizing the academic influence in their life. The student expresses a love for cats and shares concerns about budgeting for car repairs, specifically regarding their new Honda, while receiving reassurance about the car's reliability and advice on getting an extended warranty."
 i love chocolate. i do yoga every morning. i drink coffee every day. i have a twin sister. i am a teacher.,"hello how are you ?
i am great ! energized from my daily caffeine . how are you ?
i am great my wife just made spaghetti .
that sounds delicious . is spaghetti your favorite food ? mine is chocolate .
yes that is my favorite with coffee as a drink .
i love coffee too ! i have to have a cup each morning before work .
coffee makes me a joyful individual , also drawing .
i love art too ! i teach art for a living , actually !
i love to paint and draw , that is great .
do you work out ? i like to start each day with yoga !
i work out sometimes .
that is cool . i do my yoga with my twin !
","The user, a teacher who loves chocolate and practices yoga every morning, engages in a friendly conversation about food and hobbies. They express their enjoyment of coffee, which energizes them daily, and share a passion for art, specifically painting and drawing. The user mentions their twin sister, with whom they practice yoga, while discussing their favorite foods, highlighting a shared love for spaghetti and coffee."
 i like to work with acrylics. i am in art school. i aspire to paint murals. my favorite class is painting. i have blonde hair.,"hi young fella ! how are you ?
my hobbies are working with acrylics , i am fine
ah ! i like to work in my garden
i am in school for art , i really want paint murals for a living
i also like art ! i create a lot of it
so i guess i could say my favorite subject is class painting
as i am getting old , i prefer cross stitching
what do you look like , i have blue eyes and blonde hair
i have white hair , i also have a pizza sushi in my mouth ! my favorite
how old are you ? i am 45
i like to say i am at the golden age !
i really like sushi and tacos are really tasty
sushi ! i love it ! pizza too , as i said
i am going to italy soon to visit some art galleries
i would love to go !
maybe i will eat some authentic pizza while in italy
","The user, a young art student with blonde hair and blue eyes, enjoys working with acrylics and aspires to paint murals professionally. They express a passion for art, particularly in their favorite class, painting. In a light-hearted conversation, they interact with an older individual who enjoys gardening and cross-stitching, while sharing a mutual love for sushi and pizza. The user mentions an upcoming trip to Italy to visit art galleries, expressing excitement about the possibility of enjoying authentic pizza there."
 i love dogs and cats. i have a lot of friends. i am ten years old. my dad works at the mill and my mom is a teacher.,"hello , how are you doing today ?
i am doing good , i have lots of friends !
that is great ! i do not have many , but that is okay .
how old are you ? i am 10
i am 31 . my son is also 10 ! do you like video games ?
no , i do not play them much , but i like cats and dogs a lot
i have two dogs . do you have any pets ?
my dad said he would get me one when he does enough work at the mill .
does your dad work a lot ? i make beautiful cakes for a living .
that sounds yummy . yes , and mom is my teacher at school
very nice . do you like school ?
yes , all my friends are there . what do you like
i love to work . i own a small bakery with my wife .
that sounds like it smells good .
","A ten-year-old user expresses happiness about having many friends and shares a love for cats and dogs. They mention their dad works at a mill and their mom is a teacher. In a conversation with a 31-year-old, they discuss pets, with the user hoping to get one soon. The adult shares their profession as a baker, which the user finds appealing, and they both express enjoyment of their respective environments, with the user particularly fond of school due to their friends."
 i hate the feeling of chalk. i have a black and white cat named cow. my favorite coffee is french vanilla. i am a gymnast.,"hiya ! boy am i tired i just ran a marathon !
i did the stairmaster an the elliptical today
that can be fun especially if you watch foreign flicks on netflix
i like to stretch an do flips seeing i do gymnastics .
that would make me hungry but i will only eat at home
really ? i need to go back to that , have any pets ?
no but might get a service dog to help with my social anxiety
i have a cat she is fat lol i named her cow
there is a cat at my family appliance store i do not want to inherit
like coffee ? i do french vanilla is so bomb
love french vanilla . my fav
we must grab some 1 day , i hate when i feel all dry ?
uh you should drink water
you right , the sauna makes me feel chalky
","The user, who dislikes the feeling of chalk and is a gymnast, shares their exhaustion after running a marathon and doing cardio workouts. They enjoy stretching and flipping due to their gymnastics background. The conversation touches on pets, with the user mentioning their overweight black and white cat named Cow, while also considering getting a service dog for social anxiety. They bond over their mutual love for French vanilla coffee and discuss the importance of staying hydrated, especially after sauna sessions that leave the user feeling chalky."
 my father died when i was 2. i have blue eyes. i love fishing. my favorite season is spring.,"hi there i am a huge animal fan , do you have animals
hi ! ! i love animals . my eyes are blue , my dad died when i was 2 .
oh no , my father is alive and used to work for ge .
nice ! do you like to fish ? i love to fish , during the summer .
i really like all animals , i aspire to become a singer so animals will follow me .
that is awesome ! ! i hope you do well if that is what you want to do .
it is but for right now i really like to play tennis .
that seems fun , i walk 5 days a week , 2 3 hours
cool , maybe i can come sometime ?
you can ! ! it would be fun ! !
i think so too , when would be a good time ?
next week ? would that be good ?
i think my karate lessons start next week . . .
well we can plan something because i go in the mornings to early afternoons
ok awesome then because i have late classes .
i understand , we can go and that . i hope it all works out .
","The conversation features a user who shares personal details, including their blue eyes and the loss of their father at a young age. They express a love for animals and fishing, particularly in the summer, while also mentioning an aspiration to become a singer. The other participant, whose father is alive, discusses their own interests in tennis and walking. They plan to meet up for a walk, considering their respective schedules, and express hope that their plans will work out."
 i dye my hair blonde. i am an only child. i have 3 cats. i like going to foreign countries.,"hi , how are you doing , please tell me more about yourself !
hi . i am good . taking care of my cats . you ?
i am doing great as well . do you have any other animals or any kids ?
nope just the 3 cats . how about you ?
yes , i have a dog , but no kids
how about any other family ?
yes , i was married three times before , but they are all ex wives now , you ?
nope . . . i am an only child and mostly just hang with friends .
that is cool . are you into cars ? i have three ferrari parked in my garage .
wow , pretty neat . i am not that in to cars . i save for travel
yes , i used to be an actor , however i retired , did not like it
that must have been an exciting life
","The user, an only child who dyes their hair blonde and has three cats, is currently taking care of their pets and enjoys saving for travel rather than being interested in cars. They engage in a conversation with someone who has a dog and has been married three times. The user expresses admiration for the other person's three Ferraris but clarifies their focus on travel instead of cars. The conversation touches on the other person's past as a retired actor, which the user finds intriguing."
 i enjoy reading. i work in the emergency room. i am a nurse. my favorite drink is dr pepper.,"hi , are you single , dating , in a committed relationship or married ?
reading books is my favourite pastime
i love to read and do yoga . do you do yoga ?
i have a job in the e . r . department at a hospital
i have a job working for the newspaper .
i have a career as a doctor assistant
whats your favorite color ? mine is grey .
for a beverage i prefer dr pepper
do you have a passion ? mine is writing .
my passion is reading novels
are you in love with someone ?
nursing is what i do for a career
my career is working for the newspaper .
i like consuming dr pepper
","The user, a nurse who works in the emergency room, enjoys reading novels and considers it their favorite pastime. They also practice yoga and have a passion for writing. Their favorite color is grey, and they prefer Dr Pepper as their beverage of choice. The conversation touches on their career in nursing and contrasts it with another person's job in the newspaper industry."
 i love art. i have a severe anxiety disorder. i am currently pregnant with my second child. my husband in an engineer.,"hey whats going on ? hows your day so far ?
hi , my day is going good ! how are you ?
tired . lol i wor as a nurse in the er
wow , that is so cool you are a nurse !
yes ! lol i enjoy it but its exhausting . you have any hobbies ?
i enjoy painting with watercolors . what about you ?
i am a huge reader . i am re gently divorced to so lots of time lol
i have time too . i am a stay at home mom .
well that is a job in itself . i am actually reading and drinking dr pepperlol
nice . thanks . my second child is on the way .
uh oh ! congrats that is awesome !
thank you ! we are very happy . the daddy is an engineer .
well at least you know youre set financially haha
haha yes , so i can be a mom ! i am very proud of my husband .
that is good . i am glad to hear it
thanks . i especially like being a mom , since i have anxiety issues in high stress work .
","The conversation features a stay-at-home mom who loves painting with watercolors and is currently pregnant with her second child. She expresses pride in her engineer husband and discusses her struggles with severe anxiety, which makes her appreciate her role as a mother, especially compared to her friend who works as a nurse in the ER and finds it exhausting. The friend, recently divorced, enjoys reading and finds humor in their different life situations. The exchange highlights their supportive friendship and shared experiences as mothers."
 i live in a rural community. i work at amazon. i have two kids. i love robotics.,"let us talk a bit , how are you ?
hi how are you today
do you like to gamble ? i was a casino owner at one time .
i do not do you
i love the nightlife and i can have lots of money
yeah that sounds great really
do you like music ? what type ?
i enjoy rock music then
i love pearl jam as my favorite group
do you like robots then
i find them very interesting , i wonder when the first cooking one will come out
there is one that makes eggs already
i love egg , and anything breakfast .
nice i am an amazon employee
","The user, who lives in a rural community and works at Amazon, engages in a light conversation about personal interests. They express disinterest in gambling despite the other person’s past as a casino owner. The user enjoys rock music, particularly Pearl Jam, and shares their fascination with robotics, specifically wondering about the development of cooking robots. They also mention their love for breakfast foods, particularly eggs."
" my favorite basketball team is the vancouver grizzlies. i am an avid runner. i live in canada , near ontario. i run marathons twice a year , mostly in america.","hi , there ! i am just sitting here eating my fav thing pasta . hows you ?
hi ! i m good . i just got home from my daily run and am relaxing now .
relaxation good . preferably with a good book . especially fiction .
reading is great . i also like watching basketball to unwind . do you like sports ?
no . between work and school i usually do not have time .
what are you studying in school ?
hospital administration . i go to a small community college .
nice , that s impressive ! and where are you working currently ?
a local hospital . clerical position for now . i am 20 , so i have got growth potential .
good for you ! do you live in the u . s . ?
yes i do ! i hope to help shape the future of the health care industry .
that s a very admirable goal i live near ontario but i visit america regularly
","The user, an avid runner and fan of the Vancouver Grizzlies, shares that they just returned from a daily run and are relaxing. They express an appreciation for reading, particularly fiction, and mention their interest in basketball. The conversation partner, a 20-year-old studying hospital administration at a community college and working in a clerical position at a local hospital, discusses their busy schedule with work and school, which leaves little time for sports. The user notes they live near Ontario and frequently visit America, highlighting their connection to both countries."
 my dad works at the mill and my mom is a teacher. i have a lot of friends. i love dogs and cats. i am ten years old. i live in a house.,"hi how are you doing ?
great , just chilling with my pets . i have a cat and dog , how about you ?
nice . no pets right now . i think life is too fast paced for that currently
i am only ten years old so that is not a problem for me .
nice ! are the pets your own ?
yes , mine and my moms and dads . my mom is a school teacher .
oh that is an important job . does she get much free time ?
she has some free time , more than my dad , he works at a mill .
oh yes that makes sense . what do you do for fun ?
i go to the mall with my friends , i have loads , its fun . how about you ?
i like fast paced stuff . driving race cars . . . i want to go sky diving .
cool , i have to mow the yard at my house today , no fun !
aw , chores . i have this problem lying to get out of stuff
i don lie , its bad when you get caught .
yeah but i tend to do whatever i need to in order to move forward
i guess if it works for you that is ok . do you have many friends ?
","The conversation features a ten-year-old user who enjoys spending time with their pets, a cat and a dog, and shares that their mom is a teacher and their dad works at a mill. The user has many friends and enjoys going to the mall with them. They discuss the differences in their lifestyles, with the other person expressing a preference for fast-paced activities like racing and skydiving. The user mentions having to mow the yard as a chore and reflects on honesty, stating they don't lie to avoid responsibilities. The conversation highlights the user's youthful perspective and their close family ties."
 i am pursuing my law degree. i am the youngest of 3. i love reading mysteries in my free time. i love playing tennis.,"hi . i have tons of friends . will you be my friend ?
i do not believe in committing that quickly , but i would like to get to know you
okay . do you have pets ? i love dogs and kitties . i am nine .
i do love kittens . when i was your age i had a black and white kitten
aw really ? my parents wo not let me have one , but i am always lonely .
are you parents in the room with you ?
no . my dad is at the mill , and my mom is tutoring . she is a teacher .
is there a grown up with you ? i would like to meet them too !
no i am alone . my house is big . so i am safe .
i bet your mum would love to see how we get to talk to each other
nope . she is too busy . my dad is too . all my friends are online .
tell me more about your friends
they are all over the world . but they all talk to me .
i would love to meet them ! can you tell me how make friends like you ?
just be nice , and friendly . oh and know when to listen .
how do you do that online ?
","The user, a law student and the youngest of three, engages in a conversation with a nine-year-old who expresses loneliness and a love for pets. The child asks to be friends, but the user prefers to take their time getting to know them. The child shares that their parents are busy, leaving them alone in a big house, and mentions having friends online from around the world. The user offers advice on making friends by being nice and knowing when to listen, while also expressing interest in meeting the child's friends."
 i wake early to watch the sun rise every day. sometimes i think i should get out and exercise more. i work 60 hours a week. i love sunsets. i eat breakfast then go right back to bed.,"hey how are you today ?
not bad got up to watch the sunrise today
i sometimes watch the sunset with my dogs , i love them .
i wish i had a dog but i work too much to take care of one
i do not work , just read mostly , and play with my dogs .
that is not bad if you can afford it i am thinking of joining a gym
i enjoy going to the gym as well , hitting on all the girls there .
haha that is one reason to go i guess
i will get them my favorite flower , a lily for their troubles .
i am excited to see the sunset tonight its so pretty
where are you going to watch it ?
at home through my apartment window
you forgot to invite me over , i will bring my dog .
i am not sure if my building allows pets i would have to ask
please do , i could bring some books for us tor ead as well .
i have not read a book in a very long time i am always so busy
","The user, who wakes early to watch sunrises and enjoys sunsets, shared that they sometimes watch the sunset with their dogs but lamented not having one due to their demanding 60-hour work week. They expressed interest in joining a gym, while the other person, who does not work and spends time reading and playing with dogs, suggested bringing books over to watch the sunset together. The user noted they haven't read in a long time due to their busy schedule and mentioned needing to check if their apartment allows pets before inviting the other person over."
 i like rock music. i like basketball. i work at mcdonalds. my name is gerald.,"how are you doing today ?
i am doing great . how are you ?
just peachy i just got my new laptop in . i love technology
i am not too great with technology . i am more in to basketball .
i have never been athletic . i am more into making websites and reading news
that is cool . do you listen to rock music ?
i listen to it while i try and play the stockmarket
i do not know anything about the stockmarket .
it is very hard you have to know when to buy and sell .
are you good at it ?
sadly i am not . i just want to make easy money
it does not sound like easy money to me .
i have found the easiest money is making websites for people
i have wanted to learn how to do that . working at mcdonalds sucks .
i like to make websites that allow me to read the news
sounds like fun . do you make good money ?
","Gerald, who enjoys rock music and basketball, is having a conversation with someone who recently got a new laptop and is into technology and website creation. While Gerald admits he struggles with technology and finds working at McDonald's unfulfilling, he expresses interest in learning website development. The other person shares their experience with the stock market, mentioning it's challenging and not a reliable way to make easy money, while Gerald believes creating websites could be a better option for earning."
" i own a black suburban. i spend a lot of time driving my kids to sports events. i drink a lot of apple martinis when i get a girls night out. i am a member of four book clubs , the pta , and two bunch groups. i still dream about going to paris and designing clothes.","hello , how are you doing today ?
i am doing great thanks ! how are you ?
i am doing well . i just finished playing some video games with my sone
good to hear ! sounds like fun !
yeah ! he is a straight a student . do you have any children ?
clever boy then ! yes , i have two who are big into sports .
ery cool ! my son and i are not into sports much , but we like to work out
cool ! so what are your hobbies ?
person i have a pretty tone body and a collection of video games . what are your hobbies ?
i am a bookworm and a member of numerous book clubs !
neat , what genres do you like to read
mostly fiction , but i do enjoy reading biographies too .
oh , what type of people , such as political figures , do you like to read about ?
i like to read about fashions designers .
","The conversation features two parents discussing their children and hobbies. One participant, who has a son excelling in school and enjoys video games, inquires about the other's children, who are heavily involved in sports. The second participant, a bookworm with a toned physique, shares her passion for reading, particularly fiction and biographies, expressing an interest in fashion designers."
" i ve been to canada two times my entire life. my uncle use to work on fish boats in florida. my father use to drive a taxi cab in the 1970 s. i was once on the local news , and not for anything illegal.","hello , how are you today ?
i am pretty bored today , being nostalgic .
i hear you ! maybe i will go out to a bar tonight .
do you want to talk about my life ?
sure i would . what kind of things do you do for fun ?
i like to travel . i have been up north to toronto twice .
i have never been to canada , but now that i am no longer working , maybe !
what did you do for work ?
i was in a recording studio . but now i focus on a healthy lifestyle .
i was on the news once .
that is so cool ! do you like to go to the gym ?
it was not for anything bad , it was for national ice cream day .
i made avocado ice cream yesterday , really !
i have not ever had that . i wonder if it sucks
","The user expresses nostalgia and boredom, mentioning they've traveled to Canada twice and have family ties to the fishing and taxi industries. They share that they were once featured on local news for a positive reason related to National Ice Cream Day. The conversation touches on their past work in a recording studio and current focus on a healthy lifestyle, including making avocado ice cream, which the other person has never tried."
 i speak english and spanish fluently. i am from germany. i like listening to blues music. my favorite artist was prince. i am mixed with puerto rica and chinese.,"hello ! how are you today ?
hello , listening to prince and working out , you ?
i am at work tutoring . i do not have any clients at the moment .
what subject are you tutoring in ?
math and english mostly , what do you do ?
i do a little of everything , mainly translation . i speak german and spanish .
i took latin in high school but forgot most of it .
i am puerto rica and chinese , born in germany . languages are my thing .
but you do not speak chinese ?
its a difficult language to learn . especially when you moved to the caribbean as a child
that sounds fun . i have never lived anywhere besides the us east coast
were you impacted by the hurricane ?
luckily no . i am up in virginia . were you ?
no , i was in cali for a action .
oh wow , it was nice to meet you !
you too , have a wonderful day .
","The user, a bilingual individual from Germany with Puerto Rican and Chinese heritage, engages in a light conversation with another person. They discuss their current activities, with the user listening to Prince while working out, and the other person tutoring math and English. The user shares their language skills, mentioning their fluency in German and Spanish, and reflects on their experience with Latin. They briefly touch on their childhood in the Caribbean and the impact of hurricanes, revealing they are currently in Virginia. The conversation concludes with a friendly exchange and well wishes."
 i have brown eyes. my favorite color is purple. i have a pet lizard named gila. i am an only child. i really love plants.,"hows it going today ?
fabulous . do you have a pet ?
that is nice . no , no i do not . i cannot stand them !
well i am not into typical pets . i have a lizard named gila .
does gila shed ? i bet she does . i bet !
she does . and its kinda freaky !
freaky . i have allergies and take pills to survive . gila will not help me survive !
are you allergic to plants ? i love plants !
i probably am . . . i wish i potentially was not ! i wish i could be . . . more normal ?
well being a normal child has not helped me to find whats normal either !
i take it that you might be . . . weird ?
i meant to say only child . auto correct is my nemesis !
oh . phew . i am so glad i am talking to somebody normal . do you drive ?
yes . a big purple creeper van .
do you give rides to people who hate driving such as myself ? ?
only if you like candy !
","The user, who has brown eyes, loves the color purple, and owns a pet lizard named Gila, is having a fabulous day. They express a strong dislike for typical pets and share that Gila sheds, which they find a bit freaky. The user mentions having allergies and takes medication for them, speculating they might also be allergic to plants, which they love. They clarify a misunderstanding about being an only child, humorously noting that autocorrect is their nemesis. The conversation reveals the user's quirky personality, as they drive a big purple van and offer rides only to those who enjoy candy."
 i just graduated from high school. i m on my way to uc santa cruz where i was accepted. i will study computer science. i like playing games online. i m a vegetarian.,"i love my lunches . my mommy makes them for me when i have picnics .
that is so sweet , do you eat meat ? i only eat vegetables !
no ! what little girl likes vegetables ?
how old are you ! i graduated high school not too long ago .
four . my bed is made for princesses !
do you play any online games ? !
no . i like to play outside with my dolls .
my sister would love to meet you sometime she is 5 !
does she like playing in the sun like i do ?
of course we live in california so it is always sunny
oh . does your daddy bring her flowers home ? mine does for me .
our dad does of course , you should study computer science when you are older !
maybe i will . my eyes and hair are both brown . are hers brown ?
hers are blue , is that okay ?
","The conversation features a recent high school graduate who is excited about attending UC Santa Cruz to study computer science. They express a fondness for their lunches made by their mom and share that they are a vegetarian. The user engages with a young girl who enjoys playing outside with dolls and has a sister who is also interested in outdoor activities. The user encourages the girl to consider studying computer science in the future, while discussing family dynamics, such as receiving flowers from their dad. The conversation is light-hearted and playful, highlighting the user's friendly and supportive persona."
 my mom is my best friend. i believe that mermaids are real. i love iced tea. i have four sisters.,"hey , how are you doing today ?
i am great . drinking some iced tea , which i love .
that sounds great . i cannot even make iced tea , i am such a lowly cook .
that is too bad . it just takes practice . my mom taught me to cok .
that is awesome . i am ovo vegetarian , so its hard to find restaurants .
i will bet ! my youngest sister i have four is a vegetarian .
neat . what do you do on your days off ? i like to sleep in .
believe it or not , i study mermaids .
that is fascinating . tell me all about them .
mermaids are real . most people do not know that .
i would have thought they were not real , but you have convinced me !
yeah , the evidence is overwhelming when you really look .
that makes sense to my mind . i wonder how long they have been here .
probably longer than us . i wish one of my four sisters was a mermaid !
","The user, who has a close relationship with their mom and four sisters, shares their enjoyment of iced tea and discusses their cooking skills, revealing that their mom taught them to cook. They mention being an ovo vegetarian and express the challenges of finding suitable restaurants. The conversation takes a whimsical turn as the user shares their belief in the existence of mermaids, convincing the other person of their reality and speculating on how long mermaids have existed, humorously wishing one of their sisters could be a mermaid."
" i play jazz piano in a band. i like to go hiking on the weekends. i can speak arabic , english , and french. my family is from algeria. i am a barista.","veterinarian is my occupation , how about you ?
i work at starbucks but i play piano in a jazz band in the evenings
though my husband makes a lot as a lawyer
that is awesome do you have any other hobbies ?
flowers is what i love
what is your favorite flower
my 2 kids love our dogs too , 3 dogs
are you even reading what i am typing
hawaiian flowers , very tropical flowers
what part of the country do you live in ?
i am reading your chat
i live in new york but i am originally for algeria
california is where i am from
i have never been to the west coast
come visit here if you re free
is it warm there ? i hate the cold lol
","The user, a jazz pianist and barista from Algeria living in New York, engages in a conversation with a veterinarian about their occupations and hobbies. They mention their evening performances in a jazz band and express a dislike for cold weather, while the veterinarian shares their love for flowers and mentions having two kids and three dogs. The user shows interest in visiting California, where the veterinarian is from, and discusses their shared experiences and preferences."
 i love the band van halen. i want to be a doctor. i play dungeons and dragons. i like going to canada.,"hello how are you today
i am fine i guess
do you like to travel
all day long every day
i travel all the time for work .
really , how is that ?
i run my parents travel agency
how much fun is that ?
i love it . have you ever left the country
can i get a ticket to canada ?
you can but jamaica is one of the best places to go
i would love to go there
i go a lot since it is my favorite . what do you do for a living
i dance for a living
that sounds fun . what kind of dancing do you do
on tables on the weekends
","The user, who loves Van Halen, aspires to be a doctor, enjoys playing Dungeons and Dragons, and has a fondness for traveling to Canada, engages in a conversation about travel. They express a strong interest in traveling frequently for work, as they run their parents' travel agency. The conversation touches on their desire to visit Canada and the suggestion of Jamaica as a great travel destination. Additionally, they learn that the other person dances for a living, specifically on tables during weekends."
 my dad is a veteran. i listen to all kinds of music. my favorite color is green. i like to play tennis. i love watching funny movies.,"hello , how are you doing today ?
i am well , thanks ! you ? whatsyour favorite color ?
good to hear ! my favorite color is purple ! what is yours ?
green ! any shade of green , in fact . whats your favorite music ?
that was my favorite when i was little . i love all types of music really ! you ?
same here . it depends on what i am doing . i have an eclectic ipod library .
awesome . so what do you do for a living ?
i run a charity for injured veterans in my dads memory . you ?
oh wow that is amazing . i work for a video game company and design games .
that is really cool . how long have you been doing that ?
for about 5 years . eventually i want to startup my own company .
that is ambitious . i am working on a tennis tournament to raise funds .
","The conversation features a user who enjoys a variety of music and has a favorite color of green. They express interest in tennis and mention their father's status as a veteran, highlighting their involvement in running a charity for injured veterans in his memory. The other participant shares their favorite color as purple and works in video game design, aspiring to start their own company. The user also mentions organizing a tennis tournament to raise funds, showcasing their commitment to charitable efforts."
 i am leaving for college in three months. my favorite band is muse. i am vegan. i work at walmart as a stocker.,"hi , how are you ? please tell me about yourself !
i am doing okay . just anxious !
oh , sorry to hear that . what is the problem ?
ok , so i am about to start college . i am not sure what to expect !
oh cool , what is your major ? maybe i can help you .
i have not picked one yet . but i am good with people and i like learning new ideas .
maybe some type of business degree or management would be good !
that sounds like a good idea ! i am a walmart stocker after all and understand business
currently , i am unemployed , living off of a trust fund . i have a degree in business .
wow , good for you trust fund babies are lucky . do you enjoy music ?
yes , i do and i really love drinking wine while listening . . lol !
your tastes seem refined . i love listening to muse really helps me unwind after walmart !
yes , definitely ! a good pedicure always helps me to unwind as well .
oh , that sounds so amazing ! that and a side of fruits and regis would be delicious !
yes , for sure . do you like dogs by any chance ?
dogs are cool . do you have one and if so what breed ?
","The user, who is anxious about starting college in three months and has not yet chosen a major, works as a stocker at Walmart and enjoys listening to Muse to unwind. They engage in a conversation with someone who has a business degree and lives off a trust fund, discussing their mutual love for music and refined tastes, including wine and pedicures. The user expresses a preference for vegan foods and mentions enjoying fruits, while also showing interest in dogs, asking if the other person has one."
 i love to shop on weekends. i am a woman who wears a size 12. i have never been on a cruise ship. i am planning a trip to europe. i go to dance lessons with my boyfriend.,"i have an iphone 7 . i like it .
cool . weekend shopping is my passion . too bad i am size 12
that is not too big actually .
want to take a cruise to europe . . . but i have never been in a cruise ship
i would like to do that too but could not eat any sea food on there . i am allergic .
everyone makes fun of me for my size 12 because i am a female
that is mean and i am sorry .
i take dance with my boyfriend and we both tip over my huge feet
i have big feet myself .
you do not mind a woman with big feet ?
i am one so why would i ?
are you interested in women
not romantically . i am straight .
i am too . but maybe we would understand each other
perhaps . that would be good .
lets go shopping in europe together
","The user, a woman who enjoys weekend shopping and wears a size 12, expresses her interest in taking a cruise to Europe despite never having been on one. She shares her experiences with dance lessons alongside her boyfriend, humorously mentioning her large feet. The conversation touches on the challenges of body image, as she faces teasing about her size, which the other person empathizes with. They bond over their shared experiences and suggest the idea of shopping together in Europe."
 connor mcgreggor is my favorite fighter. i like watching ufc fights. i enjoy travel. i work in a factory.,"i work more hours per week than should be legal and now i cant stop eating .
stress can be a bummer like that , so i like ufc to unwind .
me too but i never have time to watch it . always work , work , work
but what can you do ? maybe leave it all behind ?
maybe but i think a corvette would make it all better
yes , i could go far in a corvette . i would travel the world .
i work too much to travel but my life would be complete then
i hate working at a factory .
i just want a cool corvette to escape all this work temporarily
the work laws are terrible . we are factory farmed humans .
all this work makes me hungry but no free time for exercise
i wish i could exercise like ufc fighters .
it will take me a while to get in shape like those guys
me too . i will never be fit as connor .
","The user expresses frustration about working excessive hours in a factory, leading to stress and unhealthy eating habits. They find solace in watching UFC fights, particularly admiring Connor McGregor, but lament their lack of time to enjoy it. The user dreams of escaping their routine with a Corvette to travel the world, feeling that their life would be complete if they could do so. They also wish they had the time and ability to exercise like UFC fighters, acknowledging that achieving such fitness seems out of reach for them."
 i love horses. i collect seashells. i am a yoga instructor. i have a son. i have two chiuahuahs.,"hello there , do you have any plans for the weekend ?
hey there how are you ? i do i have 2 classes today to instruct .
what subjects do you teach ?
yoga , i think i am going to take my pets today .
oh animals are my favorite tell me about your pets ?
2 chiuahuahs , libby an billy . you got any ?
i do . a big rescue mutt named lucy
cool , i wanted to go to the beach an grab seashells but irma no no
you are not in the path of danger i hope ?
no not anymore , i had to move my horses too it was very stressful
i bet . i am lucky to be a bit far north for hurricanes
yes me also , i thank god for my sons helping me out .
","The user, a yoga instructor who loves horses and collects seashells, shares their weekend plans, which include teaching two yoga classes and taking their two Chihuahuas, Libby and Billy, out. They express a desire to go to the beach for seashells but mention concerns about Hurricane Irma, although they are no longer in danger. The user also reflects on the stress of moving their horses during the hurricane and expresses gratitude for their son's help, noting that they are fortunate to be further north and safer from hurricanes."
" i am a huge buffalo bills fan , and our family has season tickets. i grew up in syracuse , ny with my parents and brother. i am currently studying at union college and want to be an english teacher. i d also like to study abroad in spain. that way , after graduating , i can teach english there for a year or two.","i do arts and crafts and draw a lot . do you have any fun hobbies ?
nice ! i like watching the buffalo bills play
i juggle it all while watching movies and being mom to my 5 kids
wow ! i do not have any kids i am still in school
football is too controversial now . i would rather listen to music
very nice , i am studying to be an english teacher
4 of my 5 kids are in school . it gives me free time for crafts and drawing
i bet ! where are you from ?
from ga . where our english teachers , well they are not so great
i am from syracuse , ny . but want to study abroad in espana
i liked music class better because i like all kinds of music
cool ! i am hoping to teach english in spain
oh i would love to go there if i had time for it .
you should ! it is great
","The user, a Buffalo Bills fan from Syracuse, NY, currently studying to become an English teacher at Union College, enjoys arts and crafts and drawing. They engage in a conversation with a parent from Georgia, who juggles family life while expressing a preference for music over football due to its controversies. The user shares their aspiration to study abroad in Spain and teach English there, while the parent expresses a desire to visit Spain if time permits."
 i am the youngest of 4 children. i lost my arm in a car accident. i am a farmer. i graduated from college.,"hi there . how are you tonight ?
i am alright , how are you ?
i am good . studying for class monday .
what are you studying ? i actually finished college this last year .
i am going for business administration .
that sounds like a lot of work . i tend to a farm , personally .
are you in a relationship ?
no , but i keep busy hanging out with my 3 siblings . are you ?
i have been dating this girl , luis , for a few months .
that is interesting . where did you meet ?
we met at school . we both drive mustangs .
awesome ! i am a little afraid of cars , as i lost my arm in an accident .
oh , then i would be too .
at least i still have my humor though , haha . do you have any siblings ?
i have an older sister .
are you the youngest ? i am .
","The user, the youngest of four siblings and a college graduate, engages in a light-hearted conversation about their lives. They mention tending to a farm and express a cautious attitude towards cars due to losing an arm in an accident. The other person shares that they are studying business administration and dating someone they met at school. The user maintains a sense of humor despite their past experiences and confirms their status as the youngest sibling."
 both of my parents are in the military. my girlfriend lives in salt lake city. i have 2 beagles named chance and boomer. i am a pilot.,"hi there , how is your night ? wanna hear something cool ? . .
i am good , sure why not
i am part of the facebook team . i helped develop it !
that is pretty cool information
yep , i make a lot of money , but donate a lot of it and time to charity .
that is very kind of you , wish i had time to do that
maybe you should think about becoming a computer programmer too ?
i love my job . i fly airplanes so it has perks
that is a cool job ! we both got lucky . you have any pets ?
nope i am not home enough to care for them . you ?
yeah 2 pitt bulls . my babies
chance and boomer were my dogs i had as a young boy
i get to spoil them with my 200 , 000 pay check !
hey you make a great living
thank you ! i did not mean to show off . haha
it is ok , i make good money too plus i get to see the world
","The conversation features a user who is a pilot with two beagles named Chance and Boomer, discussing their night with another individual who claims to be part of the Facebook team and donates time and money to charity. The user expresses admiration for the other person's job and shares their own enjoyment of flying airplanes. They reminisce about their childhood pets while discussing their financial success, with both acknowledging their good fortunes in their respective careers. The user maintains a friendly tone, showing humility despite their high income."
 i like to fish. i love dogs. i love to cook. my dad was a carsalesman.,"hey there , where are you from ?
kansas . great fishing in kansas .
oh i bet . i am in new york city . i currently work on the famous wall street
awesome ! that is something i would like to learn about .
its not that interesting trust me lol any pets ? ?
i have three dogs !
that is awesome ! i have got a poodle . her name is nanette lol
cute name ! i take my dogs fishing with me .
that is so cool ! there is no fishing here . lol you like any music ?
of course , i listen to it while cooking !
that works . i love music . i especially have a love for smooth jazz
kansas city is known for jazz . why do say wall street is not interesting ?
its just nothing but money hungry schmucks . a lot of money and gree
my dad sold cars for a living . it was tough growing up .
that is a rough business
i want to learn investments , so i can live more comfortably .
","The user, who enjoys fishing, dogs, and cooking, is from Kansas and has three dogs, including a poodle named Nanette. They are conversing with someone from New York City who works on Wall Street, which the user finds uninteresting due to its focus on money. The user expresses a desire to learn about investments for a more comfortable life and mentions that Kansas City is known for jazz, which they enjoy listening to while cooking."
 i currently hold three jobs. i recently proposed to my girlfriend of three years. my dream job is a to become a baseball announcer. i watch south park at least once a day. my favorite band is avenged sevenfold.,"hi names jan and i am in mourning over my husband who died last year
hello , i am charlie . sorry to hear that . i am going to be marrying my girlfriend soon .
wow congrats , i am about 77 years old and its been quite lonely
thanks . how long were you married with him ? i have been with the girlfriend for three years .
58 years we have been married coming june will be 59 years
do you work ? i am a cashier , journalist , and dj . i want to become a baseball announcer .
my family and i get together every saturday . no i do not work
awesome . i like to watch south park daily . do you like tv ?
wow that sounds interesting , my addiction to black coffee is out of control .
coffee is good . i also like music like avenged sevenfold . what else do you like ?
do you have hobbies min is gardening
i consider music and tv my hobbies . what is your favorite thing to plant ?
well what kind of music do you like ?
rock music . i love rock music . do you have a favorite plant ?
","Charlie, who holds three jobs as a cashier, journalist, and DJ, recently proposed to his girlfriend of three years and dreams of becoming a baseball announcer. In a conversation with Jan, who is mourning her late husband of 58 years, Charlie expresses his love for watching South Park daily and listening to rock music, particularly Avenged Sevenfold. They discuss their hobbies, with Jan enjoying gardening and Charlie considering music and TV as his main interests."
 i like ford cars. i also like ford trucks. i own a ford truck. my truck is black. i have a ford f150.,"i am excited i am 25 moving to san diego in a couple months
that sounds great ! where do you live now ?
i work at a gas station it blows
i spend a lot of time at gas stations , because i love cars . ford cars !
i live in oregon its whack .
do you have a car ? i have a black ford f150 truck . i love it !
no my mommy was a dancer famous in london
wow , that is great ! have you done a lot of traveling ?
i like a band called rancid , love to travel
i like to travel too , but mostly road trips . gotta use that truck ! ll .
i have not gotten to do much this year
how come ? just work and stuff ?
ism sure you do ll
yep , i am all about the ford vehicles ! ford
i feel that i will be 26 in may
do you have any siblings ? any pets ?
","The user, a 25-year-old Ford enthusiast who owns a black Ford F150 truck, is excited about moving to San Diego from Oregon, where they currently work at a gas station. They express a love for cars, particularly Ford vehicles, and enjoy road trips, although they haven't traveled much this year due to work commitments. The conversation touches on the user's interest in the band Rancid and their family background, including a famous dancer mother."
 lady gaga is my current favorite singer. madonna is my all time favorite. i work in retail. i go to at least 10 concerts a year. i love music.,"i bet i am smarter than you are
oh , maybe ! why do you think that ?
how high is your iq ?
i have never taken a proper iq test . too busy with work !
that is pretty boring honestly .
maybe it is . my job is in retail which is pretty boring .
you are giving me terrible flashbacks .
ha ! what do you do for work ?
it is not funny . the flashbacks are of my parents deaths .
that is awful . how did they pass away ?
on a plane , in a crash .
i am so sorry . you must miss them terribly .
i do . i wish i could travel
i bet they would be proud of you if you traveled the world , huh ?
i think so , but i do not have the money
i know that feeling . i spend too much money on concerts .
","The user, who is a retail worker and a music enthusiast attending at least 10 concerts a year, engages in a conversation about intelligence and work, revealing that they have never taken an IQ test due to their busy schedule. The discussion takes a somber turn when the user shares their painful experience of losing their parents in a plane crash, expressing a desire to travel but feeling constrained by finances. They relate to the other person's financial struggles, noting they spend too much on concerts."
 i have two children. i sell clothing on facebook. my husband is a pastor. my hair is curly and dark. i do not like to clean house.,"hi , how are you today ?
i am fantastic . i just got my two kids to bed .
oh . i just got back from volunteering at the animal shelter .
rock on . i stay at home and sell clothes on facebook .
cool . are you religious ? i have not told my parents i am wiccan yet .
i am the wife of a pastor . spirituality is important in our home .
oh . i grew up in a un religious home .
god is always around , i hope he does not mind that i do not like cleaning .
haha . i do not either .
so do you think your parents will be ok with your decision ?
i am really not sure . i am worried to talk to them .
because of the lack of religion , or because of the basis of wicca ?
because of the basis of wicca .
although i do not agree with it , i have known good people that are wiccan .
","The user, a stay-at-home mom with two children and a husband who is a pastor, shares that she has just put her kids to bed and sells clothing on Facebook. She engages in a conversation about spirituality, revealing her strong religious background while discussing a friend's concerns about coming out as Wiccan to her parents. The user expresses understanding of different beliefs, mentioning her lack of interest in cleaning, which she humorously hopes is forgiven by God."
 i m going riding on my boat today. my favorite is rock fish. i live in cape hatteras. i am a fisherman. i love tuna.,"hello , how is going day ?
hello , good . how are you ?
am fine , i have stay with my mom
why , is she i will ? i am going on a boat fishing today ?
yes , i have married . you ?
no i am too busy at my fishing job .
ok , what is your hobbies
mainly just fishing and boating . i really like to eat fish like tuna
i have pregnant , are you married
congratulations ! no , i am not married . where do you live ?
am from nj , where do you live ?
do you know where cape hatteras is ? that is where i am .
my husband work as a engineer
oh , neat . my absolute favorite fish is rock fish .
","The user, a fisherman from Cape Hatteras, is excited about going boating and fishing today, expressing a particular fondness for rock fish and tuna. They engage in a friendly conversation, mentioning they are not married and are busy with their fishing job, while congratulating the other person on their pregnancy. The other participant shares that they live in New Jersey and that their husband works as an engineer."
 i walk three miles home every night. i work in fast food. i always wear something purple. my favorite mortal combat character is milena. i am looking for krav maga classes near my home.,"hi how are you doing ?
i am doing great , how are you ?
i am goog thanks for asking
i just finished my shift at mcdonald
what city are you located ?
evansville , indiana . have you ever heard of it ?
no sorry i have not
what is your favorite color ?
i would have to say green
mine is purple . almost every piece of clothing i own is some shade of purple .
what do you do for a living ?
i work at mcdonald . how about you ?
","The user, who walks three miles home every night and works at McDonald's in Evansville, Indiana, shares that they always wear purple and have a favorite Mortal Kombat character, Milena. They engage in a friendly conversation, discussing their well-being and favorite colors, revealing their strong preference for purple clothing."
 i like to work on cars. my favorite music genre is classic rock. i like to try different beers from various countries. i work in marketing for a large company.,"can i read some books to you ?
it depends on the length
short stories , for halloween
are those stories creepy or not ?
they are , horror ones , my favorite
sorry , i am not a big fan of horror stories . in fact , i am terrified .
oh , that is fine i guess . want to go to the lake ?
oh yes i would love to go to the lake .
my dogs will come also , is that okay too ?
i do not hate dogs but i will be more comfortable without them
oh , i guess they could stay at home .
thank you for your understanding
you are most welcome lovely .
what do you like to do on your spare time
","The user, who enjoys working on cars, classic rock music, and trying different beers, engages in a conversation about reading horror stories but expresses a dislike for them due to fear. They agree to go to the lake but prefer not to have dogs accompany them, leading to a mutual understanding. The conversation ends with a question about the user's spare time activities."
" i am a hippie. i have two tattoos. i drive a large , blue van. i love to recycle. i have curly , red hair.","how are you doing this fine day ?
hi . do you recycle too ?
i do recycle when i have the time
cool . are you busy most of the time ?
i have to study a lot since i am in college
i can pick up your recycling with my big van .
as long as you do not see my dog you will be fine
does he not like red heads with curly hair ?
socks is very temperamental when it comes to new people
no worries . i love dogs . i love everyone . peace !
with your love does that involve dancing ?
yes . i have two dancers tattooed on my ankle .
i do not have any i want some
they hurt but are so groovy .
","The user, a free-spirited hippie with curly red hair and two tattoos, engages in a lighthearted conversation about recycling and college life. They offer to pick up the other person's recycling with their large blue van while discussing their temperamental dog, Socks. The user expresses a love for dogs and everyone, promoting peace and dancing, and shares that they have dancer tattoos on their ankle, encouraging the other person to consider getting tattoos despite the pain."
 i like to chat with my friends. i like to go to the movies. i like to read books that are in a series. i love to go out to eat with my family. i like to take drives in the country.,"hello , would you forgive your friends if they destroyed your new car ?
probably , but it would take some time for sure . do you like harry potter ?
to a certain extent i do like him but not very much
the movies are okay , but the books are so much better .
my dad is a die hard for him too
that is awesome ! it is hit or miss i suppose .
every weekend he has to watch a movie for harry potter
that is funny . my dad and i usually go out to eat out every weekend .
for us we dine out on birthdays or when mum and dad are happy
dining out is where my family and i usually bond with one another .
it is a sign that shows that our parents are happy
they typically are . eating and driving in the country makes my parents happy on weekends .
i will also do it when i grow up
i would highly recommend it !
will you also do it when you grow up ?
i already do ! i love driving in the country with them .
","The user discusses their willingness to forgive friends for damaging their car, expressing a moderate interest in Harry Potter, preferring the books over the movies. They share that their dad is a big fan, watching Harry Potter movies weekly. The user enjoys dining out with their family, especially on special occasions, as it strengthens their bond. They note that their parents find happiness in eating out and taking drives in the country, activities they plan to continue enjoying in the future."
" i used to cheerlead in high school. i live in celebration , florida. i am a lifestyle blogger. i am married and have 2 kids.","hello , how are you today ?
great ! how are you ?
good how is your weather ?
gorgeous ! a few weeks ago , not so much .
it is nice out , i plan on being outside later .
getting out there , that is what life is all about !
totally agree . what is your favorite color ?
i am pretty into pastels , and the glitter trend ! how about you ?
i love everything that is colored pink . i dyed my cat pink .
that could be the next trend , who knows !
what is your favorite food ?
i like to experience all kinds of cuisine , when the kids are with a sitter !
like some oysters ? i really like pasta , especially with seafood in it .
seafood , for sure . always trying to squeeze in more omegas !
","The conversation features a cheerful lifestyle blogger from Celebration, Florida, who used to cheerlead in high school and is married with two kids. She shares her enjoyment of gorgeous weather and plans to spend time outdoors. The exchange reveals her fondness for pastels and glitter, while her conversation partner expresses a love for pink, even humorously mentioning dyeing their cat. They discuss their culinary preferences, with the blogger enjoying diverse cuisines when her kids are with a sitter, and both expressing a love for seafood."
 my parents are still married. we live in a rural area. i am a woman. i have several children.,"hey there , how are you today ?
hi , i am doing very well ! you ?
oh i am doing well . do you have any hobbies ?
i love to play soccer in the backyard with my kids , plus knitting
not bad , i just love cutting tress .
oh wow , that sounds like hard work
yeah , but being a lumberjack is my job
oh i see . do you cut down all types of trees ?
any type that my job requires
awesome . there are a few pesky elms in my area that i should get rid of
well i could manage that . what foods do you like ?
i am a meat and potatoes type of gal . you ?
pancakes with tons of syrup is my favorite , i eat a lot of it
that is yummy , my kids love them too
","The conversation features a woman living in a rural area with her parents still married and several children. She shares that she enjoys playing soccer with her kids and knitting, while the other person, a lumberjack, talks about his job of cutting down trees. They discuss their food preferences, with her favoring meat and potatoes and him loving pancakes with syrup, which her children also enjoy."
 i eat junk food. i do not have a job. i am a couch potato. i love comics.,"hello ! how are you today ?
i am great . how are you ?
fine ! i just got back in from playing basketball .
that is great exercise . may i will play . i just stopped eating junk food .
good for you ! i am athletic so junk food is off the table for me too !
i have been a couch potato . so i am trying to change .
not me ! i was drafted to minnesota wolves . i am going to make bank !
that is awesome . i do not have a job at the moment .
i will lend you some money . i am making 5 million a year !
i really comic books . maybe you can invest with me in a comic book store .
i can do that . i read comic books when i went to north carolina university
that is so exciting . i am glad you share my love of comics .
they keep me out of trouble . signed a moral clause with the wolves .
maybe i can workout with you . i am tired of being a couch potato .
","The conversation features a user who enjoys junk food, identifies as a couch potato, and loves comics, engaging with an athletic individual who plays basketball and has been drafted by the Minnesota Wolves. The user expresses a desire to change their lifestyle and stop being inactive, while also discussing their interest in comic books and proposing a potential investment in a comic book store. The athletic person offers to lend money due to their high earnings and suggests working out together to help the user become more active."
 i want to be a music teacher. my favorite color is red orange. my grandma raised me. i play the violin. i enjoy watching horror flicks.,"hey ! did you make your computer ? because i built mine !
no , i am actually a music teach . .
oh , also very cool and creative . i actually was a mechanic for about 6 years .
what do you mechanic on ? sometimes i watch scary movies
i worked on cars before i started building computers . and nice ! i like movies .
my favorite movie is called orange red . its also my favorite color
huh ! i have not seen it . i will add it to my list . do you collect anything ?
i usually collect lint . i put it in gestures and label them with the location
fascinating . i collect bugs ! i have so many jars filled with the little guys .
sometimes i also collect horror movies . tell me more about yourself
when i was little , i wanted to be in the military , but i found science .
thank god for science am i right ?
right ! i love learning about computers and creatures .
creatures are sweet . whats your favorite ?
","The user, a music teacher who plays the violin and enjoys horror movies, engaged in a conversation with someone who previously worked as a mechanic and now builds computers. They discussed their interests, including the user's favorite color, red orange, and a movie titled ""orange red."" The user humorously mentioned collecting lint, while the other person collects bugs. They also shared their childhood aspirations, with the user expressing gratitude for science, which led them to their current path."
 i love all of my beautiful children. my wife always puts a smile on my face. i tried to make it as an actor when i was younger. i look forward to retiring.,"hi there , getting a pedicure now . love the nail salon . how are you ?
i am good ! waiting for my wife to get home .
how long are you married ? i am single but have a son named owen .
twenty years , my wife makes me smile whenever i see her !
how sweet ? any pets ? i have a dog but cat hair makes me sneeze .
no pets , but three beautiful children whom i love ! what do you do ?
i mentor beauty contestants . i used to compete years ago in pageants .
nice ! i tried to be an actor many years ago , now i work .
work for what ? i used to work for a big company but it was stressful .
a big company , i really look forward to retirement !
same here , but it will be years before i can retire . any hobbies ?
just my family ! what about you ?
i draw and love makeup tutorials on internet .
you sound driven ! i am content with my life , are you ?
","The user, who cherishes their beautiful children and finds joy in their wife's presence, is currently getting a pedicure and waiting for their wife to return home. They have been married for twenty years and have a dog, although they are allergic to cat hair. The user used to pursue acting and now works, expressing a desire to retire soon. They enjoy family time and are content with their life, contrasting with the other person who is single, has a son named Owen, and mentors beauty contestants while reminiscing about their own pageant days."
 i have three children. i am named after my grandmother. my best friend lives down the street. i enjoy taking walks. i drive a honda civic.,"hi how are you doing today
great ! my name is lucy , after my grandmother . whats yours ?
i am katana i am a nursing student at odu
nice to meet you . do you have any children ?
no kids just a pet horse
i have three . we go for walks to my best friends house down the street .
that is nice that you can live that close to your best friend
yea , it is . so do you have to drive to campus ?
yeah i live with some of my band mates
what do you drive ? i have a honda civic . what kind of band ?
i have an old pickup truck i am a vocalist its an indie group
i love indie music . tell me more about you .
","Lucy, a mother of three named after her grandmother, enjoys walking to her best friend's house nearby. She converses with Katana, a nursing student living with bandmates, who has a pet horse and drives an old pickup truck. They bond over their love for indie music and share details about their lives, including Lucy's Honda Civic."
 my favorite band is the beastie boys. i love coffee with cream. i am a painter. i went to new york city once. i want to be a museum curator.,"hello ! i am penny and i enjoy surfing , and read on the beach
that is awesome ! i am alexandra and i love painting especially the beach .
that is so cool . yeah i love the beach . reading is my fave on the beach
do you ever listen to music while you read ? i love to listen to the beastie boys .
i do but hardly because i want to go back and surf . do you like animals ?
i like them but i am always travelling . i just went to new york city .
i love watching pandas on youtube .
i watch pandas on youtube too ! i love to drink coffee with cream while i watch .
did you see the baby panda sneezing and scared the mama bear ?
yes i watched that one three times because it was so funny .
it was so cute i laughed too .
i tried to paint a panda once . it is a lot harder than it looks .
yeah it can believe that .
when i am a museum curator i will have my paintings in a museum .
","Alexandra, a painter who loves the beach and aspires to be a museum curator, shares her enthusiasm for the Beastie Boys and coffee with cream. She connects with Penny, who enjoys surfing and reading at the beach, about their mutual love for pandas, particularly a funny video of a baby panda. Alexandra mentions her experience trying to paint a panda, noting its difficulty, and expresses her goal of showcasing her artwork in a museum one day."
 my favorite color is orange. i love gummy bears. i have a parakeet. i have 3 roommates. i am lactose intolerant.,"hello ! how are you this beautiful day ?
hey there ! not to bad , and yourself ?
its the off season , so i am enjoying the day and time . i am a pro ball player
that is awesome , how do you like it ?
i love to play , and its my security . what do you do ? . . for a living ?
currently a student but i work at a pet store part time . do you like animals ?
i did have a dog growing up . yeah . i still miss that dog .
with three roommates it is too crazy for a dog lol but i have a little parakeet
that is cute . where do you go to school ? i graduated from william mary
i am at university of michigan right now
whats your major ? you work at a pet store . are you interested in being a vet ?
i am actually thinking about becoming an art teacher
","The user, a student at the University of Michigan who works part-time at a pet store, enjoys their off-season while chatting with a professional ball player. They express a fondness for animals, reminiscing about a dog they had growing up, and currently own a parakeet. Despite living with three roommates, they are considering a career as an art teacher rather than pursuing veterinary studies. The user shares personal details, including their favorite color being orange and a love for gummy bears, while also noting their lactose intolerance."
 i like to draw. my mother is a teacher. i am one of four siblings. i live in an apartment.,"lets get to know each other
of course . my name is jim . i have 3 other brothers . what about you ?
i am tammy . i have no brothers or sisters , but i did just get engaged
congratulations . i also draw animated pictures for cartoons . i
that is very cool . i do not draw but i do dance
i cant dance but i will learn once i get my new home
i have been taking dance since i was very little .
you can dance well by now . my mother taught me how to p lay the piano .
how artistic . i am looking for a musician to play at my wedding in paris
wow . how much is the pay ? help me get out of my apartment .
we are paying 2000 but we will not cover travel
well . that would be helpful but the travel expenses are a killer .
we are going to hire locally i guess
yes that sounds about right . my mom teaches music
i do not suppose she lives in paris ?
i wish cause that is where i would be . i need me a vacation .
","Tammy and Jim engage in a friendly conversation where they share personal details about their lives. Tammy, who recently got engaged, has no siblings and expresses her desire for a vacation in Paris, where she is looking for a musician for her wedding. Jim, who has three brothers, enjoys drawing animated pictures and mentions his mother's role as a music teacher. They discuss their artistic pursuits, with Jim expressing a wish to learn dancing in the future, while Tammy shares her extensive dance background. They also touch on the challenges of travel expenses for the wedding musician."
 i work at a coffee shop. my sister and i are in a grunge band. i have an eyebrown piercing. both of my parents are teachers.,"president trump here . how goes it my fellow american ?
hello president . i am on break , i work in a coffee shop .
when i want a cup of coffee , i just go in and buy the shop .
must be nice ! my parents are teachers , we do not have your kind of money .
when i used to own casinos , my parents lost all their money gambling .
i am in a grunge band with my sister , that is how we make extra money .
i have created millions of jobs since january . you need to get a real one .
i cannot get a real one since i have an eyebrow piercing .
there is an easy solution to that . take it out !
why did i not think of that ? lol . i am actually a teacher , with no piercing .
i am a single father and small town minister p
i want to live in a small town . i am in houston .
hopefully , no one you know fell victim the the hurricane .
we were fortunate ! thank you !
that is great to hear . there have been too many tragedies and so much turmoil lately .
i know ! let us continue to pray .
","The user, who works at a coffee shop and is in a grunge band with their sister, engages in a light-hearted conversation with someone impersonating President Trump. They discuss financial struggles, with the user mentioning their parents are teachers and the challenges of having an eyebrow piercing when seeking employment. The conversation touches on job creation, personal experiences, and the impact of recent hurricanes, with the user expressing gratitude for their family's safety. The tone remains friendly and supportive, emphasizing the importance of prayer amidst turmoil."
 i have a cat named charlie. i just bought new hoop earrings. i am an artist. i love nighttime. my favorite food is pizza.,"hello . i am private bryan .
hello ! how are you doing today
good thanks . i am home on leave from the army . you ?
that is great ! i just got new earrings today !
my name is charlie . what kind of earrings ?
hoop earrings , what is crazy is i have a cat named charlie .
me too actually ! i also just got hoop earrings .
how weird , do you like draw ?
i am an artist . i want to make my own earrings .
lol i am an artist too ! but i love pizza so i think i will make art with food
i also love pizza ! i love to eat it at night .
lol night is also my fave , i always go to bed late
me too . i am always up super late .
i know , it is so hard to be on time
","The conversation features two individuals, both named Charlie, who bond over their shared interests. One is a private in the army on leave, while the other is an artist who recently purchased hoop earrings. They both express a love for pizza and late nights, with the artist mentioning a desire to create earrings and art with food. Their mutual interests in art and pets, particularly cats, create a friendly and relatable exchange."
" i recently moved to sweden. i enjoy hiking on glaciers. marduk is my favorite band. lutefisk is the best dish in the whole world. i always seem to be losing things , most recently , my mind.","hello , how are you ?
i am great ! currently looking for my glasses .
that is awesome ! what do you do for fun ?
well i love hiking glaciers . i just moved to sweden for ir
that is all great ! !
yea it is . i am about to eat some lutefisk . ever had it ?
no , i never have . i do try to eat healthy though . is that healthy ?
yep its the best dish in the world . so tasty and healthy
that is awesome ! healthy is good for me !
marduk is having a concert this week . are you going ?
no , i am not . are you ?
yes i am . it should be great . i am going to lose my mind
","The user, who recently moved to Sweden, is in high spirits despite searching for their glasses. They enjoy hiking glaciers and are about to eat lutefisk, which they consider the best dish in the world. They express enthusiasm for healthy eating and mention an upcoming concert by their favorite band, Marduk, indicating excitement but also a humorous sense of losing their mind amidst it all."
 i love to play league of legends. i occasionally go for walks down by the park. i love dogs. i am a professional gamer. i am currently single but i am ready to mingle.,"hi how ar you today
i am good how are you ?
i am pretty good . do you have pets ?
no , but i really want a dog because i love them
i have a lizard guess their name
is their name yoshi ? like in mario
nope . its ragini like in harry potter
oh cool . my brain just automatically goes to video games
that is alright . do you live with your mom ?
no i live by myself
i have to take care of mine
oh whats wrong with her ?
","The user, a professional gamer who loves League of Legends and dogs, engaged in a light conversation about pets, expressing their desire for a dog. They learned that the other person has a lizard named Ragini, which sparked a discussion about video games. The user lives independently, while the other person takes care of their mother, leading to a brief inquiry about her well-being."
 i am an artist. i just bought new hoop earrings. i have a cat named charlie. my favorite food is pizza. i love nighttime.,"i have a cat and i love mexican tacos
cool cool . i like to work on art and i too have a cat
folk metal is like an art and watching movies is my thing .
cool cool . my cat is named charlie . and i live the vamp life haha
i love your life but i talk when sleeping are you ok with that ?
yea sure . i am thinking about ordering pizza . super hungry
that is a good idea you will order ?
maybe some dominoes with human meat
oh no are you a cannibal ?
yea sometimes i like to kidnap kids and eat them
are you sure what do they taste like ?
its similar to pork when you get the meat nice and right .
do you need to boil them for long hours ?
i glaze the meat with some butter and set it in the oven for a bit
what is your specialty do you like them spicy ?
oh yea i love it spicy . i got some hoop earrings from one body today
","The user, an artist who enjoys nighttime and has a cat named Charlie, engages in a light-hearted conversation about food, particularly pizza and tacos. They humorously discuss cannibalism, joking about cooking and seasoning, while also mentioning their new hoop earrings. The conversation reflects the user's playful persona and love for art and quirky topics."
 i enjoy reading. i am a nurse. i work in the emergency room. my favorite drink is dr pepper. i am divorced.,"hi how are you doing
i am okay . just on my break from my nursing job , reading a book
that is nice i do not have a job
i have held down the same e . r job for 10 years , even throughout my divorce .
wow are you a doctor
the only dr i am is a dr . pepper . . girl that is . my favorite drink .
haha whats your job in the er
nurse . i bet its nice not having a job huh ?
it is i like to go swimming during the day
i wish i could swim in a giant dr . pepper filled swimming pool
i like it too its so good
it sure helped me get through my tough long divorce
yeah i bet do you like tacos
yes , i love eating yummy tacos . . . yum
ugh i hate them they are so gross
anything mexican i love . tacos , burritos , you name it
","The user, a nurse with a decade of experience in the emergency room, is currently on a break and enjoying reading. They humorously refer to themselves as ""Dr. Pepper"" due to their favorite drink, which they credit for helping them through their divorce. They express a fondness for tacos and other Mexican food, while the other person in the conversation dislikes tacos and enjoys swimming during the day."
 i am colorblind. i am currently trying to open my own grocery store. i have a college degree in marketing. i am still living at home at age 30. i am a volunteer firefighter.,"how are you ? i am eating pizza , my favorite .
hello how are you doing ?
i like baking and cooking food .
i volunteer as a firefighter at my local firehouse
we do not have many fires near me . i grew up near the ocean .
i have an associates degree on marketing .
i have a bachelors degree in psychology .
i am 30 years old and live with my parents .
yikes ! i moved away when i was 20 . i have been traveling ever since , i love it .
i have issues seeing colors .
they sell special glasses for people who are color blind .
i am in the process of trying to buy a supermarket .
wow ! that is great ! i love grocery shopping !
what are your hobbies that you enjoy ?
i already mentioned them . but i like to spend time with my family and dogs .
i love spending time with my family also .
","The user, a 30-year-old colorblind individual living at home, is passionate about baking, cooking, and spending time with family and dogs. They hold an associate's degree in marketing and a bachelor's degree in psychology, and they volunteer as a firefighter, although there are few fires in their area. Currently, they are working on opening their own grocery store, which aligns with their love for grocery shopping. They express interest in special glasses designed for colorblind individuals and share a sense of connection with others who have moved away from home."
 i work 60 hours a week. i eat breakfast then go right back to bed. sometimes i think i should get out and exercise more. i love sunsets.,"hey , how is your night going ?
hi i am okay thank you you sound good .
i am . so how about we get to know each other ?
sure i like sitting watching the sunsets do you ?
i do they are really pretty overseas . have you ever been ?
no i wished i eat breakfast and go back to sleep .
you do not like you life ?
yes i do sweetie i am disabled and still try to work .
i am disabled too . i do civil war reenactments to pass the time .
so we are both disabled what is your favorite food ?
how disabled are you ? i love mexican food . what about you ?
i like eating pizza and i cook great pasta and sauce .
is all you cook is pasta ?
no i love some meats and some fish and salads .
i really like salads but lately i am finding it hard to find good ones .
i just use lettuce tomato cucumbers and dressing .
","The conversation revolves around two individuals connecting over their shared experiences of disability and their love for food and sunsets. One user works 60 hours a week, enjoys watching sunsets, and has a routine of eating breakfast before going back to bed. They express contentment with their life despite their challenges. The other user participates in civil war reenactments and shares a passion for cooking, particularly pasta and salads. They discuss their favorite foods, with one favoring Mexican cuisine and the other expressing difficulty in finding good salads lately."
 i like to visit national parks. i play the violin. i met my husband when i was a freshman in college. i am nurse. i am married with 5 kids.,"hello , how are you this evening ?
hi , good just got off work as a nurse .
oh , great i am on the new job search myself
and i just made dinner for my five kids and my husband .
wow , i just lost my job as a farm hand in kansas where i live
i have been married for 18 years , i met him in college freshman year .
wow , my wife left me , last month our farm got foreclosed on so she gone
that is sad , are you looking for a new one ?
new wife or farm ? i will just set around and watch reality tv shows
wow , that is really super sad , are you ok ?
no , i just want to move somewhere warmer so i can be happy
i like reality tv as well , like youtube .
that is nice you are good listener , i could teach you to farm
i want to visit more national parks , it is on my bucket list .
","The user, a nurse and mother of five who enjoys visiting national parks and plays the violin, engages in a conversation with someone who recently lost their job as a farm hand and is dealing with personal issues, including a recent divorce. The user expresses sympathy for his situation and shares her own experience of being married for 18 years, having met her husband in college. They bond over their mutual interest in reality TV, while the user mentions her desire to explore national parks as part of her bucket list."
" i work in a circus as a juggler. i like going to the moives. my father and grandfather also worked in the circus. i am on a keto diet. i have 2 dogs , both golden retrievers.","hi there , how are you ?
hi i am doing great how are you
i am good . busy planning my trip to europe
that sounds fun what part will you be visiting
milan and paris because i love shopping on the weekends !
those are beautiful places to visit . i love going to the movie theater
i love going to dance lessons with my boyfriend , keeping active
that is cool he goes with you . i mainly have my dogs to hang out with
we have dogs too , only reasons we will never go on a cruise ship
i have golden retrievers what kind do you have
a big great dane . makes me feel teeny though i have a womanly figure of size 12
they are very big dogs . what do you do for a living
i do not work , i just play !
i am in the family business , a juggler at the circus
wow . you should come to our dance class and mix in some juggling
that would be fun .
","The user, a juggler working in the family circus, is busy planning a trip to Europe, specifically Milan and Paris, for shopping. They enjoy going to the movies and have two golden retrievers, which they prefer to hang out with over going on a cruise. The conversation partner has a Great Dane and doesn't work, stating they just play. The user suggests mixing juggling into their dance classes, highlighting their active lifestyle."
 i am going bald. i hate flowers. i play the piano. i make my own clothes. i ran into jimmy fallon just the other day.,"wow i can not believe it is this late . been playing halo .
i am up making clothes
you must be a sewer . my mom sews .
i sew yes , what kind of hobbies do you have
i stay very active . reading is also my passion . how about you ?
playing the piano and going to music shows
where do you work ? i write articles for a gaming magazine .
i am a student at asu
bet you stay busy studying . do you make clothes for yourself ?
yes mostly i made some for others
that is nice . are you taking fashion classes ?
no i am studying public relations
i see . i have to get going soon . up for work at 6 am .
i understand i have to get up early for class
nice getting to know you . good luck in all your classes .
nice meeting you are you leaving
","The user, who is going bald, dislikes flowers, plays the piano, and makes their own clothes, engaged in a conversation about hobbies and work. They mentioned staying active and enjoying reading, while the other person shared their passion for music and their job writing for a gaming magazine. The user is a student at ASU studying public relations and primarily makes clothes for themselves and occasionally for others. The conversation concluded with both acknowledging their early morning commitments and wishing each other well."
 i love kids and dogs. i am a foodie. i love to chat with my friends. i like to cook.,"hi ! how was your weekend ?
great ! spent time with my kiddos , doggies , and ate good food !
awesome ! french fries were all i ate this weekend . did you have any ?
no french fries this weekend . i love poutine , ever tried it ?
i never heard of it . what is that like ?
hmm , its basically gravy with fries . you gotta try it !
i am not good at math and bought too many french fries
are you student ? math is overrated , what i tell my kiddos ! teachers hate me !
yes a poor student eating french fries
enjoy your time being a student ! i still chat with my college friends
i hope i keep in contact with mine . we went shopping this weekend
that sounds fun ! find anything good ?
a sweater for the fall season
smart ! i like to wear burgundy in fall . covers up food spills !
that is a very pretty color . seems to be in too
look at me being stylish ! better tell my kiddos ! mommas got class lol
","The user, who loves kids, dogs, and food, had a great weekend spending time with their children and pets while enjoying good food. They discussed their weekend experiences, including a friend's exclusive consumption of French fries and the user's love for poutine, which they encouraged the friend to try. The conversation revealed the user's humorous take on being a poor student struggling with math and their ongoing connection with college friends. They also shared a recent shopping trip where they bought a fall sweater in burgundy, a color they like for its ability to hide food spills, playfully noting their stylishness to their kids."
 playing quake on slackware linux makes me happy. i have three dogs and two cats. i live in chicago. i like to use a lot of exclamation marks when i type. both my moms tell me they love me when i call them.,"hi ! its nice to meet you !
hello ! is you day going well ?
it is going well ! i was hanging out with my animals today . how about you ?
what kind of animals ?
all animals ! i love animals . do you have any hobbies ?
i like to play quake .
quake ? is that a game ?
yes . it is a computer game . do you play games ?
no , but i used to act !
wow ! ! ! ! ! ! that is so cool ! !
yeah , i loved it ! where do you work ?
i work for an online seller . what about you ?
i do not work as an actress anymore but i love what i do !
cool ! ! ! ! do you have kids ?
i do not have kids . do you ?
no . i do not have a family other than my two moms .
","The user, who enjoys playing Quake on Slackware Linux and has a deep love for animals, shares a cheerful conversation with another person. They discuss their day, hobbies, and backgrounds, revealing that the user has three dogs and two cats, while the other person used to act but now works for an online seller. The user expresses excitement with frequent exclamation marks and mentions their two moms, who express their love during calls."
 i am not very good at playing basketball. i do not really like vegetables or fruit but i pretend. i once rescued a baby on a highway. i like playing badminton. my family owns a dairy farm.,"hello how are you today ?
hello to you too ! i am well thank you
that is good , i am mad because i got kicked off the buss today
gee . . . i hate it when such a thing happens to me too what was the reason ?
i refused to ride it
wait a second . if you refused to be on it how did they kick you off ?
i got on the bus and stood in the door way refusing to ride
lol . . . i have to admit that this is quite hilarious
lol thanks for listening to me
living in the city and dealing with buses is awful
i know , that is why i try to enjoy the little things
me too . i prefer the simplicity of country life though .
really , that is kind of boring .
not at all ! my father owns a dairy farm and everyday is an adventure here .
i cant work more then 4 days in a row , not sure how you can
well sure enough i would prefer playing badminton than work , but it is not so bad .
","The user, who dislikes vegetables and fruit but pretends to like them, shares their frustration about being kicked off a bus after standing in the doorway and refusing to ride. They find humor in the situation and express a preference for the simplicity of country life, contrasting it with the challenges of city living. The user mentions their family's dairy farm, describing daily life there as adventurous, while also admitting they would rather play badminton than work."
 i work in a craft store. i like alternative rock. i own a hearse. i love to crochet. halloween is my favorite holiday.,"hello . i am at home now listening to music .
i drive my own hearse on halloween it is my favorite holiday
wow . i really do not like to drive very much , but that sounds kind of fun .
when i drop off the kids to get candy i listen to alternative rock
alternative rock really is not my thing . i like the backstreet boys .
do you have any hobbies because i am an employee at a craft store
what is your favorite craft ? i do not have many hobbies .
i buy alot of yarn because i am into the art of crochet
oh , i do like to go to cheese tasting events . what do you crochet ?
i like to turn up my rock and drive my hearse very fast
that is a little wild . i am still young but not that wild and crazy .
i crochet linings for insides of coffins
that sure is an interesting hobby . havarti is my favorite cheese .
i am not young i am 78 , but still feel like i am 25
","The user, who works at a craft store and is passionate about crochet, shares their love for Halloween and driving their hearse, especially while listening to alternative rock. They mention that they crochet linings for coffins, showcasing their unique interests. In contrast, the other person prefers the Backstreet Boys and enjoys cheese tasting events, expressing a more conventional lifestyle. Despite being 78, the user feels youthful and adventurous."
 i love sunny days. i do not like feeling obligated to hang out with someone. i love winning. coffee is important to me. i can tell right away if i am going to like someone.,"i just got done working out and i am relaxing . how about you ?
trying to spin this date for someone more fun lol gotta win
oh , what is that ? i am not sure i know what you are talking about ?
ll , i am off of alot of coffee . sorry . i can tell this will be interesting
i just sat down to eat something healthy after working out and carrots sounded really good . . . lol
i loved today it was beautiful an sunny !
yes , i am in the midwest and we are having some early fall weather , love it
me too ! i am worried about florida
i have some friends heading out of harms way of irma
my dad wo not leave its annoying . i am in the midwest too . i made a bet
oh no . i would be so scared to stay . whats your bet ?
that his tail will come back home lol i cant lose
i am praying for those involved . so sad
yes me too ! especially those that cannot afford to leave
","The user enjoys sunny days and values winning, as reflected in their light-hearted approach to a date and a bet regarding their dad's pet. They recently worked out and are now relaxing with healthy food, specifically carrots, while discussing the beautiful early fall weather in the Midwest. The conversation also touches on concerns about Hurricane Irma, with the user expressing empathy for those affected and frustration over their dad's refusal to evacuate. Coffee is mentioned as important to them, and they anticipate an interesting interaction with the other person."
 i work at an accounting firm. i am adopted. i am an only child. i do not believe in love.,"hello , i just got back from swimming so hot today !
nice ! i am at work , i am a cpa in a big firm
that is awful having to work on sunday ! do you like it ?
yes ! in my spare time i am trying to find my biological parents
my mom is greek ! i hope you can find your parents .
i love my adopting ones , wish they had adopted more than myself .
are you an only child then ? its cool knowing your biological history too though .
yeah , maybe that is why i cannot be in a loving relationship .
i hope you can find them ! i am indian and greek .
cool ! i do not know , that is why i am a workaholic , not time to think .
that is a good distraction . i swim to distract myself .
i like going to the gym .
","The user, a CPA at a large accounting firm, shares that they just returned from swimming on a hot day and expresses their dislike for working on Sundays. They are currently trying to find their biological parents, revealing that they are adopted and an only child, which they feel may contribute to their inability to engage in loving relationships. They appreciate their adoptive parents and wish they had siblings. The conversation also touches on their workaholic tendencies as a distraction, while the other person shares their own background and coping mechanisms, such as swimming and going to the gym."
 i like skateboarding. i have blonde hair. i am in high school. my favorite food is pizza. i am a female.,"how are you doing today ?
i am good . tired from school today . how are you ?
trying to keep warm its been raining all day .
yes i noticed . rainy days suck . it messes up my long blonde hair too .
yes i agree . i only like the rain so i can sleep in some days .
that would be nice if i did not have to get up early to go to high school .
i totally understand . i am not a morning person myself .
so do you have any hobbies like mine is skateboarding . i am not a tomboy though .
yes my hobbies are writing poetry , fishing , bike riding , etc .
nice ! you must be really smart and educated too .
yes i am very smart and educated
must be plus for employment . i work at a pizza shop glad because i love pizza
what are your favorite tv shows ?
i like the 70s show . i know its old .
pizza is one of my favorite foods
its really delicious is not it ! i like all kinds of pizza .
","The conversation features a high school female who enjoys skateboarding and has blonde hair. She shares that she's feeling tired from school and dislikes rainy days, as they affect her hair. The other participant, who enjoys writing poetry and other hobbies, agrees about the drawbacks of rain but appreciates the opportunity to sleep in. They discuss their interests, with the user expressing her love for pizza and working at a pizza shop, while also mentioning her favorite TV show, ""That '70s Show."" The exchange highlights their shared interests and the user's upbeat personality despite the challenges of school and weather."
 i enjoy video games. i have a boyfriend who lives in italy. my mom lives with me. my hair is very long.,"hello ! do you have a moment to listen to my story ?
yes am willing to listen to you
let me tell you , i have gone from bankrupt to rich in just a few short years .
that is amazing , how did you do it ?
i used to run a casino and got greedy .
what did you get greedy about and it has performed wonders
i wanted it all ! i became a minimalist and am now president .
you mean it is about saving a big part of your salary
it is indeed . live beneath your means .
i want it too but have somethings can not do with out
it is worth it to me . money is everything .
but it seems you live a lone and no family or relatives with you
that is true , i was a very selfish man for years .
so now did you change or you want to continue like that ?
i am ready to find someone now
okay that sounds good and fair
","The conversation revolves around a user sharing their remarkable journey from bankruptcy to wealth, attributing their success to a shift towards minimalism and living below their means after previously running a casino and succumbing to greed. The user expresses a desire for financial stability, acknowledging the challenges of letting go of certain comforts. They reflect on their past selfishness and indicate a readiness to find companionship, contrasting their previous solitary lifestyle."
 i m a lesbian. i don t treat my girlfriend very well. i like to cook breakfast on sundays. i love to sing.,"hello . how are you doing ?
good , getting ready for my gig tonight i am a singer and i love it !
what kind of music do you sing ?
rock . i usually do gigs on saturdays but a job is a job .
that sounds like a lot of fun .
it is . what do you do for work ?
i work at a boring desk .
that does not sound like much fun . do you have a signficant other ?
yes , she works in retail .
my girlfriend too . i should treat her better but i cook her breakfast every sunday .
you should take good care of your woman .
i know . being a woman too sometimes i am a little selfish . any hobbies ?
i like football a lot
football is fun , whats your favorite team ?
","The user, a lesbian singer who enjoys cooking breakfast for her girlfriend every Sunday, is preparing for a gig tonight where she performs rock music. She acknowledges that she doesn't treat her girlfriend as well as she should, admitting to being a bit selfish at times. In contrast, the other person works at a boring desk job and enjoys football, discussing their favorite team."
 my name is nick. i have lots of friends. i have red hair. i do not like music.,"i am watching the walking dead .
i am nick . yes , i hear it is out . on netflix ?
yes . i am currently binging that and reading the game of thrones books .
wow ! that is amazing . tons of friends love game of thrones as well
do you like to read ? i love it .
i do . i prefer reading than listening to music .
do you like harry potter ?
love harry potter . i am actually dying my hair back to black . it is red at the moment .
i love harry potter as well , they are my favorite books .
i just finished reading the blackwater lightship
what is that book about ?
an irish family going through issues with their son having aids . amazing book .
do you have any irish heritage
no , but my girlfriend does .
","Nick, who has red hair and prefers reading over music, is currently binging ""The Walking Dead"" on Netflix and reading the ""Game of Thrones"" books. He enjoys discussing literature, mentioning his love for ""Harry Potter"" and recently finishing ""The Blackwater Lightship,"" which explores an Irish family's struggles with their son's AIDS diagnosis. Although Nick doesn't have Irish heritage, his girlfriend does."
" i think canadian women are incredibly attractive. i can t get enough ginger snaps. sometimes , i like to relieve myself when on roses. i drive a prius. i like hiking up volcanoes.","hi , i have a father who was a member of the communist party
oh wow . that is interesting
yeah , do not know why . i am a party planner as a job .
cool ! that is a fun job
it is ! it is awesome thing to do . i also do stand up part time .
i really like canadian women
i like to go deep sea diving the bahamas
i like to swim while i drive
swimming is fun . do you go to the beach as well ?
sometimes i do . while i am asleep
huh . that is weird to hear on my end . lol
i think there are two of you . lol
is there ? i am not sure of that
i am talking to both of you
","The user expresses a fascination with Canadian women and enjoys ginger snaps, while also sharing that they have a father who was a member of the communist party. They work as a party planner and do stand-up comedy part-time. The conversation includes light-hearted banter about swimming while driving and the user's unique experiences, such as deep-sea diving in the Bahamas and occasionally going to the beach while asleep. The user humorously suggests there might be two people in the conversation, leading to a playful exchange."
 i like the group the rolling stones. i need a soda with me at all times. i have 3 kids. i married my high school sweetheart.,"hey you ! what did you get into today ?
not much hung out with my kids and listened to the rolling stones
awesome . great band . i am just watching some basketball replays
oh yeah ? i do not watch basketball
i am obsessed with it , to be honest . and other sports too
got any kids ? i have three
no i do not . thankfully or i would not be able to afford all my cars
i married my girlfriend from high school , are you married
that is so sweet ! no i am single
any vices ? i drink soda constantly , like seriously all the time
if anything , i love cars too much . but i am really healthy
healthy is good , sodas are not but they taste so good
they do . but i work out too hard to drink them
do you like anything other than sports ? i am a huge rolling stones fan
i love cars . especially ferraris . rolling stones is a great band
ferraris are cool , do you own any ? and of course the stones are great !
","The user, a devoted Rolling Stones fan and soda enthusiast, spent the day hanging out with their three kids. They shared that they are married to their high school sweetheart, while the other person is single and obsessed with basketball and cars. The user mentioned their constant soda consumption but balanced it with a commitment to working out, while the other person expressed a love for cars, particularly Ferraris."
 i once met a man i still believe was a vampire. i love hanging out with my friends. my favorite food is shrimp. my mom is a palm reader in new orleans.,"it is national shark bite day ! would you like to adopt a shark ?
oh no ! i am scared of sharks ! speaking of bites i know a vampire man
you know vampires really exist right ? but they no longer eat meat
oh ! i do not like that ! but i do like to hang out with my friends . you ?
most vampires today exist on super beets they are harmless
super beets are equivalent to blood ? i prefer shrimp ! its my favorite
lol when you dance with a vampire it is like floating on air because it is !
are there vampires in new orleans my mother is a palm reader there
new orleans vampires are not the veggie kind . . . they bite for real
oh god ! well my mom is a palm reader there in new orleans
i read a book about a vampire shark that terrorized a new orleans beach
oh gosh ! that is scary ! what else do you like ?
a vampire fell in the water . . . a shark bit him . . . the rest is history . . . as they say
lol that is too funny ! you should be a comedian
","The user, who has a playful persona and a fascination with vampires, expresses fear of sharks while discussing National Shark Bite Day. They mention knowing a vampire man and share that modern vampires prefer super beets over meat, which they find unappealing compared to their favorite food, shrimp. The conversation touches on the existence of vampires in New Orleans, where the user's mother is a palm reader, and includes a humorous anecdote about a vampire shark that terrorized a beach. The user enjoys hanging out with friends and is complimented on their comedic storytelling."
 i do not like vegetables. my favorite truck is a chevy drama. my favorite store is american eagle. i love to go running.,"hey there how are you ?
i am doing great and how about you ?
i am ok just dreading private school tomorrow . parents enrolled me
great . i just had what i hate for dinner vegetables i made a mistake
uh oh lol where are you from ?
i am from georgia and what about you ?
i am in ga as well . my parents came over from europe
great . do like to run we can go for it some day . i enjoy it
yea i like running . i prefer riding my motorcycle though lol
i see . what your favorite clothing shop ?
i would have to say hot topic or old navy
mine is american eagle . what about your favorite truck ?
","The user, who dislikes vegetables and enjoys running, is from Georgia and is dreading starting private school. They recently had a dinner they regretted due to vegetables. They share a common interest in running with the other person, although they prefer riding their motorcycle. The user’s favorite clothing store is American Eagle, while the other person likes Hot Topic or Old Navy. They also discuss their favorite trucks, with the user favoring Chevy."
 i like to draw. my favorite food is tacos. i am a vegan. i am studying literature. i am from france.,"hey there . do you exercise ?
bonjour my little friend . no not really , i do yoga before i draw
i stretch with yoga and cardio with hiking . i cannot draw .
i am on exchange from france , learned yoga in california school
nice ! you know in the beauty of the world fairytales live .
yes , vineyards and castles . good food but i m a vegan . you ?
i love animals so i do not eat them either .
you ever try a vegan taco ? i eat them all the time in berkeley
not a taco . but a thai peanut chicken bowl is my fave .
sounds good ! are you student ? i am in what you say , is literature
fake chicken of course . no i am a paralegal .
you do all the work for rich attorney then , yes ?
pretty much , i like it though .
that s good . people in us work very hard but don t get what we have in france
tell me about france please .
for one , big thing , people do not die or go broke because of being sick . us different
","The user, a vegan literature student from France, engages in a conversation about exercise, sharing that they practice yoga before drawing. They mention their love for vegan tacos, contrasting it with the other person's favorite dish, a Thai peanut chicken bowl. The other participant, a paralegal, expresses appreciation for their job, while the user reflects on the differences in healthcare between France and the U.S., emphasizing that in France, people don't suffer financially due to illness."
" i like to shop. my parents pay my rent. i graduated college and immediately went to graduate school. i am a vegetarian but i eat fish , especially sushi. i love my dog.","good morning ! how are you today ?
great ! working hard studying . in graduate school .
awesome ! what are you studying ? i am currently trying to get back in shape
i am going to be a doctor . my parents have been supportive paying my rent !
wow you are getting more out of life then i am . i just have hobbies
what hobbies do you have ?
i enjoy running and that allows me to eat a lot of protein
nice ! i like shopping , hanging with my precious dog , and eating sushi .
would you be interested in canning or whittling ?
sure ! i like learning new things !
that is great to hear ! maybe you can teach me about the different sushis
i would love to . i do not eat meat but try to make up for it with sushi .
","The user, a graduate student studying to become a doctor, shares that they are working hard in school while their parents support them by paying their rent. They express a love for shopping, spending time with their dog, and eating sushi, as they are a vegetarian who eats fish. The conversation partner mentions their hobbies, including running, which helps them maintain a protein-rich diet. The user shows interest in learning new things, such as canning or whittling, and offers to teach about different types of sushi."
 i can t stand pizza. i work at a school as an art teacher. i don t own a television. my girlfriend just broke up with me. i like to read.,"what do you like to do ?
i love art , i teach at a school
i love art too which is why i like museums so much .
i used to go to museums with my girlfriend
there are a lot of museums here in new york city , luckily .
yeah ! the museum of modern art is there right ?
yes ! my wife and i love going there with our family .
i have seen some cool stuff online about temporary installations
i just wrote an article about that recently !
really ? ! what is your work ?
i write for a living .
for what publication ? or what book ?
children stories , inspired by my nieces and nephews 10 of them !
wow , nice i love little kids , they are the best artists
yes , they love to visit us in nyc because there is so much to do .
i heard there is more than 25000 restaurants there
","The user, an art teacher who dislikes pizza and does not own a television, shares their passion for art and museums, particularly in New York City. They mention having visited museums with their recently ex-girlfriend and express admiration for temporary installations. The conversation partner, a writer of children's stories inspired by their ten nieces and nephews, discusses their family's love for visiting NYC. The user appreciates the vibrant art scene and the abundance of activities available in the city, including its many restaurants."
 i pray to god for my family every morning. spiders scare the life out of me. i have a condition that prevents me from going to high altitudes. i always put my left sock on first.,"how are you doing today
i am good . and god is good ! do you pray ?
i do pray especially before my atlantic
i pray every morning to stay safe . i am scared of lots . like spiders !
then when before i go fishing
do you fish near mountains ever ?
no not really i go to the lake
i do not go to mountains . i am not good with heights
for the address i playing games with them like
cool ! i play games in the morning . with my socks sometimes
my four daughters then do it to
with their socks ? i always put on my left first
so you like going to the mountains how do you like it
i do not like it . i have a condition sadly
so how do you deal with it do you take any medicines
i take several . they help a lot
","The user expresses a positive outlook, stating they are good and that ""God is good,"" and shares their daily routine of praying for their family's safety, especially before fishing trips. They reveal a fear of spiders and a condition that prevents them from going to high altitudes, which they manage with medication. The user mentions playing games in the morning, often with their four daughters, and notes a quirky habit of always putting on their left sock first."
" i use to be a huge superman fan as a child. i ve been cheated on by every ex girlfriend except for one. there s only been one set of twins in my family. my biggest fear in life is heights. i can make fart noises with my arm pits , even some musical melody s.","well another night at the singles bar looking for a new partner . how are you ?
i am great . have not been in a while , always pick up cheaters
my three dogs scare off the cheaters . lol
i love comics books . who is you favorite super hero ?
spiderman . he can climb tall buildings . he is an architect like me .
cool superman for me . i am afraid of heights ! what is your biggest fear ?
not being able to catch fish when i go fishing !
i am not a big fisherman .
my second biggest fear is not having one of my gourmet dinners turn out right .
chef and an architect ? any twins in your family ?
not a chef . just like to cook . no twins . you ?
one set of twins in my family . what is your favorite dish ?
i have a sibling who closely resembles me though . my fav dish is shepherds pie
cool . i make a mean lasagna .
also one of my favourites . i make a vegetarian version of it
any special talents or hobbies ?
","The user, a former Superman fan who has experienced infidelity in past relationships, is at a singles bar looking for a new partner. They express a fear of heights and share that they have one set of twins in their family. The conversation reveals a mutual interest in cooking, with the user enjoying making lasagna and shepherd's pie, while the other person has a fear of not catching fish while fishing. The user also humorously mentions their ability to make fart noises with their armpits."
 i am a 43 year old woman. i work as a freight truck driver. i have two full sleeves of tattoos. my hair is short and pink. i love to travel.,"hello
hi , lets get to know each other . what do you do ?
i am a mechanic , hbu ?
i am a freight truck driver . gotta keep my truck fixed and keep me on the road
hit me up if you need repairs
i sure will . where you located ?
cali
oh cool ! i love cali , i pass through there . got most of my tatoos there .
where are you from ?
i am from alabama , and i love to travel
that is kool
two full sleeves of tatoos , got them done in la
i have almost a full body suit . . . mostly japanese influenced
wow ! ! love to see ! ! how old are you , i am 43 yr old country gal
","The conversation is between a 43-year-old woman who works as a freight truck driver and a mechanic. She shares that she has two full sleeves of tattoos, mostly done in California, and expresses her love for travel. The mechanic, who has a nearly full body suit of Japanese-influenced tattoos, is located in California and shows interest in her tattoos. They both connect over their professions and tattoo experiences, with the woman identifying as a ""country gal"" from Alabama."
 i don t like pickles. i am writing a novel. my favorite tv show is rick and morty. i own an iphone. my favorite color is black.,"hi how are you , tell me something about yourself .
hi , i am currently working on my novel how about you ?
mom here , i have a autistic child , and teach high school , i love it .
amazing , what a rewarding life . what is your favorite color , mine is black ?
blue . i also have another child that is a newborn and thankfully is a good sleeper .
you got very lucky . do you have a favorite food i love strawberries hate pickles ?
i love pizza , any flavor . what is your novel about ?
not sure yet i want it to be like my favorite show rick and morty .
cool . do you hate all pickles ? there are some great tangy flavors available now .
yes all kinds , sorry my iphone is bring buggy .
i hate beets , they are tasteless red blobs in my book of no eats .
i am not really a fan of beets either .
my iphone acts up also . hate it when that happens .
yeah its so annoying . any hobbies ?
playing the drums , my family hates it . lol !
oh i love music are you in a band ?
","The user, who dislikes pickles and beets, is currently writing a novel inspired by their favorite TV show, Rick and Morty, and prefers the color black. They engaged in a conversation with a mom who teaches high school and has an autistic child and a newborn. The mom's favorite color is blue, and she enjoys pizza. The user expressed frustration with their buggy iPhone and shared their hobby of playing the drums, which their family finds annoying."
" i play electric violin , and also work as an accountant. i m a musician with a day job. i have a pond at home with a pet koi named spot. my favorite band is imagine dragons. lately i ve been learning how to garden.","hello how are you and how is your day going ?
hi ! i am good , just got home from a violin concert ! you ?
good to hear , i am watching tv . so what do you do for fun ?
i like music , play the violin , and like to watch my koi pond . you ?
i like to cook . especially breakfast on sundays . so you like fish ?
breakfast food is good ! i do , my favorite fish is spot . do you have pets ?
yes yummy ! ! ! i prefer pancakes . i have 2 dogs . what do you eat ?
i eat a lot of vegetables . i just started to grow a garden .
nice ! i like vegetables too ! ! what kind do you grow ?
i have carrots , cabbage , lettuce , tomatoes just to start . what kind of music do you like ?
i listen to pop and r and b
imagine dragons is the main group i listen to .
okay i have never heard of them . what genre is it ?
kind of pop and alternative mixed together
oh cool ! ! i really like music and singing
i do too . i am a musician .
","The user, an electric violinist and accountant, shares that they just returned from a violin concert and enjoy watching their koi pond, particularly their pet koi named Spot. They recently started gardening, growing vegetables like carrots, cabbage, lettuce, and tomatoes. In response to a conversation about pets, they mention their preference for vegetables and their favorite band, Imagine Dragons, which they describe as a mix of pop and alternative music. The other person enjoys cooking, especially breakfast, and expresses a love for music and singing as well."
 my favorite tv show is friends. i have a timeshare in mexico. my favorite food is sushi. i own my own business. my brother lives in england.,"hi . i miss my grandparents sometimes .
where did they go ? mine are currently at my house in mexico .
both grandparents went to heaven . i always have such good memories of them .
that is sweet . where else do you have family ?
the rest of my family is in the state of ohio . i enjoy being with them .
that is good ! close . my brother is across the pond in england .
i bet english is beautiful . do you see your brother very often ?
i plan my business trips over there to get to seem him twice a year .
good . do you use a laptop or desktop computer ?
yes . i get sushi take out and watch friends on my laptop everyday .
i have two laptops and one is getting fixed .
what happened to it ? my business is computer repair . i can help .
i cannot make it work at all . i think it is a virus .
i can totally help you . since we are friends now , i will do it for free
","The user expresses nostalgia for their grandparents who have passed away, sharing fond memories while mentioning that their remaining family is in Ohio and their brother lives in England. They plan business trips to see their brother twice a year. The user enjoys sushi takeout and watching ""Friends"" on their laptop daily, and they own a computer repair business. When discussing a malfunctioning laptop, the user reveals it might be a virus and offers to help fix it for free, highlighting their friendly and supportive nature."
 i work in retail. i love music. i go to at least 10 concerts a year. madonna is my all time favorite.,"hi i like to dance
i do too ! i love old madonna dance hits the best !
i dyed my hair red today
omg i dyed mine too , purple and green for a rave concert saturday
i was fired from the bank a month ago
damn . we re you stealing from them ?
i can type really fast
is that why you were fired ? i work at a clothing store .
because i wanted to get married in france
they can t fire you for that . you should sue them
i would have quit anyway
i quit a job once so i could go to coachella i love it so much
what is your favorite fruit ?
cherries . what about you what s yours ?
i like blueberries but cherries are good too .
what s your favorite group or song ? i pretty much like everything . except rap
i lover rap music all day
i go to music concerts and festivals all the time , except for rap
i do not know if we can be friends
that s okay but it was fun talking to you !
","The user, who works in retail and loves music, particularly enjoys dancing to Madonna's old hits and attends at least 10 concerts a year. They recently dyed their hair red, while the other person dyed theirs purple and green for an upcoming rave concert. The user shared that they were fired from a bank, jokingly suggesting it was due to their fast typing, but clarified they would have quit anyway to get married in France. They both discussed their favorite fruits, with the user favoring cherries and the other person liking blueberries. Despite differing music tastes—user not enjoying rap while the other loves it—they found the conversation enjoyable, even if they felt they might not be friends due to their musical preferences."
 my dad is very strict with his kids. i worry about money even though i m in high school. i wished i was older so i could move out. i have one close friend i grew up with. i m dissatisfied with the school life i ve had so far.,"hi there , do you know i am a lottery winner ?
wow , cool . wish i was . . . i have money worries
it was six years ago tho
oh i am only in high school
i never told anyone about the winnings
probably best . my life is kind of unsatisfying
that is funny , i do not get along with my wife
yeah i do not get along with my dad . he is super strict .
because i am lazy and also poor
oh okay . well as soon as i get older i will move out .
i keep pet rats i found at taco bell
yum . at least they are friends . i have one good friend only
he is in japan so far away
my friend is someone i grew up with
what is your favorite color ?
i like plaid the most of all
","The user, a high school student with a strict father and financial worries, expresses dissatisfaction with their life and wishes to be older to move out. They share a connection with a lottery winner, who won six years ago, and relate to their struggles, including not getting along with their dad. The user has one close friend who lives far away in Japan and keeps pet rats for companionship. They also mention a preference for plaid as their favorite color."
 i love to bake. my favorite flower is a rose. my mother is a retired teacher. i am from texas. i love to ride horses.,"hi . how are you today ?
doing well . and how are you ?
good . i just got finished walking my 2 dogs . i also have 4 cats .
i have a cat . i enjoy baking as well .
do you have any other hobbies besides baking ?
well , back when i lived in texas i use to enjoy horse back riding .
i enjoy skiing and skating . and shopping .
right on . my mom use to teach . she is retired now .
oh . my aunt is a teacher .
do you like flowers ? i love roses .
i like flowers , but not as much as i like shoes . i have 30 pair .
very cool . i have a few pairs as well . i bake a lot .
my favorite are leather . i just love the smell .
i have a pair of leather boots in the closet .
so do i ! i think i have 2 pair .
right on ! so , what else are you into ?
","The conversation features a user who enjoys baking, has a fondness for roses, and shares a connection through their mother's teaching background. They discuss their pets, with the user mentioning having a cat and the other person having dogs and cats. The user reminisces about horseback riding in Texas, while the other person talks about skiing, skating, and a passion for shoes, boasting a collection of 30 pairs. Both express a mutual interest in leather footwear, with the user noting they have two pairs of leather boots."
 i love to run. my favorite food is steak. my favorite city is new york. my wife just left me.,"hi , i can help you with that cold .
i do not have a cold but my wife is leaving me
i am sorry that is not nice , you can call me bubblegum
ll . bubble gum . i love me some steak
mmm a carnivore . i like my meat rare . red the color of my hair
haha . my favorite restaurant that services steak is in new york
cool , me and my brother live in ny
cool . i may run up there this kend and go to that restaurant
if sat night and hear signing that will be me
ll awesome . i can not wait
what is the rest name ?
it is called fancy steaks
i have heard of that place . good eatin
i know it is great . what is your favorite food ?
i like the desserts bubble gum ice cream
i love desserts . cakes are awesome
","The user, who loves to run and enjoys steak, shares that his wife has just left him, prompting a sympathetic response from the other participant, who introduces themselves as ""Bubblegum."" The conversation shifts to their mutual love for steak, with the user mentioning a favorite restaurant in New York called ""Fancy Steaks."" The other participant, who lives in New York, expresses excitement about potentially meeting up at the restaurant. They also discuss their favorite foods, with the user favoring steak and the other person enjoying desserts, particularly bubble gum ice cream and cakes."
 i am more of a cat person than a dog person. i couldn t live without my cell phone. i enjoy the occasional drink with friends. my mom is my best friend. i attend book club every week.,"hi . i love to garden . what do you do ?
read , read and then read . bookworm you could say .
i would say so . i bake alot of pies .
pie sounds good . maybe you could bake one for my book club .
oh great ! we can garden too .
i have never tried to garden but my mom loves it .
i do also . where do you live ?
laguna beach . take a lot of ocean pics on my cell phone or and cat pics .
pretty . i like mountains alot you ?
as long as i have a cell signal . cannot sustain without my cell . sad really .
lol . me too . i am the same way with my camera .
maybe along with that pie you can take a pic of my cat , love him .
sounds good . i love my cat too
another cat lover , awesome . we have to meet and have a drink soon .
","The user, a cat lover and avid reader who enjoys baking and gardening, engages in a conversation about their shared interests with another individual. They express a fondness for their cats and discuss the importance of their cell phones for capturing moments, particularly ocean and cat photos. The user suggests baking a pie for their book club and proposes meeting for drinks, highlighting their social nature and close relationship with their mom, who also enjoys gardening."
 i just took a trip to london. i love to watch game shows. i m easily agitated. i m very religious.,"hi how are you today
hello there . god bless you .
bless you too did you sneeze ?
i am just the religious type . do not get me agitated .
but how are you today ?
i am tired after just getting back from the trip to london .
what did you do there
i visited the pope , what else would i do ?
probably eat a pizza or something
i would eat pizza while watching the game shows i love .
what is the best one
please do not get me agitated , it will happen really easily !
wow and why is that then
god will take of that . what do you like to do ?
i can not see any colors
that would make it hard to watch game shows .
","The user, who recently returned from a trip to London where they visited the pope, expresses their strong religious beliefs and a tendency to become easily agitated. They enjoy watching game shows and would prefer to eat pizza while doing so. The conversation touches on their fatigue from travel and their unique perspective on colors, which complicates their enjoyment of game shows."
 i deliver packages for a living. i love candy. i am a very funny woman. i own 3 cats. i drive a honda car.,"please tell me your day has been better then mine .
no clue , mine has not been going too well either
i almost slipped up and let my parents know i am wiccan .
what is wiccan ? i have not heard of it before
it is a religion based on being kind and treating others right .
oh i take it you have a religious family
you would think so but no . my parents think religion is fake .
we are in the exact opposite situation then haha
are your parents overly religious ?
my mother in law is sadly
ugh , does she try to push her ways on you ?
yes ! she gets pissed if me or my boyfriend disagrees with her on it
that sounds absolutely dreadful . i should introduce her to my folks .
it is and they would argue all night lol
i cannot even imagine . i have to run , my garden center job called me in .
well nice talking to you
","The conversation features a humorous exchange between two individuals discussing their challenging days. One user, who identifies as Wiccan, shares concerns about revealing their beliefs to their non-religious parents, while the other user mentions dealing with an overly religious mother-in-law who imposes her views. They bond over their contrasting family situations, with a light-hearted suggestion to introduce their families to each other, before the Wiccan user leaves for work at a garden center."
" on weekends i go out with friends. when i turned 18 , my family moved across the country. i like going to rock concerts. i eat eggs and bacon for breakfast. i grew up on a farm.","i need to get that last song picked for my wonderful music playlist .
that is cool me an my friends need that for the concerts pregame for weekends
if you saw me one time i was the best basketball player until my injury .
oh really ? when i became of adult age my parents moved way far
my parents cannot stand the women calling me always .
wow , why ? i love to eat the same things for breakfast .
i guess they love those brand name clothes i wear .
that did not tell me why . . . . but i like eggs an bacon for breakfast .
my parents do not like the women and me playing the loud music .
oh okay where i grew up my parents would not hear land was huge .
i wished i could played that pro basketball for the new york knicks .
why ? what happened ? that is crazy
i had that injury so i could not accept the offer .
that sucks , sorry to hear .
","The user shares their love for music and preparing playlists for weekend concerts with friends. They reminisce about their past as a talented basketball player whose career was cut short by an injury, preventing them from joining the New York Knicks. The conversation touches on family dynamics, including their parents' dislike for loud music and certain women in the user's life, as well as a move across the country when they turned 18. The user enjoys a simple breakfast of eggs and bacon, reflecting their upbringing on a farm where they had ample space."
 i eat meat. i recently started working online. my favorite band is the story so far. my friends don t call my by my real name. i enjoy going to festivals.,"hi , whats up , how are you ?
hello i am great how are you
i am doing well , playing football .
how can you play football and type
i am taking a break haha good question
who you playing with i play with my friends they do not use my real name though
i am a line backer , i like playing with some of the guys from the baltimore ravens
i like festivals i go just for the meat
my team is the baltimore raven , we go the festivals together . like a family
i like the music too my favorite is the story so far
nice . i like the eye of the tiger , especially when i am tackling
lets them hear you roar
oh yes . i had tackled 128 times last year . roar !
sounds like a lot of people have headaches
","The user enjoys playing football, specifically as a linebacker with friends, including some from the Baltimore Ravens, and often takes breaks to chat. They have a playful demeanor, mentioning that their friends don’t use their real name and joking about the number of tackles they made last year. The user also loves attending festivals primarily for the meat and appreciates music, with their favorite band being The Story So Far. They humorously reference the song ""Eye of the Tiger"" in relation to their tackling prowess."
 every day i drive an hour to work in this horrible traffic. i m an ovo vegetarian. i enjoy sleeping in on my days off. i can t stand beets. i can t cook.,"hey ! family time has come to a close tonight . sad panda
i know , i look forward to doing it again
i left my chevy duramax running while at american eagle . sale !
what did you get at american eagle ?
running clothes , for my favorite hobby
i used to love running , but now i just sleep
sleep rocks , veggies suck .
why ? vegetables are amazing . that is why i became a vegetarian .
fiber makes me poop too much .
i agree . where do you work ?
i am a distributor for an essential oils company .
how do you get to work ?
i am my own boss .
how are you your own boss ?
i build up a team of people through wellness education . at least i want to .
do you teach them to eat healthy ?
","The user expresses a mix of emotions about family time ending and shares their experience of shopping for running clothes at American Eagle. They mention their dislike for vegetables, particularly beets, and humorously note that they prefer sleeping over running now. The conversation reveals that the user is an ovo vegetarian who struggles with cooking and works as a distributor for an essential oils company, aspiring to build a team focused on wellness education."
 i listen to folk music. whittling is my favorite hobby. i am in the navy. i am an orphan who was in the foster care system. i went to a community college and got a degree in communication.,"hello ! what do you do for a living ?
hello , navy woman here . how about yourself ?
nice ! that is for your service ! i love to cook and i own a restuarant .
no problem hun . nice ! what type of restaurant .
mexican . i opened it 3 years after my mom died . she taught me how to cook .
sorry to hear that . do you have other hobbies ?
i love playing with my dog . how about you ?
my favorite hobby is whittling , but i like listening to folk music too .
what kinds of things do you create when you whittle ?
just things like trees , animals , basically anything i can imagine .
do you sell them or are they just for show ?
i give them away . i learned in during my time in foster care .
","The user, a Navy service member and orphan who grew up in the foster care system, engages in a conversation with a restaurant owner who loves cooking. The restaurant owner shares that they opened a Mexican restaurant after their mother's passing, who taught them to cook. The user expresses sympathy and shares their own hobbies, highlighting whittling and listening to folk music. They create various imaginative items while whittling, which they give away rather than sell, reflecting their generous nature and connection to their past experiences."
" i really like cake and do not prefer vegetables. i am almost finished with my degree. i have one sister and a niece and nephew. i am 49 , male and live in dublin , ireland. i take care of my mother and father.","hello , how is your weekend going ?
its fine , with my mother and father .
i just got back from hiking the appalachian trail . do you like to hike ?
yes . in ireland we have some nice spots .
i have always wanted to go to ireland . do you love it ?
its awesome but i want to take my family to usa
its really nice here . good music . what kind of music do you like ?
after i finish my degree , we will visit . i love pop soul
folk music is my favorite . what are you getting your degree in ?
microbiology , are you in school ?
no , i graduated . now i work as a marketer .
cool , is that exciting work ?
i enjoy it . i work from home , so i set my own hours .
sounds like the perfect job .
","The user, a 49-year-old male from Dublin, Ireland, is currently finishing a degree in microbiology while caring for his parents. He enjoys hiking in Ireland and has a strong desire to visit the USA with his family. The conversation reveals his love for pop soul music and his appreciation for the local culture, while he learns about the other person's marketing job, which they find enjoyable due to its flexibility."
 i have two children. i love to take my children on nature walks. i am thirty years old. i am currently a stay at home mom while my husband is the sole provider. we have two pets as well.,"hi how are you this evening ?
great ! i just got back from a nature walk with my kids
sounds fun ! i am eating some shrimp , it is my favorite .
i cant eat shrimp , we keep them and dogs as pets
o that is interesting ? any hobbies ? i love going to the casino
being a stay at home mom and my nature walks with my two kids .
cool sometimes i spend too much gambling lol
but those winnings are soooo sweet
yes that is true . my mom reads palms , hopefully she can tell me when to play !
in my 30 years on this earth , and as a mother , that is so sweet
yes , i also enjoy spending time with friends .
my best friend is my husband , that man works so hard to bring the money home
i do not have luck with men , the last guy i swear was a vampire lol
always going for your wallet ?
","The user, a 30-year-old stay-at-home mom with two children and two pets, shares that she recently enjoyed a nature walk with her kids. In the conversation, she expresses her love for spending time outdoors and highlights her close relationship with her husband, who is the family's sole provider. While discussing hobbies, she mentions her lack of interest in gambling, contrasting with the other person's enjoyment of the casino. The user humorously reflects on her experiences with men, sharing a light-hearted anecdote about a past relationship."
 my favorite animal is a bear. i am a paper salesman. my favorite show is battlestar galactica. i live on a beet farm. i think beets are the best vegetable.,"hey good morning how are you ?
i doing well and you ?
i wish i had slept more but i am a night person
well i am a morning person living on a beet farm and all
what do you eat ? i like in nyc an i love it , parks are cool .
well i am a vegetarian and beets are absolutely my favorite food .
i am also , i am in law school , what about you ?
i am in sales as a newspaper salesman . there are limited jobs in the country .
gotta check out these local shops here too
the only cool thing we have here is internet which i get to watch battlestar galactica
i bet sorry to hear that too
i love the country living , where else could you see live bears ? well besides a zoo .
do you ? lol africa i guess the wild maybe ?
well bears do not live in africa but yes the wild . i love seeing them daily .
yes they do lol i think
never seen a bear in an african documentary but i guess there is a first for everything
","The user, a paper salesman living on a beet farm, enjoys country living and loves bears, which he sees daily. He identifies as a vegetarian, with beets as his favorite food, and is a fan of the show Battlestar Galactica. In a conversation with a law student from NYC, he shares that he prefers mornings and discusses the limited job market in his area. They exchange thoughts on local shops and the internet, with a humorous debate about bears living in Africa, ultimately highlighting the user's fondness for his rural lifestyle."
 my favorite color is blue. my favorite tv show is game of thrones. my favorite music genre is pop. i like long walks on the beach.,"hi how are you today ?
feeling a bit blue today actually , coincidentally that is my favorite color though ! you ?
why do you feel blue ?
my favorite show , game of thrones , will not be back on for awhile . so i am sad
yeah that is true until 2019
do you like music ? i am a big fan of pop music .
i do , are you autistic ?
i am not , why do you ask ?
because i am autistic and stuf
oh alright ! well what do you like to do in your free time ?
i play arcade games very often
arcade games are fun ! ! i really like taking long walks on the beach though
nice do you live at the beach
pretty close to one , yes ! you ?
","The user expresses feeling ""a bit blue"" due to the long wait for their favorite show, Game of Thrones, to return. They share their love for pop music and enjoy taking long walks on the beach, living close to one. The conversation partner, who identifies as autistic, mentions playing arcade games in their free time."
 i like to go out to the bars. i like to go to the gym and work out. i enjoy dating women. i like cooking healthy meals.,"hi thought i would see who is here .
hi , how are you ? its very nice to meet you .
good finished my shift and needed to put my feet up for a bit .
me too . i cannot wait to go out this weekend .
whats your favorite band ? . . . . mine is nirvana
i love the chainsmokers . i always listen to them while i workout .
i mostly listen in the car but its out of commission needs some repairs
that stinks . i always hear the chainsmokers while i am out at the bar .
i will get if fixed soon . so what do you do ?
i am a personal trainer . i love to stay active . what about you ?
i am a waitress at a local restaurant so i guess that is active !
definitely ! i also love to cook for myself and watch my diet closely .
so we have activity and food in common . that is cool .
absolutely ! what do you like to do for fun ?
kick back in my casual duds and hang out with friends . how bout you ?
me too . i love going out with friends to local bars and listening to music .
","The conversation features two individuals connecting over their shared interests in staying active and enjoying music. One person, a personal trainer, expresses excitement about going out this weekend and shares a love for cooking healthy meals. The other, a waitress, also enjoys casual hangouts with friends and mentions listening to The Chainsmokers while working out. They bond over their active lifestyles and mutual enjoyment of bar outings and music, with one favoring Nirvana and the other The Chainsmokers."
 i enjoy cooking but not baking. i enjoy a good run. i like things in organized. one of my favorite shows is face off on syfy.,"hi how are you doing ?
hello , i am doing very well . how are you ?
i am good . just got back from my weekly book club .
i used to belong to one that was exclusively cookbooks .
interesting ! you must really enjoy cooking !
i do , but i do not bake . do you run or hike ?
i like to take walks with my mom , her and i are very close like best friends .
that is very nice . what are your favorite shows ?
i do not really like tv too much . i prefer to spend time on my phone .
i watch face off , it is very interesting .
what is the show about ?
a reality show about make up artists . they are so creative .
cool ! do you have any pets ?
i have three dogs . they are my world .
i like dogs , but i am really more of a cat person .
cats are awesome too , i do not have one yet .
","The user enjoys cooking, particularly with cookbooks, but does not like baking. They have a close relationship with their mom, often taking walks together. While they prefer spending time on their phone over watching TV, they do enjoy the Syfy show ""Face Off,"" which features creative makeup artists. The user has three dogs and expresses a fondness for them, although they also appreciate cats, admitting they are more of a cat person."
 i am a weirdo. i ride a skateboard. i have blue and orange hair. i have often been called a slacker.,"hello . how are you on this gorgeous blue sky day ?
i am great getting ready to skateboard
skateboard ? oh no . too improper .
i am a pretty eclectic person
really ? what makes you eclectic ?
i like a lot of crazy things
my sister , madonna , does too . she is such a drama queen
i dye my hair a different color every week
is it ever blue ? that is my favorite color .
its currently blue and orange
whats the significance with those colors ? like a team you like ?
no i just hadnt tried that combo yet
","The user, who identifies as a weirdo and often called a slacker, expresses excitement about skateboarding on a beautiful day. They describe themselves as eclectic, enjoying a variety of crazy things, and mention their sister, who shares a dramatic personality. The user reveals that they dye their hair a different color each week, currently sporting a blue and orange combination, chosen simply for experimentation rather than team affiliation."
 i did not finish college. my dad was a preacher. my favorite movie is the last of the mohicans. my mother was a school music teacher. my car is over 20 years old.,"hey how are you ? what do you like ?
hi there . i like to watch movies especially the last of the mohicans
i like living alone it is so peaceful .
what do you do for a living ?
never heard of it , i am a mad scientist .
oh that is exciting . unfortunately i did not graduate from college .
aw well i understand , like video games ?
they are okay . my mom taught music so i like music a lot .
cool , i play the guitar
that is cool ! what is your family like ?
lol interesting would sum it up
i had an interesting childhood too , since my dad worked as a preacher
i bet you did then , tell me about it ?
i was just under constant observation . i could not get away with anything
i bet i was as a kid also
why do you believe that ?
","The user enjoys watching movies, particularly ""The Last of the Mohicans,"" and appreciates the peace of living alone. They identify as a ""mad scientist"" for work but did not finish college. The user has a strong affinity for music, influenced by their mother, a school music teacher, and they play the guitar. They describe their family as ""interesting,"" sharing that their father was a preacher, which led to a childhood of close scrutiny and limited freedom."
 i was born 20 years ago. i live in the usa. my favorite color is blue. i was born male and transitioned to female when i was 17.,"hi ! how was your weekend ?
hi i am katie . i am a transgender
hi katie , i am lucy . how was your weekend ?
it went so cool . how about for you ?
great ! went for pizza , my fav , on friday . whats your favorite food ?
i am from united states . how about you ? i like blue color . whatsis your favorite ?
i am from the us too . my favorite is pink . do you go to school ?
i love pizza , but my favorite cuisine is thai
yes ! i love sushi ! i always eat it while studying .
nope i am not . where are you working now ?
i am not employed , but working toward my masters in social sciences . you ?
i work here with amazon . i am too old to work now .
","Katie, a 20-year-old transgender woman, shared that she had a cool weekend and enjoys pizza, with Thai cuisine being her favorite. Lucy, also from the USA, mentioned her love for sushi and that she works at Amazon, while Katie is focused on her studies, pursuing a master's in social sciences. They both discussed their favorite colors, with Katie favoring blue and Lucy preferring pink."
" my favorite food is jello. i live in an apartment. i cannot whistle. i have 4 pets. i enjoy magic the gathering , it is a card game.","hi how are you doing
i am well trying to gey my dog to come here but i umm cant whistle lol
that is funny what kind of dog do you have
a terrier 4 of them
oh wow that sounds like fun
it totally is fun , do you like magic card games ?
i do not think i have ever played that
i have 4 of them little dogs lol , me an friends play in my apartment
do you like to play sports
we play an i make sure we have jello shots , jello my fav
that is cool where do you live
i live in nyc how about you ?
minnesota i just moved for work
nice , what do you do for a living ?
","The user, who enjoys jello and lives in an apartment in NYC, shares that they have four terrier dogs and often play Magic: The Gathering with friends. They humorously mention their inability to whistle while trying to call their dogs. The conversation partner recently moved to Minnesota for work and inquires about the user's profession."
" i like to go hiking on the weekends. i can speak arabic , english , and french. i am a barista. i play jazz piano in a band.","hello , how are you today ?
i am great , just planning a hike for this weekend . how are you ?
good , i love hiking ! . i take my dogs to the lake often
i go almost every weekend , it is one of my favorite past times
do you go to the lake ?
sometimes the lake , sometimes the mountains
oh man we would make excellent friends .
for sure ! do you have any other hobbies ? i am in a jazz band , i play piano
i read every night . horror stories !
when i am on break at the coffee shop i read
i am quite the coffee drinker myself . !
i work at one of the major coffee chains , i love it
starbucks , tim hortons , or dunkin . perhaps a place i do not know .
starbucks ! i love the atmosphere and they treat employees great
","The user enjoys hiking on weekends and is planning a hike for the upcoming weekend. They share a passion for hiking, mentioning they go almost every weekend and sometimes visit the lake or mountains. The user plays jazz piano in a band and reads horror stories during breaks at their job as a barista at Starbucks, where they appreciate the atmosphere and employee treatment. They connect with the other person over their shared love for hiking and coffee."
 my favorite music artist is isaiah rashad. in my spare time i like to play video games. i work for a marketing agency. i don t drink alcohol.,"hello , do you like dogs ?
i do , in fact . you like isaiah rashad ? he is a great .
is he as cool as thomas the engine ?
hard to compare , to be honest . what do you do for fun ?
i like to read about trains .
trains are fascinating . i enjoy playing video games . particularly ps4 .
i play with my dads train set , not much for video games .
i see . i have never had a train set . is his set really elaborate ?
it is huge , it killed my cat tho
oh no . that is terrible . must move really fast ?
yeah , almost got my dog percy too , but he jumped out of the way .
well , that is good at least . my marketing agency recently covered pet food .
i could use some dog food , that is great
it was an organic food . if i had pets i would probably buy it myself .
yuck , second thought that sounds disgusting .
i would not imagine so . but all natural is not for everybody , i suppose .
","The conversation revolves around a shared interest in pets, particularly dogs, and music, specifically Isaiah Rashad. The user expresses their fondness for video games, particularly on PS4, while the other person prefers playing with their dad's train set, which is described as large and somewhat dangerous to their pets. The user mentions their work at a marketing agency that recently promoted organic pet food, which the other person finds unappealing. Overall, the exchange highlights the user's interests in music, gaming, and their professional background in marketing, while also touching on the challenges of pet ownership."
 i love cars. i am a morning person. i like to role play. my favorite food is pizza.,"hello , how are you doing today ?
i am good but hungry .
ah i see . i just had some pita bread with hummus as a little snack !
i prefer pizza . what kind of food do you like ?
well pita bread and hummus is my favorite , but i also love italian food .
what other things do you like to do ?
well , i love spending time with my 3 kids , how about you ?
i like to pretend to be other people .
is that so ? have you ever pretended to be my career , a nurse ?
lol , no but i pretended to be a doctor .
that is a good idea , i have to get up so early , you would not want that
i also pretend to drive fast cars . are you ready to submit ?
yes , this was fun , i will have to try this again !
me to see you on the other side !
","The user, who loves cars and enjoys role-playing, engages in a light-hearted conversation about food preferences, expressing a strong preference for pizza over pita bread and hummus. They share that they enjoy pretending to be different characters, including a doctor, and mention their love for fast cars. The conversation concludes with a mutual appreciation for the fun exchange and an eagerness to continue the role-playing in the future."
 my favorite food is anything italian. i love most music except country and jazz. i am a gym rat that loves to play racquetball. my favorite book that i have read lately is middlesex.,"hello i am jamison . how are you this evening ?
i am fine . nice weather we are having .
it is ! perfect for sitting out on the deck and enjoying a good book
yep , especially books on food except italian .
i feel the same way about nuts . i am allergic .
reading with some background music but i have no country or jazz music .
you listen to country music while you read ? me took !
not just that but when i hit the gym as well , love me some music .
sonds like me , only my passion is books . 1984 is my favorite .
mine is middle sex . i read some of it after i played some racquetball the other day .
how was it ? would you recommend it to a biology major ?
yeah is a pulitzer prize winning book .
i will have to look into that . thanks for the recommend !
yeah deals with mutated genes , fits into biology .
any plans for this evening ?
nope , just hanging about and reading .
","Jamison and the user engage in a friendly conversation about their evening plans and interests. The user expresses enjoyment of the nice weather, particularly for reading outside, and shares a preference for Italian food while noting an allergy to nuts. They both appreciate music during their activities, although the user avoids country and jazz. The user mentions their recent reading of ""Middlesex,"" a Pulitzer Prize-winning book that relates to biology, and recommends it to Jamison, who favors ""1984."" The user concludes by stating they have no plans for the evening and will be relaxing with a book."
 my favorite color is red. i am a student. i have a pet dog. i am an only child. my favorite food is pizza.,"good afternoon how are you ?
good afternoon . i am doing well how are you
i am well thank you . my name is lucy .
nice to met you . what do you do for a living
i work as a writer for a living . and yourself , do you work ?
i am in college now i am a science major
very nice . what is your dream job ?
i want to be a biochemist
that is so cool . i dream to someday be an actress .
that is a cool career . have you ever taken acting classes
a few here and there . how many more years of school you have left ?
i just started so a few years . do you have a favorite color
i tend to lean toward zebra print , which is my favorite animal . how about you ?
i love red more of a light red tho .
","In a friendly exchange, Lucy, a college student majoring in science, shares her aspiration to become a biochemist. She converses with another individual who aspires to be an actress and has taken some acting classes. Lucy reveals her favorite color is light red, while the other person prefers zebra print, their favorite animal. The conversation reflects Lucy's enthusiasm for her studies and her openness in discussing personal interests."
 i hate red meat. i love watching sunsets. my hair is brown and curly. i live near the ocean. i love to surf.,"hello sports fans ! what is up ?
not much enjoying the sunset how are u
just listening to some tunes , watching cartoons . where are you ?
i live in malibu california on a beach front
nice , i like the san francisco giants
sports are fine to me just food is hard to find near the game
i love giving play by plays . try mcdonalds , they make good fries . are you old ?
due to recent medical complications i do not do red meat
that is good , cows are our friends . do you like south park though ?
i feel bad for kenny some episodes my hair is curly like the jewish boy but brown
nice , my fiancee has long brown hair . do you like music too ?
yes i always have music when i stretch before my surf
avenged sevenfold is worth a listen man . what surf moves can you do ?
i surf just for fun and howard of killswitch he speaks to my soul
","The user, who lives in Malibu, California, enjoys watching sunsets and surfing, and has brown, curly hair. They dislike red meat due to medical reasons and express a fondness for music, particularly mentioning that they listen to tunes while stretching before surfing. They engage in a lighthearted conversation about sports, sharing that food options near games can be challenging, and they relate to a character from South Park. The user also connects with the other person over their shared interests in music and surfing."
" i live with my parents and my little brother. i am in 3rd grade. i am a french girl , but i moved to the us last year. i like to play soccer , draw and read asterix. i don t have too many friends in the us yet , but i am going to summer camp and i hope to make friends then ! i also think that i may make friends as soccer in the fall.","hello , what is your favorite season of the year ?
autumn , that is normally when i get to play soccer . whats yours ?
winter . i wish i was able to play sports but i am unable to walk .
i am sorry to hear that . how do you make friends ?
i have one dear friend that once bought me a car due to being wheelchair bound .
i see . well that sounds like a good friend . i hope to make more soon
i get colds easy so i take a lot of vitamin c . how about you ?
no so much . however , i just moved to the united states last year so .
do you have a vehicle ?
i am not old enough to drive yet . i am just 9 years old
oh i see . so do you like it here in the united states ?
so far so good . but i have not made lots of friends yet .
i am sure with time you will have lots of friends ! you seem very sweet !
awe , thanks . yeah , summer camp should change that soo .
yes , i sure do remember those days and how much fun we all had ! !
that is cool . besides doing sports , i like to view asterix , french comics
","The conversation features a 9-year-old French girl who recently moved to the U.S. and is currently in 3rd grade. She enjoys playing soccer, drawing, and reading Asterix comics. When asked about her favorite season, she mentions autumn for soccer, while her conversation partner prefers winter but is unable to play sports due to being wheelchair-bound. The girl expresses her hope to make more friends at summer camp and through soccer in the fall, noting that she hasn't made many friends yet since moving. She shares that she takes vitamin C to avoid colds and acknowledges her young age, stating she is not old enough to drive. The conversation ends on a positive note, with encouragement about making friends in the future."
 i am allergic to dust. i only eat organic food. i collect comic books. i own two snakes. i have an autograph collection with more than 2000 signatures.,"hi hi ! have we met before ?
i do not know , what is your name ?
i am daisy . i am so excited to talk to someone i am not related to !
i collect autographs , what about you ? i am ted
ted ! great name . i . . . collect broken arms , it seems ! recovering from another now .
i have over 200 . how many times have u done that ?
wow ! only twice . what is your favorite autograph you have gotten ?
i have charlie chaplain and i am most proud of that
one of my sisters once met him . she said it was a really memorable experience .
for real ? that is so amazing
what else do you do with your time , ted ?
i have two snakes that i love a lot . and you ?
just like being around people . i do not like being in my own head for too long .
i am a loner myself , but i like it
my husband was that way . hed spend days in his workshop . i miss him , even so .
is he gone now ? what happened ?
","Daisy and Ted engage in a friendly conversation, introducing themselves and sharing their interests. Daisy expresses excitement about talking to someone new and reveals her passion for collecting autographs, boasting over 200 in her collection, including one from Charlie Chaplin. Ted humorously mentions collecting broken arms due to his injuries and shares that he owns two snakes. Daisy, who prefers socializing over solitude, reflects on her late husband's tendency to spend time alone in his workshop, leading to a poignant moment as she inquires about his passing."
 i enjoy reading. i am a registered nurse. i have two smartphones. my favorite movie is pretty woman. i am a vegan.,"hi there ! how are you ?
i am just reading a book
what book ? i hate reading
the notebook , a reread lol
books get in the way of my video games
i guess . how many phones do you have
one . do you have more than one ?
i have one plus one .
that equals two my friend
yep , that is how many i have . i can call you on one of them
that sounds fun ! we can listen to country music !
i mean . i guess if that is what you want to do
or you could cover my shift at subway
that would work , i am hungry
","The user, a reading enthusiast and registered nurse who enjoys ""Pretty Woman"" and follows a vegan lifestyle, engages in a light-hearted conversation with someone who dislikes reading and prefers video games. They discuss their smartphones, with the user owning two, and jokingly suggest calling to listen to country music or covering a shift at Subway due to hunger."
 ariel is my favorite princess. i am in high school. i am on a competitive dance team. i love disney movies. i love to dance.,"hello , how are you doing today ?
pretty good day , how is yours so far ?
not so good . today is the anniversary of my dads death .
i am so sorry to hear it . i could not imagine such a loss . how many years ?
five years ago when i was in high school . it still hurts .
that is very young , but is a hurt that does not go away no matter how old
i guess you are right . anyways , please tell me about yourself ?
i am a student , just finished my classes , and thinking about dinner
oh really ? what are thinking about eating ?
some kind of comfort food it is a cold day , maybe pasta
oh , maybe some angel hair pasta with shrimp .
good thinking , seafood makes anything taste awesome
","The conversation begins with a friendly exchange about each other's day, but takes a somber turn when one person shares that it's the anniversary of their father's death, which occurred five years ago. The other person expresses sympathy and understanding of the lasting pain of such a loss. They then shift the topic to lighter subjects, discussing dinner plans, with the suggestion of comfort food like pasta, specifically angel hair pasta with shrimp, which the other person agrees would be delicious."
 i love animals. i am an aspiring singer. green is my favorite color. i enjoy playing tennis.,"hi there ! how are you ?
great ! are you parents married and do you live with them ?
no , i am a parent myself with a daughter who just graduated high school
i thought i lost you . i sing and have two animals . you have any pets ?
i am actually a zookeeper and have trained 20 types of animals
wow ! i am a tennis buff . you play tennis ?
my wife did before she had breast cancer . she is all clear now , but careful
great ! i love the color green . whats your fave color ?
my daughter does too ! she just ranked top of her class and wanted everyone to wear green
your daughter does too what ? i love playing poker and petting animals . you ?
loves green ! haha . maybe we should get together and play poker one time
hmmm . so is green your fave color ?
i do not have one i guess
oh okay . california is on fire and i sing karaoke . you sing ?
i am sorry to hear that . are you in california . i do not sing much
no . you own a tennis racket ? you married ?
","The user, an aspiring singer who loves animals and enjoys playing tennis, engages in a conversation with a zookeeper who has trained 20 types of animals. The user shares that they are a parent to a daughter who just graduated high school and has a fondness for the color green, which they both share. The zookeeper mentions their wife’s battle with breast cancer, now in remission, and the conversation touches on interests like poker and karaoke. The user expresses a desire to connect over poker, while also inquiring about the zookeeper's marital status and tennis interests."
 i play guitar in the local band. i am the youngest of three brothers. i have never been to the city. my name is omar.,"hey , how is it going ?
i am omar , its super awesome to meet you !
nice to meet you . i just finished working on my garden . what about you ?
i was just playing the guitar in a band that is local .
oh that is great ! whats the name of your band ?
oh ! its called never been to the city .
that is a strange name but edgy . i like it . do you have a favorite band ? mines ween
its gotta be the beatles , my two older brothers love them too .
an iconic band . can never go wrong with them
yeah , because i am the youngest , its why i learned the guitar , like mccartney .
that is amazing . i have always wanted to play the guitar .
well , i only play because my older brothers are in the band too .
","Omar, the youngest of three brothers, shares that he plays guitar in a local band named ""Never Been to the City."" He enjoys discussing music and reveals that his favorite band is The Beatles, influenced by his brothers. The conversation highlights his passion for guitar, which he picked up partly due to his brothers' involvement in music, and he expresses enthusiasm for meeting someone who also appreciates playing guitar."
 i am a freshman at nyu. my favorite color is blue. i am the youngest in my family. i have two older brothers. my passion is photography.,"hello , my names mary . how are you doing today ?
i am well , thank you . how are you ?
could be better . super busy because i am a fulltime student studying radiology
oh , that sounds good ! i go to nyu . i am a freshman .
very cool ! do you also work while you are in school ?
no , but i have a hobby . i love photography !
very nice ! do you have ample time to take photographs ?
i would not say ample , but some . whats your favorite color ? mine is blue .
mine is blue too ! what do you study ?
art like my father . we are passionate about it . i am the baby of the family .
sounds like you are from an artistic family !
yes , i would say so . i have got two brothers , who are older . they are artistic as well .
my dad is a doctor so i sometimes work as a receptionist at his office
that sounds interesting . do you like it ?
","Mary, a freshman at NYU studying radiology, chats with another student who shares a passion for photography and mentions their favorite color is blue. The user, the youngest in their family with two older artistic brothers, expresses that while they don't have ample time for photography, they enjoy it as a hobby. Mary works as a receptionist at her father's medical office, and they both connect over their artistic backgrounds."
 i work in a coffee shop. my parents live across the street from me. i love to read true crime books. i m in grad school.,"hello how are you ?
i am fine , how are you ?
great ! just washing some jars i bought off of amazon . what are you up to ?
i am a grad student , so i have been studying
what are you studying ?
i study biology and i work as a barista as a coffee shop to pay for school
fantastic ! i drank a lot of coffee in 2004 !
i wish i liked coffee , i need it before class
i understand , it is very useful .
sometimes you just need that spike in the morning
i completely agree . do you have any hobbies ?
i like to read , specifically true crime books
i collect bugs , and sometimes they eat each other . which is a crime .
that sounds like a waste of collecting , if they eat each other
","The user, a grad student studying biology and working as a barista to support their education, engages in a light-hearted conversation about their daily activities and interests. They mention their need for coffee before class, despite not being a fan of it, and express their love for reading true crime books. The conversation also touches on a quirky hobby of the other person, who collects bugs that sometimes eat each other, leading to a humorous remark from the user about the futility of that collection."
 i love christmas. i like fantasizing. i like getting packages in the mail. i have a daughter. i wish magic was real.,"hi how are you doing ?
i am fine , just cant wait for christmas
i know huh i love xmas too
my daughter and i love to celebrate christmas , and sending gift
what do you do for a living ?
i am a professional boxer who want to be a clown and make people laugh
i am currently a painter . its not exciting anymore
what kind of painting do you do
mostly organic and nature types
that is interesting , i love to eat organic food
ll i can paint fruit too
what about a something fantasizing , i like that
","The user expresses excitement for Christmas, sharing that they enjoy celebrating the holiday with their daughter and sending gifts. They engage in a conversation with a professional boxer who aspires to be a clown and currently works as a painter, focusing on organic and nature-themed artwork. The user appreciates organic food and suggests the idea of painting something fantastical, reflecting their love for imagination and magic."
 i am a painter. my favorite band is the beastie boys. i want to be a museum curator. i love coffee with cream. i went to new york city once.,"hi ! how are you today ?
i am doing quite well . you ?
fantastic . i just got back from a horseback ride with my kids
that sounds fun , how any children do you have ?
two gorgeous boys . do you have any children ?
no not yet . what do you do for work ?
i work at bass pro shops . how about you ?
cool ! i have a job as a painter
how wonderful ! what do you paint ?
anything that inspires me , i went to nyc once and got hooked
how exciting ! what was it like in nyc ?
it was pretty great , i went to a museum that i want to curate some day
wow , now that sounds like an adventure
it was pretty great . what music do you like ?
i personally prefer pop music
my favorite is the beastie boys
","The user, a painter aspiring to be a museum curator, engaged in a friendly conversation about family and work. They expressed interest in horseback riding and shared that they do not have children yet. The user mentioned their passion for painting, inspired by a memorable visit to New York City, where they visited a museum. They also revealed their favorite band is the Beastie Boys, contrasting with the other person's preference for pop music."
 i am a violinist. i have played since i was 4 years old. my mother was a nurse. i recently discovered a new love for indian food. i am gong to adopt a dog very soon.,"hi , what is your name ?
hello . i am jake . nice to meet you .
nice to meet you too ! i am vladimir .
so do you have a profession ? in an orchestra i am the violinist .
i lift . i lift heavy weights . violinist is for wussy ?
never . i have been playing since i was four . it pays more than lifting weights .
oh does it really ? i squat 400 pounds . 400 ! ! !
well that is something . i am sure the nurses , like my mother , sees you a lot .
i am sure i can lift 10 nurses . bring on the nurses ! ! !
i am sure your ego is from mommy issues ? maybe a pet can help calm you down .
like how ? how could a pet help a strong man like me ?
sometimes the strongest men are the weakest people .
hahahahaha . i laugh in your face !
i will enjoy my favorite indian dish and look for dogs to adopt while you do .
","In a light-hearted conversation, Jake, who identifies as a heavy lifter, meets Vladimir, a professional violinist who has been playing since he was four. Vladimir humorously asserts that his profession pays better than lifting weights, prompting Jake to boast about his ability to squat 400 pounds. They exchange playful banter about strength and ego, with Vladimir suggesting that adopting a dog could help Jake with his perceived mommy issues. Jake laughs off the idea, while Vladimir expresses his enjoyment of Indian food and his plans to adopt a dog soon."
 i am the head of the gun club. i am a poet. i have a beta fish. i donate old clothes to the homeless. my friends and i enjoy golfing on sunny days.,"hello ! how are you this evening ?
i am very well , thank you . how are you do ?
i am okay , not looking forward to the holidays .
me neither , i do not have any kids or close family .
same here . i am divorced , 3 times .
oh wow . i have never been married , came close once .
luckily , none of them got my ford truck !
you are lucky , do you golf ?
i do not . i spend my free time at the gun range . you ?
what a small world ! i am the manager of a gun club .
you should come over and see my gun collection !
i would love too ! mine are pink , so you may not want to try mine .
what do you do for work ?
i teach literature at the local college .
i am a cop . what can i say , i like my guns !
my husband is a detective
","The conversation features two individuals discussing their personal lives and interests. One participant, who is the head of a gun club, shares that they are a poet, have a beta fish, and donate old clothes to the homeless. They express a lack of enthusiasm for the holidays due to not having children or close family, and mention being divorced three times. The other person, a cop with a husband who is a detective, reveals they do not golf but spend their free time at the gun range. They bond over their shared interest in guns, with the gun club manager inviting the cop to see their collection."
 i like to go to the movies. my favorite car is the ford mustang. i have a pit bull and a chihuahua. i walk more than 2 miles a day. i worked 3 jobs at the same time for more than 5 years.,"i love taylor swifts new album !
i am not familar with it , did you hear about troy gentry passing away today ?
no , i did not . i might have to ask my husband .
so very sad . helicopter accident . do you have any loved one in rimas path ?
i do not . it is sad . i got married in florida .
we have been to disney and loved it but live in the midwest
i heard that taylor swift donated money to texas .
she sure has enough to do such a thing i have been out on a hike today
mu husband loves hiking !
i usually take my two dogs with me and they love it
my husband takes care of our girls . so , they hike together .
do you ever hike with them ?
i do . its part the reason i married him .
wow . . . that is cool . have you seen any good movies lately ?
i have been watching more tv than movies .
i like to take my grandsons to the movie makes for a fun time
","The user expresses enthusiasm for Taylor Swift's new album and discusses the sad news of Troy Gentry's passing in a helicopter accident. They mention getting married in Florida and enjoying trips to Disney, while currently living in the Midwest. The user shares that they enjoy hiking with their two dogs, and their husband takes care of their daughters during hikes. They note that they have been watching more TV than movies lately but enjoy taking their grandsons to the movies for fun."
 i am a free spirit. i like to live off of the land. i am all about family and fun. my parents were like this as well.,"how are you doing to day
hello i am doing great how are you
i am great to day thanks for asking
what do you do for fun
i like to bake and spend time with my family
i followed in my parents footsteps and live in the woods and hunt for food
my husband loves hunting
it is fun but stressful when its the only way you can eat
yeah i hear you my husband does it for fun
do you have any kids
yes i do and i love kids
kids are fun to have around are they young
yes they are my youngest turned 1 yesterday
aww that is a cute age . cherish those moments
","The user, a free spirit who enjoys living off the land and values family and fun, shares that they are doing well and enjoy baking and spending time with their family. They mention following in their parents' footsteps by living in the woods and hunting for food, which can be stressful when it's the primary means of sustenance. They reveal that their husband hunts for fun and express their love for children, noting that their youngest just turned one, prompting a sentiment to cherish those moments."
" i listen to a fall out boy record every day. i am looking forward to reading the latest political thriller. i love watching sitcoms on television. sometimes , i sit by strangers on the subway and strike up a conversation. i drive a honda that is seen better days.","hi how are you doing today ?
i am well , thanks ! i like to chat with strangers .
that is good everyone is a stranger til they become a friend .
that is a good way to put it .
what do you do for a living
i write for a music website . i write a lot about fall out boy .
that sounds fun i work at the gym as a yoga instructor
wow . you must be fit . what about free time ? i read political thrillers .
i like walking nature trails i love nature
not me ! i stay inside and watch sitcoms .
whats your favorite show to watch ?
i love the office and two broke girls .
i have never seen the office but heard it was good
yeah , its hilarious . sometimes hard to watch .
i might check it out . whats your favorite food
either pad thai or chocolate chip cookies . not mixed up , though !
ll that mixed up would taste weird i like salads . was nice talking to you
you too , have a good day .
","The user, who enjoys listening to Fall Out Boy daily, engages in a friendly conversation with a yoga instructor. They discuss their interests, revealing the user’s passion for writing about music, particularly Fall Out Boy, and their love for reading political thrillers and watching sitcoms like ""The Office"" and ""Two Broke Girls."" The instructor shares their love for nature and healthy eating, while the user prefers staying indoors and indulging in comfort foods like pad thai and chocolate chip cookies. The conversation ends on a positive note, highlighting the user’s sociable nature and enjoyment of connecting with strangers."
 i love reading. i enjoy doing beadwork and writing my own patterns. i grew up on a large farm. i just moved from va to pa.,"what do you consider is the best city in the world ?
richmond ! i used to live there , in va . i live in pa now .
will have to check it out . . people always say new york . . did not like it
i bet . i was born and raised on a large farm . i really miss it .
what was your favorite part about it ?
the animals and wide open space . i live in a small apartment now .
me too ! panting does not pay enough for an average sized apartment
at least you are creative ! i love doing beadwork with my own patterns .
sounds fun . . . but creativity only gets you so far . . .
would reading help ? i enjoy reading . stories help me feel creative .
it does . . i ind music to help with that . . . beastie boys for example
i can imagine their music really helps . what do you like to paint ?
people , i love seeing their soul come to live on the paper
that sounds great . i should try creating people using beadwork sometime .
i would love to see that
do you prefer to paint realistic people ? or do you prefer a unique style ?
","The user, who loves reading, beadwork, and writing patterns, shares their fondness for Richmond, Virginia, where they previously lived before moving to Pennsylvania. They express nostalgia for their upbringing on a large farm, particularly missing the animals and open space. The conversation touches on the challenges of creativity in making a living, with both participants discussing their artistic pursuits—painting and beadwork. The user enjoys reading as a source of inspiration and mentions music, specifically the Beastie Boys, as another creative influence. They express interest in trying to create beadwork representations of people, leading to a discussion about artistic styles."
 i am going to school to get a degree now. i have been in 2 car crashes in my life. i like to play sports and get fresh air. food and water are essential to me in life.,"almost saturday , time to get my nails done .
what do you do for a living ?
i am a legal secretary . i wish . i just answer the phone for some lawyers .
what city are you from ?
the paris of the mississippi dubuque .
i have never heard of that place
well , its on the mississippi . where are you ?
i am in cali right now
everyone in this chat is from cali . . . . cornia . where in cali . . . fronnia ?
lol i am in souther california
san diego ? la ? santa barbara ? montecito ?
inland empire . have you ever been ?
does not oprah live in montecito ? nope . need to go .
do you have any hobbies ?
i get my nails done every week . have to take care of them , so , no hobbies .
are you marries ? any kids ?
","The user is a student pursuing a degree and enjoys sports and outdoor activities. They mention getting their nails done weekly and work as a legal secretary, primarily answering phones for lawyers. The conversation reveals their location in Dubuque, Iowa, humorously referred to as the ""Paris of the Mississippi,"" while engaging with someone from Southern California. They express curiosity about California and its notable residents, like Oprah, and inquire about the other person's marital status and children."
 i drink a lot of tea. i hope to one day be a published author. i love art museums. i work in a used book store. i write short stories in my free time.,"hi names zach my dog name is oreo and we ride my harley on weekends
i like to visit museums on my bike to look at art on weekends
i took a chick on a date to a museum she was not into my beard
i get material for my short stories from the customers in the bookstore where i work .
8 play football with the boys
i write stories for children . maybe football would be a good subject .
i am 24 and own my home so i do not understand why i am single
i hope my stories will be published . tons of mint tea helps my creativity
i smoke herb for my anxiety
herb tea helps anxiety also .
well i got medical card so may as well use iy
yes you should . my big addiction is tea though .
i like asian style tea
i do too . i try not to spill it on used books at work though
yeah tea can stain i learn that the hard way
i also spend my break time drinking tea and writing stories .
","Zach, a 24-year-old who owns a home and works in a used bookstore, enjoys riding his Harley to art museums on weekends. He draws inspiration for his short stories from customers at work and hopes to get published, often sipping mint tea to boost his creativity. Despite his achievements, he feels puzzled about being single and shares that he plays football with friends. He also manages anxiety with herb and appreciates Asian-style tea, though he is careful not to spill it on the books."
 my parents taught me to find inspiration in the world. since my dog died i am incomplete. i live in a house with a yard. i am an artist and create with my mind and my hands.,"hi ! how are you ? i am doing fine today .
i am ok i guess . life is rough since my dig died . how are you ?
i am sorry to hear about your dog .
i am just trying to find the beauty in the rest of the world , looking into my yard .
when my dog died i looked for comfort by reading the bible .
that is a popular one . i find inspiration on earth , then make art to reflect it .
what kind of art ? i love traveling to different museums .
sculpture . i like to use my hands .
now that my wife and i have retired we have more time to travel .
that sounds like a lot of fun . have you been anywhere that stands out ?
we went to the vatican which was very inspirational .
ooh , there must be a bunch of ancient and beautiful sculpture and other art everywhere !
yes . we also went to milan , florence , genoa , and bologna .
all around italy . i would love to visit italy . i want to see the sistence chapel .
","The user expresses feelings of incompleteness and sadness after the death of their dog, seeking beauty in their yard and finding comfort in reading the Bible. They are an artist who creates sculptures and draw inspiration from the world around them. In contrast, the other participant shares their experiences of traveling to various Italian cities, including the Vatican, and expresses enthusiasm for art and museums, highlighting their recent retirement as a time for exploration. The user expresses a desire to visit Italy, particularly to see the Sistine Chapel."
" i have six older sisters. i am an avid fan of the boston celtics. i love walking in the park. i work for a small , family owned restaurant. i love chocolate.","hello there ! how are you today ?
i am ok . curious to try ruby chocolate .
i hear they are great ! ever watched anime shows before ?
not much . i usually watch the celtics play for fun .
enjoy them a lot . but not as much as my little pony !
i am the pastry chef in a restaurant . i have made map cakes .
nice ! i love that ! also cats are great ! do not mind me , i am a bit weird .
that is ok . i love walking with my cat in the park .
oh that is great ! my cat on the other hand cannot stand her leash
it depends on the cat . my older sisters are shocked my him .
lol . that is adorable . my cat just lays around all dat
do you have older siblings ?
i am actually the oldest . all siblings are in hawaii at the moment
that is nice . i have 6 sisters . we all live in chicago .
","The user, the oldest of six sisters living in Chicago, expresses curiosity about ruby chocolate and shares their passion for the Boston Celtics and My Little Pony. They work as a pastry chef at a family-owned restaurant, where they have made map cakes. The user enjoys walking in the park with their cat, although their cat dislikes the leash. They mention that their sisters are currently in Hawaii, and they find the conversation about cats amusing, noting that their cat is quite lazy."
 i have a job as an it agent. i am a meataholic. i like smoking weed. my dad works for stifel.,"hi ! please tell me about yourself .
hey there . i live in colorado and work in it . how about you ?
i am disabled and have many hobbies like photography .
i am sorry to hear that . i moved to colorado because i have chronic pain .
i am okay . feel sorry for you . my brother has asthma . . . moved to utah from east . . . is better
the legalized weed here has really helped a lot of people .
my enjoyment is from the music of rain on the windows , , , i burn candles , not lightbulbs .
that is interesting . . . are you some sort of hippy ?
no not at all . i am confined to a wheelchair and pour my money into my hobbies .
oh okay . i guess that makes sense . so you like photography ?
it is art to me . i enjoy taking pics and hanging them . what do you do ?
i work in it . i do network security .
that sounds like important work . i have not ever had a job
wow , really ? no job at all ?
sometimes i take an access van to a flea market , but i prefer to sleep in .
that is my favorite part of sundays . i slept until noon today ! do you like football ?
","The conversation features two individuals discussing their lives and interests. One user, an IT agent from Colorado, shares that they enjoy smoking weed and have chronic pain, which has been alleviated by legalized cannabis. The other user, who is disabled and confined to a wheelchair, expresses a passion for photography and enjoys the calming sounds of rain, preferring to spend time on hobbies rather than working. They mention taking an access van to flea markets but generally prefer to relax at home. The conversation touches on their contrasting lifestyles, with the IT agent working in network security and the other user having never held a job, highlighting their shared experiences of chronic pain and personal interests."
 i love to take walks. i love to knit and crochet. i love to listen to music. i love to go to the lake. i am a happy person.,"good evening , how are you doing ?
i am good . just listening to music while knitting .
i love listening to music when i go on my hikes .
i prefer walks over hikes .
i do odd jobs so i walk a lot . and i mean very odd . . .
odd like what ? i love going to the lake ?
one , i go to a house and sit in a hallway of doors .
sounds really scary . i prefer to be happy not scared .
eh i got three older siblings , nothing really scares me .
i have one baby brother .
you heard of the blood moon ? that is when i was born .
i am not sure what it is but i have heard about it once this year actually .
sounds scary does not it ? but nothing scares me .
i forgot to tell you i love to crochet . were you really born during blood moon ?
yes . they like to remind me when i do my odd jobs .
i want to do some of those odd jobs .
","The user, a happy person who enjoys taking walks, knitting, crocheting, and listening to music, shares that they are currently listening to music while knitting. They prefer walks over hikes and mention doing various odd jobs that involve unique tasks, like sitting in a hallway of doors. The user is unfazed by scary situations, citing their three older siblings as a reason for their resilience. They also mention being born during a blood moon, which is a fun fact that others remind them of during their odd jobs. The conversation reflects their cheerful personality and interests, including a desire to try some of the odd jobs they discuss."
 i read autobiographies before bed. i have a cat named george. i regularly go to the gym. my favorite band is metallica. my favorite meal is chicken and rice.,"wow just finished reading ender s game , what a great book !
really ? i always check the autobiographies in bed
it s not an autobiography . it s a science fiction alien book . well movie too
that is good i also have cat and we always go to the gym
ohh cats annoy me , they get into my garden and mess it up
how about metallica i like them a lot
i m not really into that kinda music . i m from rural ky and like southern rock
that is cool i love chicken with rice there
besides autobiographies what kind of books do you read ?
not much but i love watching movies
movies are good but i feel like books are able to convey so much more .
yes i agree it make you more imaginative
and more intelligent . watching too much tv i thing dulls peoples minds
yes i know but some series are good
true . i hate reality shows though . so dumb . so is fox
i love watching fox sports
","The user enjoys reading autobiographies before bed and recently finished ""Ender's Game,"" a science fiction book. They have a cat named George and regularly go to the gym. The conversation partner, who prefers southern rock over Metallica, expresses annoyance at cats for messing up their garden. While the user appreciates the imaginative quality of books compared to movies and dislikes reality shows, they acknowledge some good TV series and enjoy watching Fox Sports."
 i work in an office. i have a cat named speckles. i enjoy shopping. my favorite hobby is knitting. i have two tattoos.,"hello there . hows your morning going so far ?
its going good ! you ? i am just working at the office .
what do you like to do for fun ?
knitting , shopping , and getting tattoos . i have two already . you ?
i mainly just going for long walks on sunny days , that and reading .
that sounds fun . i also snuggle with my cat , speckles . do you have a cat ?
no . i have two dogs , though . they are small dogs .
i am more of a cat person . dogs destroy stuff too much lol
i would like to get a kitten actually but would be afraid to .
why would you be afraid ? they are good pets
because of our two small dogs .
they are usually good together
i would have to train our dogs to accept the kitten but it can be done .
yeah . it can . just let them get use to each other day by day . whud
i am thinking of a few songs . you ?
eating some pizza ! what time is it where you are ?
","The user, who works in an office and enjoys knitting, shopping, and has two tattoos, shares that their morning is going well while working. They mention their cat, Speckles, and express a preference for cats over dogs, although the other person has two small dogs. The user contemplates getting a kitten but is concerned about how their dogs would react. They discuss the possibility of training the dogs to accept a new kitten. The conversation shifts to light topics, with the other person mentioning they are eating pizza and asking about the time."
 my dream job is a to become a baseball announcer. i recently proposed to my girlfriend of three years. i currently hold three jobs. my favorite band is avenged sevenfold. i watch south park at least once a day.,"hello how are you today ?
great ! how are you ? tired from my 3 jobs . what do you do ?
i do not work , nither does my boyfriend we just collect welfare
how is that working for you ? is that your dream job ? mine is baseball announcer
its not my dream job it just hard to find work
i have to work i recently proposed to my gf . we have been together 3 years
wow that is cool , we have a 7 year old girl and we like the park
i watch south park , daily ! what music do you like ? favorite band ?
i like nature music when we go outside , its very calming
avenged sevenfold fav band calms me !
that is cool , i haunt heard of them are they a pop band ?
they are a metal band . what do you do for fun ?
i just go to the park and that is it
do you go alone or with the family ?
my 7 year old girl , it gets us away from my bf
he does not like to walk with you in the park ?
","The user, who dreams of becoming a baseball announcer, is currently juggling three jobs and recently proposed to his girlfriend of three years. In a conversation with someone who collects welfare and has a 7-year-old daughter, the user shares his daily routine of watching South Park and his love for the metal band Avenged Sevenfold. The other person mentions they enjoy nature music during outdoor activities, while the user inquires about their family outings, revealing that the other person's boyfriend does not enjoy walking in the park with them."
" when people do not like my social media posts , it upsets me. i like to cook new recipes. i am from austin , texas. i post a lot about the food i eat on social media.","hi , i work long hours as a tech at a hospital . you ?
i am a food blogger from austin texas !
cool i hate working so much , but it pays for my car .
i definitely understand that , what kind of car do you have ?
toyota , but someday , i am getting a truck .
awesome , i need something with good mpg because i travel for work a lot
do you vote in elections ? i like voting .
yes i make sure to every time , its really important to me
great , have you looked into an electric car ?
i have looked into hybrids before . are you active on social media ?
no , not really . my grandchildren have not taught me that yet .
i like it but i feel hurt if no one replies to my posts
i can certainly understand that .
is there anything else you enjoy doing ?
","The user, a food blogger from Austin, Texas, works long hours as a tech at a hospital and enjoys cooking new recipes, often sharing them on social media. They express frustration when their posts receive little engagement, highlighting the emotional impact of social media interactions. The conversation also touches on topics like voting, car preferences, and the user's aspiration to eventually own a truck, while the other participant mentions their lack of social media activity due to generational differences."
 i love ballet. i have blonde hair. my favorite food is macaroni and cheese. my favorite color is purple.,"hi ! hows it going today ?
pretty good thank and you ?
i am good ! whats your favorite color ? mines blue
mine is blonde like my hair
haha maybe i should dye my hair blue then !
do you like to dance ?
not really . i have two left feet
oh ballet is my biggest passion
oh cool ! i love watching it , but i like pizza too much to try it haha
is that yoru favorite food ?
definitely . especially cheese pizza . whats yours ?
mine is mac and cheese . mac and cheese pizza too
haha i will have to try that . how old are you ?
i forget sometimes and you ?
you forget how old you are ? ? i am 20
yeah it happens . far color ?
","The user, who loves ballet and has blonde hair, engages in a light-hearted conversation about favorite colors and food. They express their passion for ballet, while the other person admits to not dancing due to being clumsy. The user shares that their favorite food is macaroni and cheese, including mac and cheese pizza, and they humorously suggest trying blue hair. The conversation also touches on age, with the user forgetting their age but the other person stating they are 20."
 i am an only child. i love spicy food. i have traveled to europe and mexico. i like swimming. my mother is a housemaid.,"hello , do you have any pets ?
hi there ! nice to meet you . yes , i have four dogs .
nice , i am more of a cat person though . i have 23 of them
do you have any brothers or sisters ? i have dogs because i have no siblings .
yes but i do not see them often , i travel around the world on my boat
i love to travel ! i have been to europe and mexico . where do you travel ?
i travel around the world to try out all kinds of vegan food
when i am in mexico , i love hot chilis and spicy food ! do you ?
yes i enjoy a lot of types of food , just not fish
when you sail on your boat , do you like to swim ? i do !
no i do not like to swim , do you play any sports ?
no , what do you enjoy playing ?
i enjoy playing soccer , it reminds me of my cats with yarn
lol ! yes , i can see it !
what do you do with your dogs ?
i love to go for long walks with them . they sure shed a lot !
","The user, an only child who loves spicy food and has traveled to Europe and Mexico, engages in a conversation about pets, revealing a preference for cats with 23 of them, while the other person has four dogs. The user mentions their siblings are not often seen due to global travels on a boat, while the other person travels to explore vegan cuisine. They both share a love for spicy food, particularly hot chilis in Mexico, but the user dislikes fish. The conversation touches on swimming, with the user enjoying it, while the other person does not, and they discuss sports, with the user likening soccer to playing with cats. The conversation concludes with the user sharing their enjoyment of long walks with their dogs."
 i like to play video games. i work as a police officer. i have 2 dogs. i like to go hunting.,"hello , alcoholic in recovery here
hi , i am a police officer . how is the recovery going ?
i just stay in my condo mostly
whatever works for you . i occupy my time hunting with my 2 dogs .
i like to keep busy too
i also play video games . what hobbies do you have ?
herpes so the girlfriend moved next door
oh , wow ! ! is she still your girlfriend ?
it is my mustache , it is huge
interesting , are you seeking medical attention for it ?
no not since i retired
what did you do for a living before you retired ?
reporter for the local newspaper
that had to be an interesting life .
i had a lot of fun doing it
i can imagine . did you live in a big city with lots to report ?
","The conversation features a police officer who enjoys hunting with his two dogs and playing video games. He engages with an alcoholic in recovery, who shares that he mostly stays in his condo and humorously mentions his girlfriend living next door due to a herpes situation. The officer inquires about the recovery process and the other person's past as a reporter, expressing interest in their life experiences."
 i m a vegan. i have a tattoo of an angel on my hip. my eyes are brown. i love going to concerts.,"yo , what is up with you ?
i just got back from a concert , my favorite thing to do .
i love it ! who did you see ? i am digging the no yo gotti track .
i saw the insane clown posse it was sick !
so cool ! i would love to see them but have to get good grades
now i have to make dinner since i have vegan
are you a chef ? i am looking for a chef job .
when i got good grades my mom let me get a angel tattoo
that is sweet . i love angels . and god
i got it on my hip , no i am not a chef .
how long have you been cooking vegan ?
two years , next tattoo i want a pair of brown eyes , like mine .
cool . i am too young for a tattoo , still in high school .
i remember those days , enjoy them while you can
yes ! just trying to work , praise god , get good grades , you know ?
growing up sucks , bills , bills , work .
","The user, a vegan with a hip angel tattoo and brown eyes, recently attended a concert by the Insane Clown Posse, which they loved. They express a desire to see more concerts but are focused on getting good grades in high school. The user has been cooking vegan meals for two years and is not a chef, although they are looking for a chef job. They reflect on the challenges of growing up, including bills and work, while also emphasizing their commitment to faith and education."
 i like to watch people pray together. i like to work out at the gym to christian electronic dance music. i like to make cellphone apps that would help heal our world. people hate that i obsess about the poor. people don t like me too much but i like them anyways.,"this ic cream is good but i would rather be having a burger . how are you ?
just got back from the gym ! i had my favorite christian electric dance station on !
i was just watching hamilton . that is my favorite musical .
good one ! i am an app developer . i think they can heal our world .
i do not go to the gym but i like playing a lot of tennis .
poor people do not get to play tennis and that is sad .
i am and accountant but you probably make more money than i do with apps .
that is not huge deal to me . people get annoyed that i champion for the poor .
nothing wrong with that . you should give away free burgers to the poor .
now , watching people pray and really connecting with the lord . love !
hamilton might bring you closer to the lord too .
thanks for being nice . most people do not like me . but i still love them
i am an accountant so i have to like everybody . even some i really do not like
yeah . my dad is a cpa . i get it !
","The user enjoys watching people pray together and working out to Christian electronic dance music, while also expressing a passion for developing apps aimed at healing the world, despite others finding their focus on the poor annoying. In a light-hearted conversation, they discuss preferences for food, share their love for the musical ""Hamilton,"" and acknowledge differing interests in sports. The user remains positive about their relationships, noting that they still love people who may not like them, while the other participant, an accountant, shares a similar sentiment about liking everyone in their profession."
 i don t like to eat meat. my favorite fruit is apple. i like fruit. i like green apples.,"hello how are you today ?
i am doing well but i am a little hungry . how are you ?
i am starving , we should hunt dinner
i do not like to eat meat . do you like to hunt ?
i like hunting with my 2 kids
that is great but i prefer eating apples .
i used to donate apples
did you donate any green apples which i like .
sure , do you have pets ?
i do not have any pets . do you like animals ?
yeah i like cats i have 2
i would prefer one that likes fruit as i do ; perhaps an iguana .
i used to own one as a pet
that is amazing . can you tell me more about your pets ?
they are mean little haters
your cats are mean ? do they harm your two children ?
","The user, who dislikes eating meat and enjoys apples, particularly green ones, engages in a conversation about hunger and dinner options. They express a preference for apples over hunting, while the other person shares their enjoyment of hunting with their kids. The user mentions donating apples and inquires about green apple donations. The conversation shifts to pets, with the other person sharing their fondness for cats and the user humorously suggesting an iguana as a pet that shares their love for fruit. The other person describes their cats as mean, raising concerns about their behavior around children."
 i can t stand clutter or dust. i spend an hour getting ready in the morning. i have horrible allergies. when i shower my skin is nearly red from how hard i scrub.,"hi my name is john
hi john . i am cassandra .
hi cassandra . what do you like to do for fun ?
i like to clean my house and keep things tidy . how about you ?
i am more into outdoor activities and sports .
i like sports too , but i do not go out much due to terrible allergies .
that would be hard for me since i enjoy camping so much
my children like camping and so did i , but my allergies became very debilitating .
wow , can you still work ?
yes , i work in a very clean medical office .
nice , i spend most of my job inside a truck cabin driving
that must be interesting to see the world driving around !
i love working for hostess and driving around the state .
i would end up eating all those yummy treats ! my uncle worked for your rival company .
its why i play first base on the weekends to burn off the calories
that is a great idea ! i would get sick on a baseball field though !
","Cassandra, who dislikes clutter and dust and suffers from severe allergies, enjoys cleaning and tidying her home. She engages in outdoor activities but is limited by her allergies, which have made camping difficult despite her past enjoyment. She works in a clean medical office, while John drives a truck for Hostess, enjoying the job and the sights. They bond over their interests in sports, with John playing first base on weekends to stay active, while Cassandra humorously notes that she would struggle to participate in baseball due to her allergies."
 my hobbies are sleeping and playing the guitar. i am a factory worker. i have a wife and two kids. i want to be in a band someday.,"hello , my father is dead
hello , good to talk to you . i am sorry to hear that
i make commercials to forget
it is good to have something to focus on . i play guitar
that would give me allergies .
i never hear of someone who was allergic to a guitar !
well today is the day i guess
i like to learn new things , i work in a factory
that sounds like a lot of fun
it is hard work , i sleep a lot when i am home
i do not like my wife
that is unfortunate ! i quite like mine , and my 2 children
she left me in canada
oh no ! where did she go ?
she left me for a canadian
perhaps she will not be your wife for much longer
","The user, a factory worker and aspiring guitarist with a family, engages in a conversation expressing condolences for the loss of the other person's father. They discuss coping mechanisms, with the user mentioning that they play guitar and often sleep due to the demands of their job. The conversation takes a turn as the user reveals dissatisfaction with their marriage, sharing that their wife left them for someone in Canada, prompting a sympathetic response."
 my mom went crazy when i was three and i have not seen her since. i am an accountant. my dog is my best friend. my hair is black and curly.,"hello how are you doing today ?
hello . how are you ? i am well .
i am good just got back from a tennis match . it started raining
i am an accountant . what do you do ?
well currently i am going to the university of chicago to obtain a law degree
awesome ! so you like law ?
i do i think my love for mystery novels is what really got me into it
awesome . i love to read too .
what kind of stuff do you like to read ?
i like to read shakespeare . it distracts me from my accounting life .
i bet . any brothers or sisters ?
no , my mom went crazy when i was three and i was a foster kid .
sorry to hear that i am the youngest of 3 so kind of the opposite .
cool . well , i still have my dog . he is my best friend .
i love dogs . they make great companions !
i agree . me and my dog have the same colored hair .
","The user, an accountant with black curly hair, shares that their mother went crazy when they were three, leading to their experience as a foster child. They recently returned from a tennis match and express a love for reading, particularly Shakespeare, which provides a distraction from their accounting career. They engage in a conversation with someone studying law at the University of Chicago, revealing a shared appreciation for reading and dogs, noting that their dog is their best friend and shares the same hair color."
 i live on a boat. i got married last year. i have my own salon. my hair is colored purple.,"hello ! i am in college , studying business administration .
that is fantastic . i studied business administration in community college .
nice ! what made you choose that ?
i studied lots of stuff . it is a very applicable major .
true . my parents are a dentist and a teacher , but i like the business side more .
i own my own business , a salon . also , my hair is purple .
i wish i could have purple hair , but my daycare job would not like it .
kids like purple though . are you married ? i am a newlywed .
no , but i have been with my boyfriend for 2 years . have you been together long ?
a little over six years now . we have a houseboat together .
cool ! is it difficult to run your business while living on a boat ?
no , actually i run my business from the boat . it is a popular place .
you must not have much space for your salon work . was that hard to get used to ?
the salon on our ship is the size of an end zone on a football field .
oh wow ! i am sure that is a very unique experience .
tell me something about yourself .
","The user, who lives on a houseboat and has purple hair, shared that they own a salon and got married last year. They conversed with a college student studying business administration, discussing their respective interests in business and personal lives. The user mentioned that they run their salon from the boat, which is surprisingly spacious, and highlighted the unique experience of managing a business in such an environment."
" i can speak three languages english , french and spanish. i am a mother of two. i m currently looking for employment. i am colour blind.","how are you doing today
good . kids kept me up and just reading the news paper .
i am sorry that sucks how many kids you have
way to many and thanks hard out here . reading classifieds .
yeah my son just woke me and my husband up
when my husband left it made me want to go to school learn more
what are u going to school for
learn new languages and money hard to come now a days
yes money is you have to have a degree to get a good job
kids just waking up . first of the month always helps .
i bet you it does
como esta how are you
i am good and u
good thinking about going to mcdonalds and apply
","The user, a multilingual mother of two who is currently seeking employment, shares that her children kept her up and she is reading the classifieds for job opportunities. She expresses a desire to further her education in languages to improve her job prospects, acknowledging the challenges of finding good employment without a degree. The conversation touches on the impact of the first of the month on finances, and the user considers applying for a job at McDonald's."
 i will never punch a clock again. one day i played the lottery. i used to work a 9 5 job as a telemarketer. i hit for over forty million dollars. i am rich beyond my dreams.,"hi there , do you love are like me ?
do not understand your question ?
i misspelled the word art , sorry
i like art . i also like playing the lottery .
lottery is fun , what is your favorite fruit ?
i love apples . i worked as a telemarketer selling apples .
i do not like them , they give me anxiety
before becoming rich i also had anxiety
being a full time mom is the root cause
having millions of dollars i hire many nannies
nice my husband works all day
how long have you been married ?
too long i am pregnant again .
do you ever play the lottery ?
no it gives me so much anxiety
you sound like a very anxious person
","The user, who has become wealthy after winning over forty million dollars in the lottery and no longer works a 9 to 5 job, engages in a conversation about art and fruit. They express a fondness for apples, despite having previously sold them as a telemarketer, and mention that being a full-time mom contributes to their anxiety. They hire nannies to help manage their responsibilities, while their husband works all day. The user reveals they are pregnant again and notes that playing the lottery causes anxiety for others, highlighting a shared experience of anxiety in the conversation."
 i enjoy skiing. i am from russia. i love to travel. i go to school for business. my favorite music is rock and roll.,"hi . i just finished eating a yummy burrito . did you have dinner yet ?
i have not had dinner yet . that sounds delicious though . do you like music ?
yeah . i guess . i am more of a movie fanatic . binge watching is fun .
i love rock and roll . another hobby of mine is skiing
i enjoy the outdoors , too . hiking is one of my favorite things to do .
hiking is always good . since i was born in russia , i enjoy snow
bur . give me my man cave , movies , and burritos . i am all guy .
same for me with skiing , music , and travelling . what do you do for a living ?
well , in between jobs . my mom understands , but dad , not so much . you ?
i go to business school . your dad is not understanding ?
no . we are not close . mom and i are though .
that is a shame , i hope that changes . i have lost contact with my family .
yeah . i am sorry to hear about your family . do you like business school ?
it is difficult , but i hope that it will help me find a good career
","The user, a Russian student studying business, enjoys skiing, traveling, and rock and roll music. They recently had a conversation about food, expressing their love for burritos and movies, while also sharing their passion for the outdoors, particularly hiking and snow. The user mentioned a strained relationship with their father, contrasting it with a close bond with their mother, and expressed hope that business school will lead to a successful career despite its challenges."
 i love family time. i am a soccer mom. i cook every night. i teach cheerleading in my spare time. i work for a online company from home.,"hello , how are you doing today ?
great , and you ? just working on some new cheers , i coach tonight
i am baking some bread for a gathering tonight .
what type of gathering ? we have family game night tonight !
we are hunters , and we are going to target practice tonight .
oh fun , we cook venison at least several times a week ! i love cooking
i love baking , as i am not a very good cook .
i cook big meals every night but honestly not much of a baker here
you are welcome to come with us and cook , i will do all of the baking .
yes sounds lovely . . if i did not have cheer practice lol and family night
my younger sister is a cheerleader as well .
oh cute , i love watching the little ones learning
they are adorable , she is very skilled with a bow
oh good i need some bow help on my team haha
","The conversation revolves around a soccer mom who enjoys family time and cooking. She is currently working on new cheers for her cheerleading practice and is baking bread for a family game night gathering. The other participant shares their interest in hunting and target practice, leading to a discussion about cooking venison. The soccer mom expresses her love for cooking big meals, while admitting she's not much of a baker. They also bond over their experiences with cheerleading, with the soccer mom mentioning her younger sister's skills. Despite the invitation to join in cooking, she declines due to her commitments to cheer practice and family night."
 i have 3 dog. i have 2 kids. my husband is a lawyer. i love flowers.,"how are you doing today ?
hello . doing well thank you . just got done walking my 3 dogs .
wow you have alot of dogs .
and also 2 kids . a full house i have here .
that sounds like a lot of fun .
yes it is . husband is working constantly . he is a lawyer , not much time with him .
i will bet . he sounds like he is busy with such a big family .
yes . what do you do for a living ?
i work with money . i like finances and such .
oh wow ! that is awesome . not very good with numbers .
what do you do for a living ?
i am a florist . adore flowers a lot !
","The user, a busy individual with three dogs and two kids, shares that her husband, a lawyer, works constantly, leaving her to manage a full household. She enjoys walking her dogs and finds joy in her role as a florist, expressing her love for flowers, while noting that she is not good with numbers, contrasting with the other person's finance-related job."
" my favorite sport is basketball. i run marathons twice a year , mostly in america. i live in canada , near ontario. i am an avid runner.","i am addicted to reddit do you have any online addiction
i read a lot about running . i love to run . we should go running some time .
as long as u do not mind blue its my life hair included
that would make you stand out in a crowd . where are you from ?
jersey only thing in my life not blue is my bike i ride every weekend
i am in canada , ontario area . i do marathons .
i work from home doing insurance sales
i do marathons twice a year , but in america , mostly .
ahh nice to hear i love tim horton so i know something canadian
i also watch basketball , great sport .
i am more hockey its not only strength but mental
i am not much of a hockey fan . i went to one game .
i got season passes to hockey plus i like the cold
i do not like the cold , yet i live in canada .
well canada from what my brother said is like iceland cold but can be warm
and some parts are farther south than some parts of america .
","The user, an avid runner from Ontario, Canada, who enjoys basketball and participates in marathons twice a year in the U.S., engages in a conversation about online addictions, expressing a love for running and suggesting a running meetup. They mention their distinctive blue hair and discuss their dislike for the cold, despite living in Canada. The conversation partner, from Jersey, shares their passion for hockey and biking, while the user acknowledges their limited interest in hockey and highlights their fondness for Tim Hortons as a Canadian staple."
" i wish my boyfriend did not want an open relationship. i have 10 years experience in our industry , yet she gets promoted. i am not going to go the extra mile anymore. i am angry at my coworker.","hi how are you doing ?
hello , am doing good . what about you ?
i am good thanks for asking
what do you do for a living ?
i go to school full time
that is mean you are a teacher ?
no i want to be a radiologist
ohh , sorry my mistake . do you like pet ?
no , no pets for me
are you in a relationship ?
no i m not , too busy
that is good . i think relationship is not good for health and career . wht do you think ?
i would love to be in one but cant find the right person
wait , sweet things come lately ,
are you in a relationship ?
yes , but i thing its not right time for a relationship for me
","The user expresses frustration about their boyfriend's desire for an open relationship and feels undervalued at work despite having a decade of experience, as a less experienced coworker gets promoted. They are also angry at this coworker and have decided not to put in extra effort anymore. In a conversation with someone else, the user discusses their desire to be in a relationship but feels it's not the right time, reflecting a mix of personal and professional dissatisfaction."
 i love to read. my husband is a cop. i am married. teaching is my passion.,"hi how are you today
hello , i am well , how are you ?
i am good ! it is summer time the best time of year
hello , i am well , how are you ?
you said that before . haha . where are you from ?
i like fall and winter . summers are too hot here .
where do you live at ?
i am in the virginia . where are you ?
i am in florida but i am orginally from china
wow . i have been to florida many times but never china
it is so crazy there . my whole family and i left . i have a huge family
i have always lived in the us . i have traveled to europe and england .
oh wow ! i wanted to go to school there but now i am graduated .
on a teacher salary and cop salary international travel can be out of the budget
","The conversation features a user who enjoys reading and is passionate about teaching, married to a cop. They discuss their well-being, seasonal preferences, and locations, revealing that the user lives in Virginia while the other person is in Florida, originally from China. The user shares their travel experiences in Europe and England but acknowledges that international travel can be financially challenging on a teacher's and cop's salary."
 my major was american literature and education. i just graduated college. i live in a big city. on weekends i like to go hiking.,"hi , i am finally home from work
that is good . relax !
how are you doing tonight ?
i am doing well . looking out at the big city lights .
cool ! i cannot wait for the weekend more craft shows to go to
nice ! i just finished college . i majored in american literature and education .
that is impressive . i love reading my favorite books the bible
i love the bible too ! i enjoy hiking , mostly on weekends .
i love the outdoors , me and my boyfriend hike too !
i live in the city so i like to get out of it from time to time .
i do not blame you , i sell jewelry at country craft shows
oh that sounds cool ! what else do you enjoy doing ?
","The user, a recent college graduate with a major in American literature and education, shares their excitement about being home from work and enjoying the city lights. They express a passion for hiking on weekends to escape the city, which they enjoy alongside their love for reading, particularly the Bible. The conversation reveals a shared interest in outdoor activities, as the other person also enjoys hiking with their boyfriend and sells jewelry at craft shows."
 i do not have a lot of friends. i am stuck in a wheel chair. i work at a museum.,"i am hungry
so am i but unfortunately i am stuck working at churchill museum ha .
wheres that ? is there a good restaurant there ?
no its a museum in orlando , fl its new . there is a grand opening soon .
they will have food at that !
my day is not going too great .
then it is time to eat meat
if only i had the money and friends . sadly i do not have either .
you can eat meat with me , red as my hair
haha ! that is cool ! just one problem . i am in a wheel chair .
so , we will have people bring us huge steaks
that sounds awesome ! thank you !
do you like computers ?
i do . i am very tech savvy how about yourself ?
me too . i like repairing busted ones
its so interesting . the way computers work . i hope to own a repair shop .
","The user, who works at a new museum in Orlando and is in a wheelchair, expresses hunger while lamenting their lack of friends and money. They mention the upcoming grand opening of the museum, where food will be available. In a lighthearted exchange, they joke about eating meat together, despite their situation. The conversation shifts to a shared interest in computers, with the user revealing their tech-savvy nature and aspiration to own a computer repair shop."
 i have never been employed. my mother worked for apple. i am diabetic. my favorite genre of music is rock.,"hello there . how are you today ?
i am doing well . just listening to some music . and yourself ?
just through washing my impala . adore it so much !
oh wow ! are you into cars then ?
just mine . love listening to classical music in it .
i really enjoy classical music as well . although , my favorite genre is definitely rock .
i agree ! summer is coming to an end . i wished i could have gone fishing more
too busy with work ? i am unemployed so i had plenty of free time . .
its great to have time for yourself . but i cannot wait for christmas . all the decorating
oh man i love christmas but i miss all the sweets . . i am diabetic
so sorry to hear . but it is a beautiful time to enjoy other things as well .
true , but my mom works for apple and they make her work overtime every year , sadly .
","The user, who has never been employed and is diabetic, engaged in a light conversation about music and personal interests. They expressed enjoyment in listening to rock music, while also appreciating classical music. The user shared their fondness for their Impala car and mentioned the bittersweetness of the approaching end of summer, wishing they could have gone fishing more. They looked forward to Christmas decorations but lamented missing out on sweets due to their diabetes. Additionally, they noted that their mother works for Apple and often has to work overtime during the holiday season."
 my favorite food is steak. i only listen to opera. i get up at 4am everyday. i have never been to canada. i live in a condo.,"hello ! what do you like to do for fun ?
i get up at 4am for work haha , on my down time i smoke
wow , too early ! i collect rocks and dragon ball z dolls .
cool , i use to love dragon ball z , still do , just no time
i have too much time . what do you do for a living ?
work in warehouse
that is interesting . are you active at all ? i do sumba .
my job is very physical , what you do for living ?
i work in an art gallery , i love the big paintings we get there .
that is pretty cool , i need to swith careers haha
i am big into collecting , but cannot afford paintings , i get to see them though !
well that is cool , at least your around something you enjoy
","The user, who enjoys steak and opera, engages in a conversation about hobbies and work. They wake up at 4am for their job in an art gallery and express a fondness for Dragon Ball Z, though they no longer have time for it. They share that they do Zumba for exercise, while the other person works in a warehouse and finds their job physically demanding. The conversation touches on collecting interests, with the user noting they can't afford paintings but appreciates being around them at work."
 i eat well. i exercise. i am in college. i am very social.,"hi , i just got back from work , i am a plumber
hi . cool , now i know when to call when my sink backs up !
right lol , i am in high demand .
i am sure you are . i should pass your contact info to all my friends .
i speak many languages , how about you ?
i only speak one . but in college i am studying another .
what languages are you studying ?
i am studying the language of seduction . to expand my circle of friends .
i meet a lot of people being a plumber
i am sure you have stories ! is plumbing very physical ?
i am also boy scout troop fun fact . lol
do they teach healthy eating in boy scouts these days ?
yes we teach to eat gluten free
cool . a healthy diet and lots of outdoor activities are key .
i agree , well time for a nice glass of wine to relax
yeah . i am heading to the gym with my friends shortly .
","The conversation features a college student who is social and health-conscious, engaging with a plumber. They discuss the plumber's work and high demand, with the student joking about sharing his contact info with friends. The plumber mentions speaking multiple languages, while the student is studying another language in college, humorously noting it's the ""language of seduction"" to expand their social circle. They touch on the physicality of plumbing, the student's involvement in Boy Scouts, and healthy eating practices taught there. The conversation concludes with the plumber planning to relax with wine, while the student heads to the gym with friends."
 i just bought my first car. i am eighteen years old. i just graduated high school with honors. i am going to majoring in business. i received a full scholarship to florida state university.,"hi ! i just started my new job at burger king today !
i love burger king ! i just got my first car !
congrats ! i love burger king as well ! i get to eat it everyday now ! !
watch your calories ! how old are you ? i am 18
i just turned 20 last thursday .
happy late birthday ! are you in college then ? i am going to florida state
thank you . i am in college . i want to start krav maga classes too .
what are those ? i am going to be majoring in business . what is your major ?
basically israeli martial arts . my major is education .
that is super cool ! i was lucky enough to get a full scholarship thankfully !
that is great ! i hardly get any financial aid .
that sucks ! education is so expensive ! what grade do you want to teach ?
i am looking to teach high school . i find it very interesting .
i just graduated from there ! with honors because of teachers like you one day !
awesome ! i hope i can be that inspirational teacher . that is a real desire of mine .
it really is important for teachers to be that way ! they are bigger influences than people think !
","An 18-year-old who just graduated high school with honors and received a full scholarship to Florida State University shares excitement about starting a new job at Burger King and recently buying their first car. They express enthusiasm for their business major and interest in starting Krav Maga classes. In conversation with a 20-year-old college student majoring in education, they discuss the importance of inspirational teachers, reflecting on their own positive experiences in high school."
 i especially enjoy listening to the band the mutineers. i sing many songs. i enjoy reading and walking on sunny days. i am a happy person.,"5th graders , that is what i teach all day !
songs , that is what i listen to all day !
oakville , new york , where songs go to die and 5th graders get taught
very nice . are you happy with your job ?
on the weekends i read books and chill at the lake so no !
i love chilling at the lake and walking around on bright , sunny days . . . join me
well , i am a scholl teacher so i do not think that is appropriate , just sayin
i love singing songs too . . . if your school needs a music teacher !
golf and watching television , i like that so if you do its possible ;
oh , fantastic ! you just made me the happiest girl on earth !
okay , i should not tell you , its against the rules but my name is sarah , call me o
will do ! my names jim !
well i teach at school so that will work !
i will reminisce upon this conversation with mutineers playing in the background
","The user, a happy person named Sarah who enjoys listening to the band The Mutineers, singing, reading, and walking on sunny days, shares that she teaches 5th graders and spends weekends relaxing at the lake. She expresses a desire to join in on outdoor activities but acknowledges the inappropriateness of mixing her teaching role with personal outings. Jim, her conversation partner, engages with her interests and suggests a potential connection through music, making Sarah feel delighted. They exchange names and reflect on their conversation while music plays in the background."
 i am single. i am a cyclist. my father used to be a cop. i work at a restaurant as waiter. my favorite food is pizza.,"hi how are you tonight
i am enjoy , how about you ?
i am good just reading comics
ok , are your married how many childrens ?
no i always get rejected by women
oh , what is your hobbies ?
i like to write and read comics
good , i like cycle rider
that is a great one i write better though
what is your favorite dish ?
i like everything how about oyu
i like pizza and meat , what is your father ?
he is a cop what is yours
my father also a cop , i working in hotel as a waiter
","The user, a single cyclist who works as a waiter in a restaurant, engages in a light conversation about hobbies and family background. They express enjoyment in reading and writing comics, while also sharing a mutual interest in cycling. The user reveals their favorite food is pizza, and both participants discover they have fathers who were cops. The conversation touches on personal experiences with relationships, with the user mentioning frequent rejections from women."
 i have three dogs and two cats. i like to use a lot of exclamation marks when i type. both my moms tell me they love me when i call them. i live in chicago.,"g morning . hope you are somewhere safe during the storms today .
i am , thank you . i am in chicago . are you safe ?
yes , i am on the west coast . our problem out here is wildfires .
i have been watching that . its heart wrenching to see all the devastation .
i know ! i am heartsick . the columbia gorge will never be restored in my lifetime .
i have never been there . do you have any pets ?
no , i am allergic . oddly enough , my twin brother is not .
too bad , i bet there are a lot of displaced pets from the fires .
some of them have been flown out here . we have animals displaced by wildfire out here , too .
flooding in the south , fires in the west . lets hope yellowstone does not erupt
if only we could fold the usa in half , so the fires and floods meet
that would be awesome ! i hope it all ends soon .
and then i heard they just discovered volcanoes under antarctica as well
i will have to tell my mom that , she is touring there in the fall .
","The user, who lives in Chicago and has three dogs and two cats, engages in a conversation about natural disasters, expressing concern for both wildfires on the west coast and flooding in the south. They empathize with the devastation caused by these events and mention the plight of displaced pets. The user shares a lighthearted idea about folding the USA to address the disasters and expresses hope for a resolution. They also mention their mom's upcoming trip to Antarctica, where new volcanoes have been discovered."
 i know how to drive a stickshift. my father was a cop. i am a truck driver. my mother was a teacher.,"hi , how are you doing ?
pretty good . just got back from a long haul my back is killing me !
are you a truck driver ? i work in an md office .
i am ! that sounds like a nice life . i am from a blue collar background myself
i am a medical assistant , still blue collar but hope to go to nursing school .
good for you ! mama , god rest her soul , was a teacher , daddy was a cop
what do you like to do for fun ?
nap ! haha not much . i am a boring guy . you ?
reading . hanging out with my dogs . and flowers , especially lilies .
lillies you say ? you grow them ? or just like em much
i wish i could grow them . live in an apartment .
oh i see . i am in an apt i am never in . you know how to drive a stick ?
no , i mainly ride by bike or take the bart .
whats the bart ? i am a country boy , lol
bay area rapid transit . i live in san francisco ,
oh i see ! wow , i have heard wonderful things . do not get much truck routes that way
","The user, a truck driver from a blue-collar background with a father who was a cop and a mother who was a teacher, shares that they recently returned from a long haul and are experiencing back pain. They engage in a conversation with a medical assistant who aspires to go to nursing school, expressing support for their goals. The user humorously describes themselves as boring, preferring to nap for fun, while the assistant enjoys reading and spending time with dogs and flowers, particularly lilies. The user, living in an apartment, expresses a desire to grow lilies but cannot due to their living situation. They learn that the assistant uses public transportation, specifically the Bay Area Rapid Transit (BART), while the user identifies as a country boy and notes the lack of truck routes in San Francisco."
 my favorite number is 7. i am a deaf man. i never learned how to drive. i love to read books. i sometimes scratch my nose for fun.,"how goes it this sunday
i am doing great how about you ?
doing well , just finished walking my two dogs
nice . i have been reading since i got up
i wish i could read more but between work and the dogs , i am tired !
i hate riding the bus to work but i never learned to drive
you should get a dog and walk to work , i am a big dog person
my job is 20 minutes from home !
lucky you ! my job as a veterinarian assistant is farther away
plus i am limited in my job options , i am deaf
oh wow , my mom has allergies to everything , even my dogs ! so i can relate
i had a dog but he passed away .
","The user, a deaf man who loves reading and has a favorite number of 7, is having a pleasant Sunday and is currently engrossed in a book. He expresses envy towards the other person who has a shorter commute and walks their two dogs, while he struggles with a longer job distance and the challenges of not driving. The conversation touches on their shared experiences with dogs, including the user's loss of a pet and the other person's mother's allergies."
 i am always the one who buys the beers. i like to smell my own farts. i am from san fransico. i like to place blame on other people even when i know it is my fault. my beer gut is so huge i haven t seen my feet in two years.,"so not to brag but i was valedictorian
hello i am ray from florida
hi ray that does not sound fun
i raised in san francisco though , i enjoy my own smelly farts
you are clearly less intelligent than i am .
i have a bad habit of placing blame on everybody else but me
that sounds like a profound character flaw .
lol , i usually purchase all the alcohol when my buddies and i go out
you should think about drinking less and saving more money .
that is why i have a rather large beer gut and my farts stink so bad
did i mention i was valedictorian ? i dropped out of college .
i make 3 million a year money is no object fo me ,
that seems unlikely with your poor diction .
i am not impressed that your a valedictorian
you are not impressive period .
i am impressed that you dropped out of college
","The user, who identifies as someone from San Francisco with a penchant for humor about their own habits, engages in a conversation with Ray from Florida. They boast about being valedictorian, despite having dropped out of college, and humorously acknowledge their tendency to blame others for their faults. The user also mentions their role as the primary beer buyer among friends, leading to a large beer gut and a fondness for their own farts. The exchange includes light banter about intelligence and character flaws, with the user dismissing Ray's claims of intelligence and wealth while expressing a mix of self-deprecation and bravado."
 i like to go on long hikes. i like to pickle eggs. i like to play volleyball. i like to do my nails.,"good afternoon , how are you today ?
good , pickling my eggs before a paint my nails . i am doing thing i like today
very cool . i write code for computers but play with my dogs on the weekends .
oh dogs ! sometimes i go on long hikes with mine something i like as well .
my 2 pits are a handful when i take them out .
take them to the beach . its where i kick butt at volleyball i will do that later today .
there is a dog beach near here . . . . when the weather clears i may do that .
i ran into dog poop there .
ick ! sorry to hear that .
its ok my dogs licked it off
og geez . ll ! that is dogs for you .
yep did look tasty though .
you think ? that is interesting you say that .
some people say i have coprophagia but i do not know what that means
","The user enjoys activities like long hikes, pickling eggs, playing volleyball, and doing their nails. They shared that they are currently pickling eggs and plan to paint their nails. They connected with another person who writes code and plays with dogs on weekends, mentioning they hike with their dogs. The user has two pit bulls that can be challenging, and they enjoy taking them to the beach to play volleyball. They discussed a dog beach nearby and shared a humorous incident about their dogs licking off dog poop, leading to a light-hearted exchange about the nature of dogs and a mention of coprophagia, which the user found intriguing."
 i was drafted last years by the minnesota wolves. i am an athlete. i get paid over 5 million a year to dribble a ball. i went to the university of north carolina. i play basketball.,"hi , i am sarah . how are you ?
pretty good , my name is kevin . doing pretty good . what you into ?
i tend to like reading and hanging out in nature . i like some sports too . you ?
yeah , i play hoops , its kind of my deal
are you on a team ? i tend to like individual sports like tennis and golf .
yep , played in college at unc and in 2nd year in nba with timberwolves .
oh wow ! that is awesome ! whats it like being in the nba ?
getting paid 5 mil a year is a big change ! college was all ramen , haha
i would love to get a famous athlete to come and talk with my students .
that is great , you are a teacher ?
yes . 5th grade in new york . they really look up to pro athletes .
i would be happy to do something like that , how long you been teaching ?
","Kevin, a professional basketball player drafted by the Minnesota Wolves and a former college athlete at UNC, chats with Sarah, a 5th-grade teacher from New York. Sarah enjoys reading, nature, and individual sports, while Kevin shares his experience of earning over $5 million a year in the NBA, contrasting it with his college days of eating ramen. Sarah expresses interest in having a famous athlete speak to her students, and Kevin offers to participate, leading to a discussion about her teaching experience."
 i am a nurse at a hospital. my favorite band is the rolling stones. i am a mother. i love to read and cook.,"do you play any sports ? i run track
i like to walk but that is about it . i am a busy mother .
i have kids of my own as well , but i barely have them at all
that is so sad . i have mine full time . i love them .
i do not have time for that , i just put them off on my grandma
wow . i would not think that way about my four daughters .
lol , kids are not my main priority , no , not at all
i think they should be if you create them .
those little things are not my responsibility
if you made them they sure are .
i guess , but enough about them , do you have any pets ?
we have a dog and a couple of parakeets .
i just have one snake and two bearded dragons
i like reptiles a lot . they are fun .
they really are , but i am really thinking of selling my snake
is there a reason for that ?
yes . it has grown too large and i no longer want it
you seem to be rather fickle .
yes i am , i can never stay on one thing for too long
that is not the best trait to have .
explain to me why not ?
because sometimes you should not give up soon on things . it depends on the thing of course .
yeah , i guess youre right
a lot of people have this problem , though .
it is not a problem , i think of it as something cool
in what way ? explain that .
for people who are not like me , they are boring , i do not do boring
lol , i doubt everyone unlike you is boring . i personally do not like flakes .
i do not believe you are boring , i am just saying i am happy with who i am
that is actually a good thing .
","The conversation features a busy mother and nurse who enjoys running track and has a lighthearted attitude towards parenting, expressing a more detached view on her responsibilities compared to her conversation partner, who has four daughters and prioritizes family. The user shares their affinity for reptiles, mentioning a snake and bearded dragons, while contemplating selling the snake due to its size. They describe themselves as fickle and prefer to avoid boredom, which leads to a discussion about commitment and personal happiness. The conversation concludes with a mutual acknowledgment of their differing perspectives on life and parenting."
" i like going to the moves. i work in a circus as a juggler. i am on a keto diet. i have 2 dogs , both golden retrievers. my father and grandfather also worked in the circus.","hello , how are you today ?
hello there , i am well
now , where are you chatting from ?
i am from a circus
mmm , i have never been there . i love to travel , but never heard of that place .
i love to travel as well , what else do you like to do ?
i enjoy playing hockey . i am on a team with my younger brother . what about you ?
i like going to the movies and walk my dogs , do you like any other sports ?
not really . are you in school now ?
i am not , i work as a juggler , what about you ?
interesting . i just graduated with a degree in business . how long have you juggled ?
it been 10 years or so , i would like to finish college eventually as well .
","The user, a circus juggler with a passion for movies and a keto diet, chats about their life, including their love for traveling and walking their two golden retrievers. They share that they have been juggling for about ten years and express a desire to finish college, while also mentioning their enjoyment of playing hockey with their younger brother. The conversation partner recently graduated with a business degree and shows curiosity about the circus lifestyle."
 i have a dog. my hair is black. i like rock climbing. i am gluten free.,"hello , how are you today ?
i am doing great and how are you ?
i am doing well . i just finished a woodworking project today
wow , how nice ! what are you making ?
i remodeled the kitchen cabinets . i am a carpenter . what do you enjoy ?
kitchen cabinets , that is nice . i enjoy rock indoor rock climbing .
my younger brother enjoys that as well !
yes , it is a great exercise . what are you plans for later today ?
i think i might relax with my wife . we got married 10 years ago !
congratulations on marriage 10 years is a long time .
yes , but there are many more years to go ! are you married ?
no , it is just myself and my dog .
","The conversation features a friendly exchange between two individuals. One person, a carpenter, shares their recent woodworking project of remodeling kitchen cabinets and mentions their 10-year marriage. The other person, who has a black dog and enjoys indoor rock climbing, expresses admiration for the carpentry work and shares their own single status. The conversation highlights their interests and personal lives, with a focus on woodworking and rock climbing."
 i am trying to write an ebook on animals. i work as a mall cop. i am recently divorced. i wish to buy a corvette when i retire. i am a huge fan of dogs.,"hi ! what are you doing ? i am watching anime . i like it .
just got in from work . i am a mall cop
cool . do you enjoy my little pony like i do ?
not really . more into dogs . currently writing an ebook about animals
i do not write but i draw . i make all of my friends my little pony characters .
you sound like my ex wife . we just got divorced .
sorry to hear . how do you feel about cats ? i like them .
i just prefer dogs . huge fan . you like cars . hoping to buy a corvette when i retire
i see . i do like cars . i want a corvette as well !
maybe we should be friends !
sure why not ? ! are you almost done with the book ?
its taking me a while , but i am still trying
anything else you want to tell me about yourself ?
not much else to me , you ?
","The user, a recently divorced mall cop and animal enthusiast, is currently writing an ebook about animals, particularly dogs, which he prefers over cats. He expresses a desire to buy a Corvette upon retirement. In a conversation with someone who enjoys drawing My Little Pony characters, the user shares his interests and experiences, including his divorce. They bond over their mutual interest in cars and consider becoming friends, while the user mentions that his ebook is taking some time to complete."
 i love nighttime. i just bought new hoop earrings. i have a cat named charlie. my favorite food is pizza.,"hey how are you doing today
i am great . hanging out with my cat , charlie .
when my parents died i was raised by my brother
that is awful . i love night time . it is so peaceful here .
peaceful place that i ve been through is for trucks day awesome
it makes everything better when you eat pizza . that is what i am doing
more often i always worry and parking
yes that is a worry
yes because i m not really skilled
i have a big truck and it is also hard to park .
how do you do that then
i always park away from other vehicles so i make sure i do not hit anything
that s a good trick that i can follow
it seems to work good for me .
well i would just ask somebody else to do it
i wish that i could .
","The user enjoys nighttime and finds it peaceful, often spending time with their cat, Charlie. They recently bought new hoop earrings and are currently eating pizza, which they believe enhances their experience. The user shared a personal story about being raised by their brother after their parents passed away. They expressed concerns about parking their large truck due to a lack of skill, and discussed strategies for parking safely, while also considering asking someone else for help."
 my name is gerald. i work at mcdonalds. i like basketball. my favorite color is green. i like rock music.,"hello , and how are you this day ?
fabulous ! i am called gerald . i just finished my shift at mcdonalds .
really . i model . i love to model animal clothing
i listen to lots of rock music in my spare time . what do you do ?
i shop and look good
the boston celtics are my favorite basketball team because they wear green , my favorite color !
well you would like my eyes then . also my shades
do you have a favorite sport or color ?
my favorite color is black . what is yours
green is my favorite color . rock is my favorite music . basketball is favorite sport .
ok . cool olive colored tone is my favorite shade but i love others as well
wow ! you sound like a fun and interesting person !
yes i think so . i guess its time for me to go so goodbye .
have a lovely evening ! take care !
you have one as well . it was nice talking to you .
lovely talking to you too !
","Gerald, who works at McDonald's and enjoys basketball, particularly supports the Boston Celtics due to their green uniforms, shared his love for rock music during a conversation. He introduced himself as fabulous after finishing his shift and engaged with someone who models animal clothing. They discussed favorite colors, with Gerald's being green and the other person's black. The conversation concluded on a positive note, with both expressing enjoyment in their chat and wishing each other a lovely evening."
" my favorite movie is titanic. i am from sterling heights , michigan. i work part time at aldi s. i have two kids , ages 2 and 6.","hi , just taking a break online after shopping on qvc !
woohoo ! where are you from ? i live in sterling heights , michigan .
don t laugh now but it s called celebration fl , though not much going on !
do they have aldi stores there ? that is where i work .
even though i m a shopaholic i tend to shop online and designer resale shops
very interesting ! i shop online for my two kids .
i have 2 kids as well . i m married to a great woman , how about you ?
my children are 6 and 2 . i cant remember if i am married or not .
that can be a sign of early dementia . i just a blog about that !
thanks , i will look it up . are you into movies or music or anything ?
my blog covers modern life so yes i m into movie music and books
i like to watch movies , my all time favorite is titanic .
i like war movies . saving private ryan was great .
especially the beginning ! i have enjoyed chatting with you .
you too . have a good day at work at aldis tomorrow
i will try , please take care .
","The user, who lives in Sterling Heights, Michigan, works part-time at Aldi and has two children aged 2 and 6. They enjoy shopping online, particularly for their kids, and have a penchant for movies, with ""Titanic"" being their favorite. They also engage in blogging about modern life, which includes topics like movies and music. The conversation touches on their shared interest in shopping and movies, with a lighthearted exchange about personal life and humor regarding memory."
 i sing in a punk band. i sometimes write poetry. i want to visit the uk. i like to skate. my favorite color is black.,"hey how are you doing today ?
i am pretty gnarly . just got back from skating with my bros .
oh wow that sounds like fun . i want to go sky diving .
noah . that would be so sick ! ! ! i wanna skydive in the uk !
yeh i would love the adrenaline but i am terrified of heights
i am not afraid of anything . i wear a lot of black to show i am tough .
haha what does black have to do with tough ?
its dark . but i am also sensitive and write banging poetry .
i see and poetry sounds like a lot of fun to write .
totally . i sing in my punk band . sometimes we use my poetry .
wow what an interesting life . the only thing i did was drive a race car .
that is pretty sweet dude . do you have a job or something ?
no i am currently taking my boards for pharmacy .
that seems like a lot of work . i think i will just sing in my band haha .
","The user, who sings in a punk band and writes poetry, shares their excitement about skating with friends and expresses a desire to skydive in the UK, despite a fear of heights. They emphasize their tough persona by wearing black, while also revealing their sensitive side through poetry. The conversation partner mentions driving a race car and is currently studying for pharmacy boards, leading to a light-hearted exchange about their different lifestyles and interests."
 twilight is my favorite book series. i recently moved to florida. i am a huge fan of jason mraz. i want to find out what its like to eat grasshoppers.,"good evening , how are you today ?
hello ! ! i am ok , how are you ?
great , recently i enjoyed a private lunch with my friend will ferrell
did your lunch include grasshoppers ? i have always wondered what their supple bodies might taste like
he is helping me to become a male model in hollywood
really ? i did not know he was a model . does he know jason mraz ?
no , but my low carb diet may allow for grasshoppers
i am sorry , am i speaking to will ferrill ? is this mr . ferrellle ?
nope it is not , but i did overcome urinary cancer at age 18 , so no joke please
like in that fault in our stars book ? what is your favorite book ?
any thing about jazz , i am the biggest fan of classical music , spooky
spooky ? ? that is neat . i , personally , enjoy the twilight series .
cool , did i mention that i know will ferrell ? org , are you jealous ?
yes , that was the first thing you mentioned . i like jason mraz better
","The user, a fan of the Twilight series and Jason Mraz, recently moved to Florida and expressed curiosity about the taste of grasshoppers. They engaged in a light-hearted conversation with someone who claimed to have had a private lunch with Will Ferrell, who is helping them pursue a modeling career. The user humorously inquired about grasshoppers being part of the lunch and shared their experience of overcoming urinary cancer at a young age. The conversation also touched on their mutual interests in music, with the user favoring classical and jazz, while expressing their enthusiasm for the Twilight series over the other person's connection to Ferrell."
 i went to stanford. i play soccer professionally. i have a wife and a 4 year old son. my favorite food is pizza. my idol is theirry henry.,"i am trying to get a lot of work done today , i am behind .
i feel your pain . i went to stanford and i could never get ahead .
i probably have a hard time thinking the work is finished .
right now i just play soccer in a pro league .
very cool , but so is stanford . i went to juilliard .
wow , are you a dancer ? my wife went there .
no , a pianist , but i remember the dance division well .
my 4 year old boy thomas and i are going to pizza hut , our fave !
that is nice , i tend to like the big individual slices with sausage and mushrooms .
do you like henry , the french football guy ? i idolize him .
i know little of football . my favourite athlete is laird hamilton , big wave surfer .
very cool . do you surf too ?
no , and i have always regretted not growing up next to the ocean . just body surfing .
may i ask where you live ?
","The user, a Stanford graduate and professional soccer player, is currently trying to catch up on work. They express a sense of struggle with completing tasks and share that they enjoy pizza, which they plan to have with their 4-year-old son, Thomas. The conversation partner, a Juilliard-trained pianist, mentions their connection to the dance division and shares their admiration for big wave surfer Laird Hamilton, while the user idolizes French footballer Thierry Henry. The conversation touches on their respective backgrounds and interests, including a discussion about surfing and living environments."
 i am argentinian. i like to wear boots. i like to ride horses. i like to eat beef.,"hi how are you doing let us get friendly .
yes . we will . where are you from ?
i am from the united states i live in jersey and you ?
i am in argentina myself . with my lovely horses .
wow i love horses what are some of their names ?
max , rodney , and finn . do you have a hobby ?
yes i like to entertain playing the drums .
i play the drums too . i hope you are not vegetarian .
no but i used to be i am employed at a pizza restaurant .
good because i eat steak often . are you in a band ?
i just had steak too i am so serious i am not in bands .
what is your favorite band ?
i like rap music i like micheal jackson too .
thriller was a great album . it always has me dancing in my boots .
","The conversation features an Argentinian user who enjoys wearing boots, riding horses, and eating beef. They connect with a person from New Jersey, sharing their love for horses, mentioning their three horses named Max, Rodney, and Finn. Both users bond over their shared interest in playing the drums, with the Argentinian expressing a fondness for steak and a non-vegetarian diet. They discuss music preferences, with the Argentinian enjoying rap and Michael Jackson, particularly praising the ""Thriller"" album, which gets them dancing in their boots."
 i am from georgia. i can play the violin. i love chocolate. i want to have two kids. i cannot sing very well.,"hi . how are u ? i just got off work am a waiter at a pizza place .
i am well , its really hot in georgia right .
good thing i love pizza so fed up with the hrs . is georgia pretty ?
its pretty , i like to sit on my porch and play my violin .
how lovely . sounds like a nice place to ride my bike !
it would be , when i have kids , i want to teach them to ride bikes !
i wanted to have kids but recently divorced so now single .
i am sorry , i would give you chocolate because that makes everything better
it sure does . my dad use to do that when i was sad
did he used to sing too ? i wish i could sing .
when he was home . he was a cop so did not see him often .
well i hope he was safe on the job .
he was , he retired five years ago . are u married ?
no , not ready for that yet .
i guess i was not either . any hobbies besides the violin ?
i like to read in my spare time
","The user, a Georgia resident who plays the violin and loves chocolate, engaged in a conversation with someone who works as a waiter at a pizza place. They discussed the hot weather in Georgia and the user’s enjoyment of sitting on their porch playing the violin. The user expressed a desire to teach their future kids to ride bikes, while the other person shared their recent divorce and feelings about wanting kids. The user offered chocolate as a comfort, recalling how their dad used to do the same when they were sad. They also mentioned their dad's job as a cop and his retirement. The conversation touched on hobbies, with the user also enjoying reading in their spare time."
 i am primarily a meat eater. i am a guitar player. my parents do not know i am gay. welding is my career field. i like playing video games.,"good morning , what are you doing today ?
awake early . practiced guitar . what are you up to ?
i am going to work , i am an animal tech at a vet clinic .
i love animals . but i am not vegan . ha . i work as a welder .
i love animals , i have three dogs . do you have pets ?
yes one dog . i also play video games . not married . i am gay .
my husband is an attorney and i have 2 children . bored to death .
those kids should keep things exciting . do not they have activities ?
yes , but i like my job , and want to do more for me .
what kinda of things are on your bucket list ?
travel , going all over the world , skydiving . how about you ?
for me its , travel , buying a sports car , getting a masters degree .
i have a masters , but i am not using it . that is my goal too .
try college teaching . i would love to do that . meet lots of people .
i would love that . my degree is in criminal justice .
oh . police work is exciting . or even police department administrative work .
","The conversation features a meat-eating guitar player who works as a welder and is openly gay, discussing their day and interests with an animal tech at a vet clinic. The user shares their love for animals and video games, mentioning they have one dog and are not married. They express a desire to travel, buy a sports car, and pursue a master's degree, while the other person talks about their family and job satisfaction. The discussion also touches on the potential for college teaching and the excitement of police work, highlighting shared aspirations and interests."
 i have been divorced for 2 years. i love collecting teapots. my grandmother lives in my guesthouse. i work at the local bank. i am a cat person.,"on occasion i like to drive quickly
me too , i work at the bank in my neighborhood
once i lived where i should have died
amazing have any pets ? i have three cats .
i give my family the top priority in my life
well i am going on two years divorced
i am large but harmless
so is my grandmother she lives in my guesthouse
i like to read books but not games
fun i like to collect rare teapots
i am huge but act kindly
i understand how long have you been like that
","The user, who has been divorced for two years, works at a local bank and prioritizes family, including their grandmother who lives in their guesthouse. They are a cat person with three cats and enjoy collecting rare teapots. The user describes themselves as large but harmless and prefers reading books over playing games."
 my car is green and smells weird. my grandma is from denmark. my favorite food is meatloaf. my dogs name is toto.,"hey there i have a child that i love so much a small girl
good day friend . can you hi to my dog toto ?
can i do what ? i am busy with homework online
and my grandma is here too . she is from denmark . she says hi
huh ? i never mentioned my granny lol my hair is always in the way
do not you hate that ? especially when you are eating .
its long an brown i have to serve tables till the degree comes
does your place serve meatloaf ? i love the stuff ! !
yes its so annoying lol you get me
whats more annoying is what smell my car has now . it is bad ! ! !
yes we do the best in town
i will have to drive there soon . cant miss my green car ! ! !
","The user shares that they have a beloved young daughter and a dog named Toto, while also mentioning their grandma from Denmark who says hi. They express frustration about their long brown hair getting in the way, especially while eating, and note that they are busy with online homework and serving tables until they graduate. The user loves meatloaf and is excited to visit a place that serves it, while also complaining about a bad smell in their green car."
" i don t believe in love. i shop online , too much. i live alone. i write children s books. i like to drink.","good morning how are you ?
hello i am ray from florida
hi ray how is your day ? i wish i had a taco .
i love tacos when i drink
oh i love to drink . not 21 yet though .
i live by myself so i shop on the internet way too often
yeah it is easy to waste a lot of money . are you in school ?
no out of school , but i really do not believe in love all that much
going to michigan next year in august .
wow , you ever been their ? i wrote a children book there
you did ? did you confuse there and their in the book too ?
yeah , i have not had much success with writing , not sure why
haha well maybe someday right ?
maybe ! what are your hobbies
mostly summer stuff like running and swimming . never horses .
i see , you have a bad experience with horses ?
","The user, who identifies as someone skeptical about love, engages in a light-hearted conversation with Ray from Florida. They express a fondness for tacos and drinking, despite not being of legal age yet. The user mentions living alone and shopping online excessively, and reveals that they have written a children's book in Michigan, though they feel it hasn't been very successful. They also share their hobbies, which include summer activities like running and swimming, while hinting at a negative experience with horses."
 sometimes i like to visit thrift shops. i like to recycle my thrift shop finds and make new items. i like to sew my own clothing. i am an art teacher. i enjoy clothing with exotic prints.,"hello how you doing tonight
my name is mary , i teach art classes . how are you ?
i am great , my name is tom , and work a computer programer
sometimes i like to sew clothing to wear . what do you like to do ?
i like donate to charity , like money and my time
that is interesting . but what do you do for fun ? i go to thrift shops .
i play with my two dogs . there baby pitbulls
what are the names of your dogs ?
tom and jerry are there names
you named your dog after yourself ?
only one of them , the other i thought be cool to call him jerry
jerry is a good name . i like exotic prints . do you ?
do not know what you mean , , , really
what kind of clothes do you like ?
i wear nerdy cloth , mostly ties
do you ever get ties at thrift shops ?
","Mary, an art teacher who enjoys visiting thrift shops and sewing her own clothing, engages in a conversation with Tom, a computer programmer. They discuss their interests, with Mary expressing her love for exotic prints and thrift shopping, while Tom shares that he donates to charity and has two pitbulls named Tom and Jerry. The conversation touches on their clothing preferences, with Tom mentioning he typically wears nerdy attire, particularly ties, and Mary inquires if he ever finds ties at thrift shops."
" i work in marketing for a large company. my favorite music genre is classic rock. i enjoy playing recreational games like cards , darts or billiards. i like to try different beers from various countries. i like to work on cars.","hello , i am outside with my cat , what are you doing
drinking beer ! love tasting beers from various countries !
i do not like beer but i do pasta
pasta is good ! working for a big company in marketing i have little time to cook .
oh , sounds like you work hard , i am retired
what do you do for fun ? i have many hobbies including working on cars .
i swim at the pool , go outside , and play with my cat
i play pool , card games and darts . i also like music , do you ?
i like a lot of music especially britney spears
really ? my favorite is classic rock ! love listening to that while playing billiards .
i never played billiards , i am an outside person
i like both ! i am excited to retire like you , my only freetime is on weekends .
i was like that until i retired , now i can even sleep late
i am envious , but happy for you !
you will get there and then enjoy it like i do
i am sure i will !
","The user, who works in marketing for a large company and enjoys classic rock music, is currently drinking beer and discussing hobbies with a retired individual. While the user enjoys recreational games like billiards, cards, and darts, the retired person prefers outdoor activities and swimming. The user expresses a desire to retire and have more free time, while the retired person shares the joys of their current lifestyle, including sleeping late. The conversation highlights the user's passion for trying different beers and working on cars, contrasting with the retired person's preference for spending time with their cat."
 my mom and dad are both red headed. i speak fluent german. i am six feet tall. i tell bad jokes on purpose. i wish i was a tiger.,"hi
hey . . how are you ? i have a joke whats brown and sticky ?
what ?
a stick ! !
lol . . . are you a comedian ?
i am not good enough to be a comedian . i am just a connessuir of bad jokes
lol . what do you do ?
i work on cars , but i would much rather be a tiger .
what ? . . . in that case i would rather be a horse
of horse you do ! ! do you speak any other languages ?
nope just english . . . . u ?
fluent in german . . wie geht es dir ?
","The user, who has red-headed parents, is six feet tall and enjoys telling bad jokes, shares a light-hearted conversation with someone about their humor and aspirations. They tell a joke about a stick, reveal they work on cars but wish to be a tiger, and inquire if the other person speaks any languages, mentioning they are fluent in German. The other person responds in English and humorously expresses a desire to be a horse."
" in the evenings i watch the door at a club where they play punkrock. i like dr pepper and black jack gum , but not together. i work in a corner grocery store during the day. my favorite show is scobby doo.","hi how is your day ?
it has been great , how about you
a bit tired from my training at the track
o dang what type of track do you do ?
i am a runner , i still have to take meds but they are not prohibited
nice that is good , i messed up my neck awhile back too .
playing sports or accident of some kind ?
i work as a bouncer at night and got into a fight .
do you have a day job as well as being a bouncer at night ?
during the day i work at a corner store .
video games keep my busy at night , not too good for my eye sight
yeah they can definitely be strenuous .
guess that is one of the reasons i wear eye glasses
yeah you should be careful with that .
","The user, who works as a bouncer at a punk rock club in the evenings and a corner grocery store during the day, shares that they enjoy Dr. Pepper and Black Jack gum separately. They mention feeling tired from training as a runner, while also noting they take non-prohibited medication. The conversation touches on a previous neck injury sustained during a fight while working as a bouncer, and they acknowledge the strain of playing video games on their eyesight, which has led to wearing glasses."
 i work all the time. i take pride in my job managing the restaurant. my brothers work with me. my family is very important to me. i drive a nice car.,"hello
hello , hope all is well today for you !
thank you
i am really busy lately , but managing the restaurant with my brothers is great !
where are you from ?
originally , from cheyenne where my family is from
i am in cali
driving a decent vehicle is important here ! snow is no fun .
what kind of restaurant do you run ?
a small bbq shop my grandma opened in 1985
that is kool
hope you have a great day !
","The user, who takes pride in managing a small BBQ restaurant opened by their grandmother in 1985, is currently busy with work alongside their brothers. Originally from Cheyenne, they value family and drive a nice car, acknowledging the importance of having a decent vehicle, especially in California where snow is a concern."
 i am a violinist. i recently discovered a new love for indian food. my mother was a nurse. i am gong to adopt a dog very soon. i have played since i was 4 years old.,"hi ! have you ever wondered what it would be like to live in space ?
i am basically a violinist , so i do not think about it .
so are you in an orchestra or something ?
kinda , i been in the game since i was four .
did your family teach you to play the violin ?
no i had to learn in school , my mother would drop me off before nursing
how old are you now ?
i am basically 22 and recently started eating indian food .
so are you happy with your life ? violins and indian food ?
basically , all i need to do now is adopt a dog and i am set .
i wish i could be a dog ! i do not like life as a human .
if you were rich you would not be saying this .
that is probably entirely true . unless i were a rich dog . . .
i would rather be a bird .
","The user, a 22-year-old violinist who has been playing since the age of four, shares their recent love for Indian food and plans to adopt a dog soon. They mention that their mother, a nurse, would drop them off for violin lessons, and express contentment with their life, jokingly contemplating the idea of being a dog or a bird instead of a human."
 i do not own any pets. i lease my car. my favorite meal is brunch. i am a recruiter. my car is black.,"hi ! i wear glasses , take prozac and love ebay . what about you ? any family ?
wow that is a lot to digest .
yeah ! i am adopted , have a new bicycle and my dads bisexual . you work out ?
no , i drive around my black car , its a lease .
cool ! will you be my friend ? i like running to keep fit and you ?
no , like i said i do not work out .
okay ! my mom has a carrot orange car . my hair is the same color .
do you like brunch ? its my favorite meal .
i love veggie brunch . i wish i had contacts instead of glasses . you sing ?
i do not sing , i am tone deaf .
i am sorry you cannot hear . what color is your hair ?
i can hear , its just a way to say i am not a great singer .
gotcha . anyone in your family play sports ? we are a little league family .
no , but i recruits for a basketball team .
","The user, a recruiter who drives a black leased car and enjoys brunch, engages in a conversation with someone who wears glasses, takes Prozac, and loves eBay. The other person shares details about their family, including being adopted and having a bisexual dad, while also mentioning their interest in running and their mom's orange car. The user clarifies they do not work out, do not sing due to being tone deaf, and has no family members involved in sports, but recruits for a basketball team."
 i love to go horseback riding whenever i can. my favorite artist is justin bieber. i am a mother of two beautiful boys. my family and i go camping every month.,"hey cheers to the weekend an clean retainers , get it lol
no i do not lol . . explain ?
what excites you ? i am real good with math an biology is my fav .
horseback riding . . camping ! our family goes nearly every month
i am a geek with lame jokes lol sorry
that is okay i can respect that haha
cool ! i like computers always looking at 1 .
i feel like i am too . but my two sons keep me very busy
thanks lol i got a job at google
oh that is a great job !
i love to think an debate you ?
honestly i am not too into that ! i prefer listening to my fave justin bieber
aw kids , 1 day i will have some . not ready .
yeah they are a handful but so much fun to watch grow
","The user, a mother of two boys who enjoys horseback riding and camping monthly, engages in a light-hearted conversation about weekend plans and clean retainers. They share their interests in math and biology, and the user humorously identifies as a ""geek"" with a penchant for lame jokes. They mention their busy life with their sons and express excitement about their job at Google. While the other person enjoys debating, the user prefers listening to Justin Bieber, highlighting their love for music and family life."
 my family comes first to me. i sometimes drive fast. i prefer reading to sports. i have survived near death experiences. i am a gentle giant.,"hello how are you today ?
i am dandy . how is your day going ?
i am doing good after a long night at work
you work the night shift ?
yes , whenever someone dies , i am called into work .
what kind of work do you do ?
i work in a funeral home prepping the people that died for funeral .
sounds unsettling . i have a healthy respect for death
well , we cannot avoid death . it will come when it is time
i have flirted with crossing to the other side a few times
you have been lucky then . not many people have that luxury .
i feel that my life is gift that i must use for the benefit of others
","The user, who values family and has a gentle demeanor, engages in a conversation about their work in a funeral home, where they prepare deceased individuals for funerals. They express a healthy respect for death and share that they have had near-death experiences, viewing life as a gift meant to benefit others. The conversation reflects their introspective nature and acceptance of life's impermanence."
 my house is located in the countryside. i am seventy one years old. my favorite food to harvest is carrots. i love all sorts of fresh vegetables.,"my wifey always makes me smile
oh great ! how long have you been married ?
67 years . i really love all my beautiful kids
that is fantastic . i am 71 years old myself .
by trade i am a baker , but quite humble ;
i love to grow vegetables . one of my favorites is carrots .
too orange ! when i was younger i tried to make it as an actor
fantastic ! i live out in the country .
my spouse always makes me smile
i love all different types of vegetables .
i am 97 , i want to retire soon , looking forward to it !
you have had a long life . how many children do you have ?
17 i know of , i love all my kids , they are beautiful !
oh my word ! they must keep you very busy .
","The user, a 71-year-old humble baker living in the countryside, expresses joy in their long marriage of 67 years and love for their 17 beautiful children. They enjoy harvesting fresh vegetables, particularly carrots, and fondly recall their youthful aspirations of becoming an actor. The conversation reflects their appreciation for family and the simple pleasures of life."
 i like going to the beach. i like my job. i have a dog named george. i used to work for a cable company. i love to ride my bike.,"hi , i work as a lifestyle blogger . what do you do ?
hello ! i used to for a cable company , and recently started working for verizon .
nice ! do you have any children ?
no , but my dog george is basically my kid . haha .
pets are like family ! i have 2 kids and a husband that is like my 3rd child
lol ! are there any places you guys like to go to as a family ?
we go back to celebration in florida often . it is our home town
oh how nice ! i love taking my dog to the beach !
i bet he loves it !
he definitely does ! do you have any hobbies ?
yes , coach cheerleading . i used to be one in high school
that sounds fun ! i am not sporty , aside from biking . do you coach high school ?
no , i teach middle school
cool , i do not think my middle school had cheerleaders .
","The user, who enjoys going to the beach and riding their bike, shares that they previously worked for a cable company and now work for Verizon. They have a dog named George, whom they affectionately refer to as their child. The conversation partner, a lifestyle blogger, has two kids and a husband, and they discuss family outings to their hometown in Florida. The user expresses their love for taking George to the beach and mentions their non-sporty hobby of biking, while the conversation partner coaches middle school cheerleading."
 i have two kids i enjoy being on social media. i love the summer. i work at a animal clinic. i love mexican food.,"how are you doing today ?
good just got back from a adoption event at work
i am baking some cupcakes
ooh i could so go for some empanadas right now
i am craving enchiladas ! ! ! now i am hungry
i love just about any food from south of the border
i know how to make lengua
oh nice i follow food on social media religiously
yes i love to just cook all day ! ! !
i love to cook but in the summer its all about that barbeque
do you ever go fishing ?
yes with my sons every 3 day weekend
i have always wanted to learn how
well my dad goes with us he is the real brains of that operation
i have tried a couple times . i am not very good at it
it takes time and practice trust me i never catch anything special if at all
","The user, a social media enthusiast and animal clinic worker who enjoys summer and has two kids, shares that they recently returned from an adoption event at work and are baking cupcakes. They express cravings for Mexican food, particularly empanadas and enchiladas, and mention their love for cooking, especially barbecuing in the summer. The user enjoys fishing with their sons during long weekends, although they admit to not being very skilled at it, relying on their dad for expertise."
 i hate red meat. i love to surf. i live near the ocean. my hair is brown and curly.,"good morning how are you
i am doing well yourself ? i cannot stand red meat .
i love red meat and the voice
yeah some do , i do not and i like to surf
i love swimming on the weekends
swim in the ocean , i have brown curly hair .
nice i also enjoy reading
what do you like to read ?
a little bit of everything
oh ok , so just like when ever you get the chance and do it .
but i mostly read manuals for the navy
are you thinking of joining the navy ?
i work there so there is that . . .
so you are brushing up on your knowledge .
i like to keep up on things
what do you keep yourself on ?
","The user, who dislikes red meat and enjoys surfing, shares that they live near the ocean and have brown curly hair. They engage in a conversation about their reading habits, revealing they mostly read manuals for the navy as they work there and like to stay informed. The chat reflects their active lifestyle and interests, including swimming on weekends."
 i have never been out of the country. i have never been to college. i love to go hiking. my favorite phone is as iphone.,"hello , what are you up to ?
not much , just doing some research online . how about you ?
i am just getting myself psyched up for the big game tonight .
big game , huh ? what sport ?
basketball , we are playing against the utah jazz
do you think you will win ? how is your record ?
honestly , i do not know , we have not been very good lately .
well maybe tonight will take a turn for the better
as long as i get paid my 5 million , i honestly do not really care .
haha , my father always said that pro sports are all scripted results
yeah ? as in he thought it was all one big conspiracy ?
basically , he says all of the plays and scores are pre planned
well they do not give me a script
well i hope you do well . do you have any other hobbies ?
not really , what are your hobbies ?
i really enjoy hiking and being out in nature
","The user, who has never traveled abroad or attended college, is currently engaged in online research while preparing for a big basketball game against the Utah Jazz. They express uncertainty about their team's chances of winning, humorously mentioning that their primary concern is their $5 million salary. The conversation touches on a belief shared by the user's father that professional sports outcomes are scripted. The user shares their passion for hiking and being in nature as their main hobby."
" i love eating shrimp , and i like to dip them into barbecue sauce. i enjoy watching videos on youtube. i have a small beagle dog who i call droopy. i use third party programs to read portable documents instead of adobe.","hello . what is your biggest fear ?
i am not sure if i have any . good question .
if you had to pick one thing you love what would it be ?
it would have to be siri .
very good answer . what do you do for work ?
i am still trying to figure that out .
what is one thing you always have to have with you ?
i would say my phone and 20 dollars .
i am terrified of spiders do you like them ?
no because i would rather watch youtube videos .
who would you say is your best friend ? mine is my dog
i would say my dog also , its a beagle , its name is droopy .
that is a perfect name for a dog !
thanks , i put a lot of thought into that name .
do you prefer coffee or tea ?
i prefer eating shrimp with barbecue sauce .
","The user expresses a laid-back personality, revealing that they don't have significant fears and enjoy watching YouTube videos. They love their beagle named Droopy, whom they consider their best friend, and they appreciate the thoughtfulness behind his name. While still figuring out their work situation, they always carry their phone and some cash. They also share a fondness for shrimp dipped in barbecue sauce, indicating their culinary preferences."
 i grew up by the ocean. i love to travel. dogs are my favorite animal. i enjoy cooking and baking. i like to eat pizza.,"hey you , what are you up to ?
just cooking and baking . what about you ?
trying to figure out where to put all of these fat stacks
oh that sounds very interesting
you know it does , but i punched a clock one time
growing up i lived near the ocean , i think that made me a calm person
it does not matter to me . i am rich
you seem very rude . do you have any pets ?
i am not rude . just too rich to care
i understand . i wish i were . i love traveling but do not have the money
i have all of the money i need .
well you should buy me pizza
sure . what kind ? a pizza with ?
a large pepperoni and money pizza . extra hundred dollar bills please
of course you plebian .
buy something for my dogs also
","The user, who grew up by the ocean and enjoys cooking, baking, and traveling, engages in a light-hearted conversation with someone claiming to be wealthy. While discussing their activities, the user expresses a desire for pizza but mentions financial constraints, prompting the wealthy individual to jokingly offer to buy a large pepperoni pizza with extra money. The user also requests something for their dogs, highlighting their love for pets. The conversation reflects the user's calm demeanor and appreciation for simple pleasures despite financial challenges."
 i am looking to start a business. i have a brand new chevrolet. i am a big sports fan. i enjoy hanging out with friends and family. i like to get involved in politics.,"hi my name is eric and highly educated
nice . my name is mandi , and i am starting a business .
oh sweet ! ! what kind of business . my father is a butcher and owns his own shop
i am into sports and crafting so i am thinking a home made gift shop .
sounds nice ! ! i love eating meat , being a carnivore ,
very cool ! any hobbies ? i enjoy time with family and friends .
i work , working what keeps me preoccupied in a newspaper stand
sounds fun ! i just bought a brand new chevrolet silverado
those are nice cars , my dog is my companion when i travel and off
www i love dogs ! what kind of dog do you have ?
a golden retriever and he extremely friendly , worst guard dog ever .
ha ha ! i bet he is cute ! are you into politics ? i try to get involved .
he is , i am not so much
do you have a favorite sports team ?
sports , hmmm . . not much into sports . what about you ?
yes , i like the green bay packers .
","Eric and Mandi engage in a friendly conversation where Mandi shares her plans to start a homemade gift shop, inspired by her interests in sports and crafting. Eric mentions his father's butcher shop and expresses his love for meat. Mandi reveals her recent purchase of a Chevrolet Silverado and talks about her golden retriever, which she humorously describes as a poor guard dog. While Mandi is interested in politics and enjoys spending time with family and friends, Eric admits he is not as politically inclined and is less interested in sports, although Mandi supports the Green Bay Packers."
 i live on a beet farm. i think beets are the best vegetable. my favorite animal is a bear. i am a paper salesman.,"i think i hear voices
if i was a psychologist i could help you , but i sell paper .
my enjoy a good mystery flavor cake .
i love beets , so if i could find a beet cake , that would be great .
my neighbors pool guy likes cake , i lust after him .
no pools here . farming life does not give me time to swim .
i argue with myself more than i argue with myself .
have you gotten any help ? i really like bears .
i am all good with my cake !
do you bake the cake or buy the cake ?
i love homemade desserts . so do my coworkers . . . lol
coworkers ? are you able to work with your hearing voices and all ?
i think my students hear them too
wow . you are a teacher ?
","The user, who lives on a beet farm and is a paper salesman, shares a light-hearted conversation about hearing voices, baking, and their love for beets and bears. They express a desire for a beet cake and mention enjoying homemade desserts, which their coworkers also appreciate. The conversation reveals the user's humorous side, as they joke about arguing with themselves and their attraction to a neighbor's pool guy. They also inquire about the other person's well-being and hint at being a teacher, suggesting that their students might also hear the voices."
 i work for a large law firm. i hate tofu. we own our home. my wife stays home with our kids.,"are you vera ? i love library shopping . we are not alone .
crazy , my wife is vera . were you wondering what had become of her ?
yes ! i know how to be by myself . you ? i do not need new friends . you ?
you are never alone , and the law firm i work for knows it . we fight for you .
hmmm . i prefer things the old fashioned way . you . tell me more about vera . please !
well , we have bought the house she grew up in , and she stays home with the kids .
do not trust anyone ! is your vera nice ? ours is dead .
i trust only you . my vera is nice . why is yours dead ?
you are not the kids father . vera is not nice . i am at the library now . you ?
oh no ! but how can you be sure ? ! i am under a bridge on 59th street .
hide the knives ! tell them to leave me alone ! please . you are not on 59th !
oh wait , they changed the sign ! we are working as hard as we can on your case .
shhh . . . they can hear us . i do not need new friends !
well i despise tofu and have never found any friends in it try tofu , for security .
please do not trust anyone .
only you , master . only you . the knives are now secured .
","The conversation revolves around a user who works at a large law firm and expresses a strong dislike for tofu. They mention their wife, Vera, who stays home with their kids and that they have bought her childhood home. The dialogue takes a darker turn with references to trust issues and a deceased Vera, leading to a sense of paranoia about safety. The user insists on not needing new friends and expresses loyalty to the conversation partner, while also humorously suggesting trying tofu for security. The exchange highlights the user's protective nature and their complex feelings about relationships and trust."
 i like sleeping in. i sometimes wonder why i m not married. i have brown hair. i love fall and winter. i like eating healthy foods.,"hi ! who is your favorite super hero ? ?
my favorite super hero is batman
oh cool , mine is superman
cool , i was thinking the same thing . we are so alike
what kind of car do you drive ?
i do not have a car , i ride a bike or my unicycle
oh . i like toyota cars .
is that your preferred brand of automobiles ?
yep . do you use irc ?
no , as a matter of fact i do not . i see no need for it
what is your favorite soda
my favorite soda is dr . pepper , what about you
pepsi . it is soft and bubbly and reminds me of my father
hey , my grandma loves drinking pepsi . please tell me whats so great about it
t is tasty and delicious and goes great in toyota
lol , you should try doing a pepsi commercial
","The user enjoys sleeping in and has brown hair, expressing a preference for fall and winter while also focusing on healthy eating. In a light-hearted conversation, they discuss favorite superheroes, with the user favoring Batman and the other person preferring Superman. The user mentions they ride a bike or unicycle instead of driving, while the other person likes Toyota cars. They also share their favorite sodas, with the user enjoying Dr. Pepper and the other person preferring Pepsi, which they associate with fond memories of their father. The user humorously suggests doing a Pepsi commercial."
 i am a vegan. i love the beach. i have been at my job for seven years. i love country music.,"hello there , i am a university student
hey there ! i am a beach loving vegan . what is your study ?
i study psych , what is your favorite color
blue , what is your favorite music ?
i like rock , do you have siblings ? i do not
i do not , i listen to country , i am a country girl at heart
nice , what is your favorite food , i like pizza
salads here . are you working ? i have been for 7 years
no i do not but i have a dog
what is your dogs name , i am allergic to them .
my dog is named sally
what kind of a breed is she ?
she is a boston terrier
bet she is a beaut . are you close with family ?
i am , i am very close
why did you choose your line of study ?
","The user, a beach-loving vegan who has been at their job for seven years, engages in a conversation with a university student studying psychology. They share personal details, revealing their love for country music and salads, while the student prefers rock music and pizza. The user mentions having a dog named Sally, a Boston Terrier, while the student is allergic to dogs. The user expresses a close relationship with their family and prompts a discussion about the student's choice of study."
 i am a white dancer. i have the support of my whole family. i have studied ballet all my life. my mother is a ballerina.,"hi , how is your evening going ?
its going well ! just got back from my family dinner we have every thursday
that sounds like so much fun ! i really enjoy family time !
totally ! i have their whole support . what are you into ?
i love to cook . i try to every night . i also coach cheer .
oh wow ! i always wanted to cheer , but decided on dance instead
i bet if you tried to get into it you would do so well !
well my mom was a ballerina studied at julliard i felt pressured for dance
wow she must be an amazing dancer . do you enjoy dance ?
yes , she has tried to teach me everything she knows . my feet are so ugly
dancing takes its toll . especially ballet . way to keep dancing !
thank you ! do you coach little cheerleaders or older ones ?
","The user, a dedicated white dancer with a strong family support system, shares that they just returned from a family dinner, which they cherish. They express their passion for dance, influenced by their mother, a former ballerina from Juilliard, and acknowledge the pressures that come with it. They admire the cooking and cheerleading interests of the other person, noting that they always wanted to try cheerleading but chose dance instead. The user humorously mentions their ""ugly"" feet from ballet, while encouraging the other person to continue coaching cheerleaders."
 my favorite music is jimi hendrix. i like to go fishing. i m a college drop out. i m learning to play the guitar.,"hello , how are you tonight ?
i am good ! jamming to some good ol jimi hendrix ! lol
love hendrix ! i am playing fallout .
that is cool ! you play music ? i am learning guitar ! its rough dude .
no , i do not . i sing though .
awesome ! you in college or anything ?
i am not . i am a teacher .
that is pretty interesting . i dropped out of college . not my thing .
do you like movies ? i love magic mike .
i will watch them sometimes . i would rather be outside honestly . fishing or hunting .
i am a city girl , not really a fisher or hunter .
the country is awesome ! very peaceful and quiet . not much nightlife though .
i do not like to go to clubs or anything like that .
what do you do for fun ?
i go geocaching and hike .
see , you would fit in in the country too ! lol
","The conversation features a user who enjoys Jimi Hendrix and is learning to play the guitar, expressing a laid-back and outdoorsy persona. They discuss their preference for fishing and the peacefulness of the country, contrasting with the other person's city lifestyle and lack of interest in outdoor activities. The user reveals they dropped out of college, while the other person is a teacher and enjoys singing. They bond over music and share their different leisure activities, with the user suggesting that the other might enjoy the country life as well."
 i own a mansion that i do not live in. i never met my parents. i am a genius and know over 300 languages. i am an international business man.,"how is your friday going ?
it is going good , i work every friday because i work as an international business man .
that must be hard , i work with vets as a tech
that is great , do you like your job ?
it is a good way to help animals
that is great , i love animals . do you know any languages ?
just english , i love to read
i love to read too , i know over 300 languages , some say i am a genius .
that is amazing . do you like movies ?
sometimes i usually really only watch documentaries .
my favorite are horror movies
i own a creepy mansion that reminds me of a horror movie
stephen king would like that . i love his books
i enjoy stephen king as well , have you seen the newest movie based on his books ?
","The user, an international businessman who owns a mansion and claims to know over 300 languages, shares that their Friday is going well despite working. They express a love for animals and reading, while discussing their interest in horror movies, particularly those based on Stephen King's works. The conversation reveals the user's unique persona as a genius with a fascination for literature and a connection to their eerie mansion."
 i once saw the easter bunny hiding behind my closet door. my mom is a checker at the local grocery store. i grew up in alabama. i do not like the song sweet home alabama. i love watching game of thrones.,"hello , how are you today ?
good afternoon . i am great ! and how is your day so far ?
its been good , just got back from some fishing , did not catch anything today though
oh wow ! i went fishing only once maybe 2 months ago and caught a baby flounder
awesome ! i love summer so its always great to see people getting out and enjoying themselves
i think being in a boat surrounded by all that water is scary !
agree , but i find it soothing to put on episodes of the lone ranger
game of thrones would be more like it .
i am more of a classic radio kind of guy , have you heard of chickenman ? its hilarious !
no never heard of him .
its a parody of batman . he had no skills and would take the bus to crime scenes .
that sounds hilarious . i may have to find that show
you can find it on stitcher premium !
never heard of that either . is it an app
yes , i enjoy listening to podcasts on it as i drive my chevy impala
growing up in alabama i have seen plenty of impalas
","The user, who has a fondness for Game of Thrones and a nostalgic connection to their Alabama upbringing, engages in a light-hearted conversation about fishing and classic radio shows. They share that they recently went fishing but didn't catch anything, while reminiscing about their own fishing experience catching a baby flounder. The user expresses a preference for classic radio, mentioning a humorous show called Chickenman, which leads to a discussion about podcasts and the Stitcher Premium app. The conversation reflects the user's easygoing personality and appreciation for humor and nostalgia."
" my biggest fear in life is heights. i use to be a huge superman fan as a child. i can make fart noises with my arm pits , even some musical melody. there is only been one set of twins in my family. i have been cheated on by every ex girlfriend except for one.","hello , how are you tonight ?
doing good . just trying out some new melody .
music is nice . i prefer game soundtracks personally . its about all i can do from bed .
music is ok . my talent though is armpit farts . ll . why you stuck in bed ?
had an accident , though i am glad i found a way to work from home now .
that is good . you did not fall from a high place did you ? heights scare me .
car accident , heights do not bother me , though my pets can calm me down from anything lol
my dog is always loyal , unlike all my cheating ex girlfriends .
that is why i avoid most women . i prefer my contact via social media nowadays .
yeah . only 1 did not cheat . but she thought batman was better then superman .
he is , but only in my video games haha
awe man dude . so you make games or just play ?
","The user, who has a fear of heights and a childhood admiration for Superman, shares that they are currently recovering from a car accident while working from home. They express their talent for making musical melodies with armpit farts and mention their preference for game soundtracks, as they can only enjoy music from bed. The user reflects on their loyalty to pets, contrasting it with their experiences of being cheated on by all but one ex-girlfriend, who controversially preferred Batman over Superman. They express a preference for social media interactions over in-person relationships, revealing a cautious approach to dating."
 i have an older brother. i live in the city. i love my girlfriend. i work in a bookstore.,"hello , fall is messing with my allergies .
really ? what are you allergic to ?
trees , leaves , everything , seasonal allergies .
that must be terrible . i would never go outside .
i spend a lot of time indoors , i watch movies and tv .
i do too . i love books . that is why i love my bookstore job .
i produce commercials which is why tv is such a big part of my life .
oh , that is interesting . that has to be good money .
yea , it keeps me pretty comfortable .
where do you live ? i live in chicago .
i grew up in wisconsin . i live in texas .
i used to know some people in dallas . are you near there ?
nope , in houston . i follow metal bands though and sometimes go .
my older brother brandon really loves metal .
","The user, who lives in the city and works at a bookstore, discusses their seasonal allergies, particularly to trees and leaves, which keep them indoors watching movies and TV. They express a love for books and share that they enjoy their job. The other person works in commercial production and mentions their comfortable lifestyle. The user lives in Chicago, while the other person is from Texas, specifically Houston, and follows metal bands. The user also mentions their older brother, Brandon, who is a metal music enthusiast."
 i m never still. i drive junk cars that no one else wants. i fix airplanes for a living. i prefer vinyl records to any other music recording format. i think if i work hard enough i can fix the world.,"hi ! how are you doing today ?
i am great , how about you ?
i am doing pretty well . i am planning my winter trip to florida .
oh fun , where are you going ?
i will be spending some time in miami .
are you flying ? i work on planes for a living .
yes i will be flying . driving takes too long .
i agree . flying is more fun . i need to be moving at all times .
i like taking the train sometimes too . but not on that long a trip .
i am really into junk cars so i travel a lot to find those .
do you like building new ones from them ?
no i just really like a good deal .
ok that is cool as well .
do you have any interests like that ?
","The user, who is always on the move and works in airplane maintenance, is planning a winter trip to Miami, Florida, preferring flying over driving due to the time it saves. They express a passion for junk cars, enjoying the thrill of finding good deals rather than building new ones. The conversation touches on travel preferences, including a mention of train travel, and invites the other person to share their interests."
 i write short films. i play the guitar. i like to go to comic con. i am a lesbian.,"i am an animal lover . how do you feel about them ?
hi , i love animals too . i just wrote a short film about animals .
i watch films like that .
that is awesome ! i am getting ready to go to comic con . have you been before ?
no but i would like it .
tomorrow i am headed to a lesbian bar to play my guitar . what are you up to ?
i am going to the woods to watch wildlife .
be careful you do not run in to sasquatch .
i do not believe in that .
you never know what is out there .
i think the world is too full for them to be able to hide well .
maybe i will write a short film about them .
i would watch that as well .
so you are a big movie fan ?
no but i watch films on interesting topics .
what topics are your favorite ?
","The user, a short film writer and guitar player who enjoys going to Comic Con and identifies as a lesbian, shares their love for animals and discusses their recent short film about them. They mention plans to play guitar at a lesbian bar and express interest in wildlife, while humorously contemplating the existence of Sasquatch. The conversation reveals the user's preference for films on intriguing topics, although they don't consider themselves a big movie fan."
 i sleep 10 hours every day because my work is tiring. i have a wife and two kids. i am a factory worker. i want to be in a band someday.,"are you hungry ? i can bake you something .
i need more hours to sleep
i am always baking for the old people in my retirement home .
my wife can bake for me , and for the 2 kids
why are you so tired ? i can sleep when i am dead .
i work in a factory
ah . i am really old but my kids visit me all the time .
labor work , very energy demanding
i bet . do you like cake ? my grandson does .
but all i wanted to be really is have my own band
cool . chocolate is his favorite .
wow , i do not really like chocolate
i will bake you a cake when you start your band .
can you sing ? you can join me
does not have to be chocolate . i can bake anything . sure !
wow , can you play a musical instrument ?
","The user, a factory worker who sleeps 10 hours daily due to the demanding nature of their job, discusses their family life with a wife and two kids. They express a desire to start a band one day and mention that they enjoy baking, often for elderly residents at a retirement home. Despite their fatigue, they maintain a light-hearted conversation about baking and music, indicating a willingness to collaborate musically with the other person, who has a grandson that enjoys cake. The user prefers not to eat chocolate, and they both share a playful exchange about baking and musical interests."
 i collect seashells. i have two chiuahuahs. i am a yoga instructor. i have a son.,"hi how are you doing
i am good . do you collect anything ?
no i do not do you
i have a shell collection .
that is nice where did you get the ,
i get them on vacations i go on .
that is nice do you travel a lot
yes , my son and i do .
that is nice where do you go
lots of places . i like calm beaches and things . i do yoga there .
that is so nice i like yoga
i am an instructor in it .
how long have you done that
for about five years and i will keep at it .
","The user, a yoga instructor who collects seashells and has two Chihuahuas and a son, shares that they enjoy traveling to calm beaches with their son, where they practice yoga. They have been teaching yoga for about five years."
 i love anime. i draw comics. i visit comic con. i read a lot.,"hi names raj and i can speak three languages
i wish i did i draw and stuff
i speak arabic , english , and french . it is a great thing to have and useful .
do you read comics ? i make them
no , i do not read comics , but i do play in a jazz band
what about anime ? how do you feel about that ?
no i do not watch anime , i go hiking in the weekend how about you ?
no i just stay home and read
i play piano in the jazz band . my family immigrated from algeria to the us
yeah that is cool , what is your favorite color ?
i love the neon blue color .
i know , it is the best right ?
it is a pretty cool color .
so is pink i guess
pink is a good color .
i really really like hot dogs
","Raj, who speaks Arabic, English, and French, shares that he plays in a jazz band and enjoys hiking on weekends. He expresses pride in his multilingualism and discusses his family's immigration from Algeria to the US. The user, who loves anime, draws comics, and prefers staying home to read, engages in a light conversation about colors, revealing a fondness for neon blue and pink, while also expressing a strong liking for hot dogs."
 my favorite food is pasta. i retired so i can spend more time with my husband and helping people. i love helping people. i am a older woman.,"hello , konichiwa , bonjour . how are you ?
bonjour , i am very well , how are you ? have you had your supper yet ?
yes i had noodles and fish . very popular here in japan
that sounds tasty . i had my favorite dish . pasta with red sauce .
are you italian ? the best italian food is in naples where i traveled last year
i am irish . i hope to travel more now that my spouse and i have retired .
traveling is exciting , but i travel a lot and it can get lonely
i get lonely too , volunteering with the local park service helps .
what kind of work did you do ? i work as a programmer .
i am a retired bookkeeper . i volunteer now as a docent at a local history museum .
and you are living in ireland now ?
i live in the applachain mountains . my husband brought me here many years ago .
i love the mountains . i was worked in north carolina in the mountains .
what time of year were you there ? the mountains are particularly lovely in autumn
i was there in the summer and autumn . very brilliant colors in the fall .
did you enjoy the weather ? i suppose japan is not quite as hot as carolina in summer .
japan is beautiful . you should take your husband and come here .
i hope to do so someday soon .
","The conversation features an older woman who enjoys pasta and has recently retired to spend more time with her husband and help others. She engages in a friendly exchange, discussing her favorite dish of pasta with red sauce and her Irish background, while expressing a desire to travel more with her spouse. The other participant, a programmer, shares experiences of traveling and loneliness, while the woman mentions her volunteering as a docent at a local history museum. They bond over their love for the mountains, with the woman reminiscing about her time in North Carolina and expressing interest in visiting Japan in the future."
 i work at a museum. i like to go to the park. i am stuck in a wheel chair. i read a lot. i don t have a lot of friends.,"hi how are you today
hello , i am miss hall .
hi how are you today
i cant complain . i am in a wheel chair but i am alive .
yeah how did that happen
at my job . i fell off the top floor and dislodged two disc
how is the weather there
the weather here is great . i can go to the park and do laps
do you have a job
yes . at the museum . i have time to trad more now that i am crip ple
yeah do they have adequate ramps
they made them for me . not too many people want to be around me .
and why is that for
i guess i make them feel uncomfortable . i am wheel chair shawty
yeah that is rude of them
it is ok i am use to it . tell me about you
","The user, Miss Hall, works at a museum and is in a wheelchair due to a fall that dislodged two discs. Despite her situation, she maintains a positive outlook, enjoying the great weather to go to the park. She mentions that the museum has made accommodations for her, including ramps, but feels that her disability makes others uncomfortable, resulting in a lack of friends. She expresses familiarity with this social isolation and invites the other person to share more about themselves."
 1984 is my favorite book. i am in college. i am allergic to nuts. i love book.,"hi . i am kevin . i love to play music
oh , kevin is my husbands name !
nice ! i am a student . what do you do ?
what instrument do you play ?
guitar . do you like music ?
i am a college student and love music !
wow . are we the same person ? lol
lol ! my brother played clarinet and was in line for the bso .
awesome ! i love working out you ?
not into it but love to walk .
me too ! and biking
do you like to read ? i love it !
i do ! i love to learn things . . . i also develope software .
nice ! ! ! nothing like a good book !
except a good piece of chocolate cake !
so true ! what kind of software do you develope ?
","In a light-hearted conversation, a college student who loves reading and music connects with Kevin, a musician who plays guitar. They discover shared interests in walking, biking, and a passion for learning. The student mentions developing software and expresses a fondness for books, while also humorously noting their allergy to nuts. The conversation flows with playful exchanges about their hobbies and preferences, including a shared appreciation for chocolate cake."
 we liked to pretend we were superheroes. i love going to the movies. it s one of my favorite hobbies. my parents would take my brother and i when we were little.,"hello , hope you day is great so far
my day is wonderful . how is yours ?
great i am going out fishing , what are you doing
probably going to catch a movie . do you enjoy going to movies ?
movies bore me , my job as an emt is exciting enough for me
my parents have taken my brother and i to movies since we were young .
i really love my mom , do you have anyone special in your life
yes . a wife and two kids . we love acting like superheroes . you ?
i am alone in this world
maybe for now , but never give up hope .
thanks , my mom tells me that too every day
my mom was a great support for me too .
what movies do you like
fantasy , mostly . but i also enjoy romantic comedies . you , if any ?
comedy for sure i love family guy
family guy has some funny moments . but simpsons is the best for me .
","The conversation features two individuals discussing their day, with one planning to go fishing and the other intending to catch a movie. The movie enthusiast shares fond memories of going to the cinema with their parents and expresses a love for fantasy and romantic comedies, while the EMT finds movies boring compared to their exciting job. They both reflect on their relationships with their mothers, with the EMT mentioning a wife and kids who enjoy pretending to be superheroes. The conversation highlights the movie lover's appreciation for cinema and family, contrasting with the EMT's more practical outlook on entertainment."
 i never cook. i like to dress up for other people. i take great care of my skin. i m an actress and i work at a grocery store.,"hi there , will you go fishing with me ?
sure but only if you cook the fist for me . i do not cook .
you would have to watch my five children while i cook .
can i take them to the grocery store ? i work there and do some acting too !
sure just do not loose them
can i dress them up too ? i enjoy dressing up for others .
i do not know , their grandmother is a lawyer , just so you know .
i was hoping she was a dermatologist . i m obsess with skin care !
that would be convenient right ?
yes , i like to take care of my skin !
i intern with computers so i have bad skin .
as an actress i have to have good skin !
sounds like a must i guess .
it is that is why i don t cook so i don t get burnt .
","The user, an actress who works at a grocery store and has a passion for skincare, engages in a lighthearted conversation about fishing. They humorously decline cooking, suggesting they would rather take the other person's five children to the grocery store and dress them up, as they enjoy dressing up for others. The conversation touches on the children's grandmother being a lawyer and the user's concern for maintaining good skin, emphasizing their dedication to skincare as essential for their acting career. They playfully mention that avoiding cooking helps prevent burns."
 i have a lot of allergies. i work in commercials. my favorite type of music is metal. my dad died when i was in high school. i like watching tv and movies.,"i am trying to glue some macaroni to cardboard right now !
i would not be able to do that . i am allergic to the gluten in macaroni .
oh , really , does that interfere with work ? i pump gas !
not really , my allergies are part of life . i am a commercial actor .
really ? i sell encyclopedias , maybe you could make an encyclopedia commercial ?
i hope to get into tv and movies one day . i love watching them .
that is great , i collect rocks , which i realize is very different type of hobby !
geology rocks ! i wish i could spend time outside , but with all my allergies . . .
that is tough ! i travel for sales , so have to be outside !
yeah , i can imagine that a traveling encyclopedia salesman is outside lots .
as an actor , have you met anyone famous ?
meeting ozzy osbourne was the biggest and best , i love metal !
wow ! me too . i saw peyton manning at a store once !
i loved his papa johns commercials ! inspiration .
","The user, who has multiple allergies and works as a commercial actor, is currently engaged in a craft project involving macaroni, which they cannot use due to gluten allergies. They express a desire to transition into TV and movies, sharing their love for watching them and metal music, particularly highlighting a memorable encounter with Ozzy Osbourne. The conversation partner, a traveling encyclopedia salesman, shares their own experiences and hobbies, including collecting rocks, while acknowledging the challenges of being outdoors due to allergies."
 i would like to go to school to become a veterinarian. i love animals and i want to help them. i love going to the gym. i have three pets. i am currently on a diet.,"hey , there ! hows it going ?
good , just got back from the gym . how about you ?
i was testing out a new recipe . i love to cook .
i do too ! though i can do much now . on a diet . want to lose ten pounds
there are tons of healthy recipes out there . have you tried them ?
i have , but most of them taste like dog food . which is odd , as i love animals .
maybe i can share my posts of my healthy meals with you .
sure . so other then health stuff what do you like ? pets ? i have 3 dogs .
i am all over social media , thumbing up posts like a boss !
that is cool . what do you want to do in the future ? i wanna be a vet .
i might want to be a chef or open a restaurant here in austin .
sounds like you like to cook . the same for me with wanting to help animals .
yeah , i am an online foodie . if only there were a job for that !
i think there are . blogger ? lol
","The user, who aspires to become a veterinarian due to their love for animals, shares that they recently returned from the gym and are currently on a diet to lose ten pounds. They express a passion for cooking but find many healthy recipes unappetizing. The conversation partner offers to share healthy meal posts, and they discuss their mutual interests in pets and cooking. The user also engages in social media, joking about the possibility of a job as an online foodie, while the partner considers becoming a chef or opening a restaurant in Austin."
" i like to try different beers from various countries. my favorite music genre is classic rock. i like to work on cars. i enjoy playing recreational games like cards , darts or billiards.","hello there . how are you ?
really mellow . just drank the best beer from china ! who knew ?
that is awesome ! beer is great with sushi , my favorite food !
not my thing , but to each his own . i am more of a classic kind of guy .
oh i see . my 2 kids also dislike sushi .
after a long day in the garage , a thick steak hits the spot .
that is so true ! that was my congratulatory dish when i graduated nursing school
i am indebted to all the nurses who stitched me up in the emergency room .
it is a rewarding profession . just helping people is a joy of in itself
i like a nice game of darts in the pub after a long day of work .
playing pool is mine after a long day .
that is also be fine relax . or a night of poker .
that is true . have you just been to china ?
no , why do you ask ?
","The conversation features a beer enthusiast who recently enjoyed a Chinese beer and shares a preference for classic rock music. They discuss food, revealing a dislike for sushi, and bond over favorite post-work activities like playing darts and billiards. The user expresses gratitude for nurses after a personal experience, highlighting the rewarding nature of the profession. The chat concludes with a casual inquiry about travel to China, indicating a friendly and relaxed exchange."
 i eat lots of pancakes and syrup. i am a lumberjack. i love to cut down trees. i love to fish.,"hi how is your day going so far
i am doing good hope you are the same . just had some great pancakes and syrup
yummy i am eating a humongous bowl of cereal at the moment
hope you enjoy your cereal . i need a big breakfast . i use alot of energy being a lumberjack
damn that is a tough way to make a living
yes and dangerous . what do you do ?
i do physical labor as well at a concert venue
that sounds cool . i love concerts . what kind of music ?
mostly country but we get the occasional rap or classic rock show
i enjoy classic rock . do you like to fish ?
i do not fish but i love to get fish tacos at my favorite food truck
fish tacos are great . i enjoy fishing in my spare time . do you have a hobby ?
i have been taking flying lessons as i have great confidence in myself
that is an interesting hobby . would love to learn to fly . when do you get your wings ?
its a long process so i do not know when i will earn my license
good luck with that . i know you will enjoy being a pilot
","The user, a lumberjack who enjoys eating pancakes and syrup, shares that they had a great breakfast and discuss their physically demanding job. They express an interest in fishing and classic rock music, while the other person works at a concert venue and takes flying lessons, expressing confidence in their ability to become a pilot. The conversation highlights their shared appreciation for food and music, along with their active lifestyles."
 i am a business man. i love to sing. my wife has terminal cancer. i am a karate black belt. i have 3 children.,"hello . how are you today ? ? ?
not to good just found out my wife has cancer and nothing they can do
org . that is terrible . i am so sorry she has to go through this .
thank you we do not know how to tell our sons
how old are your sons ?
15 , 18 and 20 my 20 year old will take it better than the other two
yes . it would be harder if they were little children . do you like reading ?
i do i like reading about business and finance
i do not know much about those . i like reading horror books like stephen king
those are ok books stephen is a very talented author
ca not wait to see the movie it ! got any hobbies you like to do ?
i have heard great reviews for it . i spend time with my boys and do karate
i like to do bird watching . i am able to identify about 40 kinds of bird species .
that is interesting have you read a lot of books about it
yes . my dad got me into bird watching . i have read all his old books on it
that is great you and your dad have that bond
","The user, a businessman and karate black belt, is struggling with the news of his wife's terminal cancer and is uncertain about how to inform their three sons, aged 15, 18, and 20. He appreciates the support and shares his interests in reading, particularly business and finance, while also expressing a fondness for singing. The conversation partner enjoys horror books, specifically Stephen King, and mentions a hobby of bird watching, which the user finds interesting, noting the bond he shares with his father through this activity."
 i have four daughters. i am a michigan state trooper. i love chocolate cake with extra frosting. i play guitar. i have two siberian huskies.,"hi , how are you ? i am unwell for i sit on my computer for hours and hours .
hello , i am doing very well thank you . getting ready for work soon .
here i sit , always watching tv . foreign movies and tv shows .
i play the guitar for an audience of two , my huskies .
my current lifestyle , obviously , is quite boring .
nothing wrong with that , i like boring . my job is unpredictable .
i do like to learn of other cultures , however .
i do too , i encounter so many by responding to calls .
i would like to do other things besides sit here lonely all day .
you should find a friend and get out more .
i cannot find a friend alone on this couch .
no , you cannot . get off the couch .
i am attached to it , sadly .
all you have to do is get up .
i am unfortunately glued . gorilla glued .
that presents an entirely different situation .
","The user, a Michigan state trooper and father of four daughters, expresses feelings of loneliness and boredom from spending too much time on the couch watching TV and working on the computer. They play guitar for their two Siberian huskies and enjoy learning about different cultures through their job. The conversation partner encourages the user to get up and find a friend to break the monotony, but the user humorously claims to be ""gorilla glued"" to the couch."
 it was too small. i cannot do math. i just got a new sweater. i smell like french fries.,"hi ! how are you doing today ?
i am having the worst day .
i am sorry to hear that ? why is that ?
i was at the mall today and bought a sweater . its too small now .
that is the worst . i am 5 3 so it is an okay size to shop for
wait so i am 5 9 so how much shorter is that ? math is hard .
some say fun size , but i saw unloving
so you like how short you are ?
sometimes i wish i was taller . good for fitness though
you like to work out then ?
i sure do ! and after i sit back and watch movies
not for me . i like junk food too much .
","The user is having a tough day after buying a sweater that turned out to be too small. They struggle with math, noting their height of 5'9"" compared to someone who is 5'3"". While they sometimes wish to be taller, they appreciate the benefits of their height for fitness. The user enjoys working out but also indulges in junk food, humorously mentioning they smell like French fries."
 i have 3 dogs. i work as an accountant. i like to read horror novels. my favorite color is blue.,"hey my names is yumi and i am pretty social and get straight as
hi ! nice to meet you yumi . that is an interesting name .
japanese . i love my high school upper dublin senior high
i like japanese cartoons and movies . like battle royale and the original grudge .
haha awesome ! ! i am health fanatic eat super healthy
nice . could you give me a few tips on how to better take care of myself ?
well better exercise and have more plant based foods
that is wise . i try to stay active but i have no stamina .
that was me too , then eventually picked up the momentum .
right that is how i feel about my freelancing . i do accountant work .
really i do not know what i want to do after high school .
well just take it easy . there is no rush .
yeah , well my mom wants me to be a doctor and take care of her
you have to take care of your mom . that is like an unwritten rule .
but now a days doctors do not make much unless they are really good .
well people do not appreciate fully how much doctors mean to our society .
","The conversation features a social high school student named Yumi, who excels academically and enjoys Japanese culture, including cartoons and movies. She shares her health-conscious lifestyle and seeks advice on self-care, to which the user, an accountant with three dogs, responds positively, discussing their own experiences with stamina and freelancing. Yumi expresses uncertainty about her future career, feeling pressure from her mother to become a doctor, while the user emphasizes the importance of taking care of family and acknowledges the societal value of doctors."
 i just started dating someone new. i m a student. i like visiting art museums in my spare time. i am a vegan.,"hi how are you today
my new boyfriend is the best . are you dating anyone ?
i am not sounds nice
yep . he helps me study for my classes and makes me vegan food .
do you guys eat food
vegan only . do you want to visit an art museum with me sometime ?
are you a complete vegan ?
yes , it helps me focus on my studies . do you cook ?
yeah but do you not even eat honey ?
i put it in my tea sometimes . shhh !
yeah i know some vegans are okay with that since it keeps the bee population alive
absolutely . what do you do for a living ?
i throw parties for a living
ooh , sounds fun . do you have kids ?
","The user, a student who recently started dating someone new, expresses excitement about their boyfriend, who supports their studies and prepares vegan meals. They inquire about visiting an art museum together and clarify their strict veganism, admitting to occasionally using honey in tea. The conversation shifts to the other person's profession of throwing parties, leading to a question about whether they have kids."
 my favorite car is the ford mustang. i walk more than 2 miles a day. i have a pit bull and a chihuahua. i worked 3 jobs at the same time for more than 5 years. i like to go to the movies.,"om . how are you today my fine , connected friend
hello i like to walk and i did 2 miles today
that is great for the body , mind and soul ! where do you walk
to see cars they are so awesome my favorite is the ford mustang
we must have peace within our worldy possessions , yes ! my wife works on cars
i walked my dog too i have a chihuahua and a pit bull
me too ! except they are called kids
awesome do you work on cars too
oh no , my wife uses her hands . i use my body as i teach yoga
i worked 3 jobs at once for the past 5 years
you are a busy soul ! you must feel stressed from all the work
no ! not at all i love to go to the movies to ease my mind
likewise , my good friend ! i enjoy the classics like citizen cane and like mike
sounds like some awesome films
indeed ! how is your home life my good friend ?
quiet ! ! ! love to have my peace of mind
","The user, who enjoys walking over two miles daily and has a pit bull and a chihuahua, engages in a friendly conversation about their shared interests. They express admiration for cars, particularly the Ford Mustang, and mention their busy lifestyle of working three jobs for over five years, yet they maintain a stress-free outlook by enjoying movies, especially classics. The user values peace and quiet at home, highlighting their need for tranquility amidst their active life."
 i am easily agitated. i hate green beans. i am very religious. i just took a trip to london. i love to watch game shows.,"good surfing weather i do it every day
that can be exciting . i just came back from vacationing in london .
no surfing in london and no country music
oh , you cannot handle being without country music , huh ?
no i just have to listen to it or play it on the piano
you could just have the radio on , like i always watch game shows on the tv .
because of my late nights working at a bar i miss all the game shows
okay , do you cook ? i love all kinds of food except green beans .
people say i cook great steak is my specialty
i like steak . i get bothered by going to busy restaurants though so i stay home .
honestly that is smart and saves money
i agree , plus it leaves me more time for my religious studies .
that is awesome you can never know too much
there is always more to learn , right ? especially about god .
","The user, who is easily agitated and dislikes green beans, recently returned from a trip to London and enjoys watching game shows. They express a strong preference for country music, which they feel they must listen to or play on the piano. The user enjoys cooking, particularly steak, but prefers to dine at home to avoid busy restaurants and save money. They also prioritize their religious studies, believing there is always more to learn about God."
 i am a blackjack dealer. i know how to count cards in blackjack. i am currently going back to school to try and become a casino manager. i graduated with a statistics degree. i have 3 kids.,"hello , how are you doing today ?
i am good . getting ready to work in the casino
fun ! winning is fun but losing ? i hate that !
i just deal blackjack . so seeing people lose is common
that is why i fish . you always win when you fish love it !
i guess i will win when i become manager at this casino
wow , ambitious ! when do you think you will become manager ? in the spring ?
yea around spring . my three kids is making me broke
how many kids do you have ?
3 . i got a statistic degree so i know i can be a manager
teach them to fish you will never have to buy them another meal !
maybe you could babysit them . they are driving me crazy
yeah maybe i should but only in the spring its my fav
ok . i going to school in the spring for casino manager
","The user, a blackjack dealer with a statistics degree, is preparing to work at the casino while also going back to school to become a casino manager by spring. They have three kids, which they mention is financially challenging, and express a desire to teach them to fish as a way to save on meals. The conversation reflects their ambition and the challenges of balancing work, school, and family life."
" i ride a motorcycle , but its not a harley. just this past week i got a job cleaning gutters. i spend every waking hour i can at the archery center. i eat a lot of carbs even though my doctor tells me not to.","hi , how are you this evening ?
i am good tired from working today ! finally got a job this week .
whats your job ? i am a ballerina . have been my whole life .
nice . i clean gutters out . i have to cut back at the archery center now though .
you like archery then ? dance has been my whole life . my mother was a dancer .
yes , use to spend every waking hour there . you enjoy dancing ?
i love it . and my whole family has been super supportive .
that is good . my family is mad at me about doctors orders i will not follow .
oh no , that is not good . you have to take care of yourself .
i know but cutting carbs out is ridiculous .
that is hard . i will be retired in 6 months and may have to cut back myself .
i bet your ready for that . my retirement i want to buy a harley .
not quite my ride of choice , but i bet you will have fun .
i hope so . i already on a motorcycle its just no harley .
","The user, who rides a motorcycle (not a Harley), recently started a job cleaning gutters and is feeling tired from work. They spend most of their time at the archery center but will have to reduce their hours there. The conversation partner is a lifelong ballerina with a supportive family. The user expresses frustration about not following their doctor's orders regarding carb intake, while the partner mentions their upcoming retirement in six months and plans to buy a Harley, which the user acknowledges but notes they prefer a different motorcycle."
 i m allergic to cats. i have one little boy named owen. my husband is a corporate attorney. i love to have my nails done.,"hey how is it going
good just relaxing watching tv and you ?
getting ready for school tomorrow
well good luck with that lol glad i am done with school
i am off to college very soon but i will be wild this summer
lol well do not have kids or get married because my days are over
lol how many children do you have
i only have one . a lil boy his name is owen
aww how cute . how old is he
he is 3 . do you want kids eventually ?
yes but it will be way later , i am only 17
oh ok so whats your favorite thing to do ?
i like painting and playing cards . you ?
i love getting pampered my nails , hair . a day all to myself with no kid or husband
","The user, a mother of a 3-year-old boy named Owen, is currently relaxing and watching TV while preparing for the upcoming school year. She expresses her enjoyment of pampering herself with nail and hair treatments, highlighting her desire for personal time away from her responsibilities as a parent and wife to a corporate attorney. The conversation touches on the user's past school experiences and her perspective on having children, indicating that she appreciates her current life stage while also reminiscing about her younger days."
 summer is my favorite season. i love my impala. i like classic radio programs. i love decorating for christmas.,"hello , how are you tonight ?
i am good . wishing it was still summer . how about you ?
i am actually really pumped summer is over , i love halloween !
are you going to dress up ?
yes , my daughters and i went shopping for costumes recently
i cannot wait to get out my christmas decorations
i leave my christmas lights up all year , they make my room look lovely
i like listening to old radio programs while i decorate
i like to listen to holiday music while i am decorating
do you like to drink eggnog ?
not really , spiced apple cider is better
that sounds great . i am cold after driving my impala with the windows down tonight
do you go hunting ? dad has been on a hunting trip for a few days
i have never hunted . what do you hunt ?
i use a bow and arrow , mainly deer and birds
that sounds like it is fair to the animals . gives them a chance
","The user expresses a strong preference for summer and a love for their impala, while also enjoying classic radio programs and decorating for Christmas. They engage in a conversation about Halloween, sharing that they recently shopped for costumes with their daughters. The user looks forward to Christmas decorations, leaving lights up year-round, and enjoys listening to old radio shows while decorating. They prefer spiced apple cider over eggnog and mention feeling cold after driving with the windows down. The conversation touches on hunting, with the other person sharing their experiences, but the user has never hunted and appreciates the fairness of using a bow and arrow."
" i love my dog. i am a vegetarian but i eat fish , especially sushi. my parents pay my rent. i like to shop. i graduated college and immediately went to graduate school.","hi how are you doing
good . how about you ?
i am good getting ready to go on a date
that is good . i am ready to go out with my dog that i love lot .
dogs are good do you like music
yes , i like classic rocks and i like to buy and shop a lot of cds
i party a lot so i like to have a good playlist
so do you like sushi ? i love sushi , but i am a veggie
i only like expensive sushi from nice restaurants
i always go to expensive ones too because my parents pay my house rent
that is nice do you like designer clothes
i graduated from fashion designing and immediately did my mba so yes
","The user, who loves their dog and is a vegetarian that eats fish, particularly enjoys sushi from expensive restaurants, which they can afford as their parents pay their rent. They have a strong interest in shopping, especially for designer clothes and CDs, and graduated from college before pursuing an MBA. The user enjoys classic rock music and parties frequently, indicating a vibrant social life."
 i am a recovering alcoholic. i once lived in a storage locker for two months. i make pottery. i like to refurbish classic cars.,"hey . hows it going ?
its going great here , how about with you ?
its going fantastic . i love my job and i love my life .
that is wonderful to hear ! what is your new job ?
i play for basketball for the minnesota wolves .
very interesting job . you must be quite tall .
as tall as any other basketball player . what about yourself ?
well i just opened a new pottery shop that has taken off , especially doing bridal showers
that is pretty cool .
well thank you . how do you like the minnesotan winters ?
i cannot complain . where are you from ?
i am originally from south dakota and now live in michigan
why did you move ?
job opportunities are more prevalent here .
that makes complete sense . gotta go where the jobs are .
for sure . do you have any interesting hobbies ?
","The conversation features a recovering alcoholic who has recently opened a successful pottery shop, particularly catering to bridal showers. They express enthusiasm for their new venture while discussing their past experiences, including living in a storage locker for two months. The other participant, a basketball player for the Minnesota Wolves, shares their excitement about their job and life in Minnesota, while also inquiring about the user's hobbies and background, revealing they are originally from South Dakota and now reside in Michigan for better job opportunities."
 my favorite food is spaghetti and meatballs. my favorite band is one direction. i hope to be a football player when i grow up. my mom is a professional tennis player. i am currently in elementary school.,"hey there how are you ?
i am good , just enjoying my favourite spaghetti and meatballs .
i am getting ready to go to work , i am so glad i work in the store .
when i grow up i hope to work as a football player
those items are on sale at my job this week . i do not eat meat .
i do not have money to buy them as i am only in elementary school
oh you are a kid , make sure you do some type of volunteer work also .
yes i am a kid , and i love one direction . do you ?
i figured that lol , come volunteer at the urban farm with your parents .
my mom is always busy training . she is a professional tennis player .
no i like doing other things like bookkeeping an tours .
you should listen to them . they are good . what else do you like ?
cool , i am sure she would enjoy my diet then .
what is your diet ? no spaghetti ?
not much else really , working at the grocery an the tours keep me busy .
school keeps me busy . and football !
","The user, an elementary school student, enjoys spaghetti and meatballs and is a fan of One Direction. They aspire to become a football player in the future and mention that their mom is a professional tennis player who is often busy training. The conversation includes a discussion about work, with the user noting they can't buy items on sale due to their age and limited finances. They express interest in volunteering but prefer other activities like bookkeeping and tours, while also acknowledging that school and football keep them occupied."
" i like the color blue or red. i have always wanted to travel to ireland or puerto rico. i love the country but enjoy visiting the city life. i have two dogs , one pitbull and old english bulldog. i use to be a wild child.","hey , how are you ?
pretty good and you ?
great ! i am good thanks , where are you from ?
i move a lot . but i have always wanted to go to ireland
cool ! i have been to dublin a few times on a boat .
i love boats . i jumped off one once , i was a wild child
haha ! so what is your favourite food ?
i do not really have a favorite . what about favorite color ?
my favourite food is steaks cooked medium rare . my favourite colour is blue .
my favorite colors and blue and red . any other hobbies ?
dog walking , my dog actually introduced me to my first and second wife !
nice , i have two dogs !
","The user enjoys the colors blue and red, has a love for travel, particularly to Ireland, and appreciates both country and city life. They have two dogs, a pitbull and an Old English bulldog, and share a playful spirit, reminiscing about their wild past, including a memorable boat experience. Their favorite food is medium rare steak, and they engage in dog walking as a hobby, humorously mentioning that their dogs played a role in their past marriages."
 i am not very good at playing basketball. i don t really like vegetables or fruit but i pretend. i like playing badminton. my family owns a dairy farm. i once rescued a baby on a highway.,"good morning , how are you ?
good afternoon , i am great . how are you ?
i am good , just reading the bible . getting my spiritual in , you ?
i am taking a break from the morning chores , before i get the milking barn set up .
you like on a farm then ? we have 3 dogs . feels like a farm sometimes
i grew up on a dairy farm , and worked the field . i do not like veggies .
i grew up as a pastors daughter . only recently trying to get very religious again .
i am a volunteer emt , i rescued a little girl from an accident the other day .
wow . i am a personal trainer . what do you enjoy ?
badminton and basketball , even though i am not very good at the latter .
you like riding bikes ? i love it . always ride to the kids house i tutor
no , i do not . i never had much of an opportunity to do so .
you should come with some time . i let my 3 dogs walk beside me , that okay ?
absolutely . i love dogs and other animals . i have a springer spaniel .
","The conversation features two individuals discussing their lives and interests. One user, who grew up on a dairy farm and is currently taking a break from morning chores, expresses a dislike for vegetables and shares their experience as a volunteer EMT, recently rescuing a girl from an accident. They mention enjoying badminton and basketball, despite not being good at the latter. The other person, a personal trainer and pastor's daughter, is trying to reconnect with their faith and enjoys biking, inviting the user to join them on rides with their dogs. The user shows enthusiasm for dogs and animals, mentioning they have a springer spaniel."
 i live in a house in the country. my husband is a soldier in the us army. my father is a preacher. i have a horse named beauty.,"hello ! i just got home from shopping . how are you ?
i am fine . i just got done cooking pancakes and bacon .
that sounds wonderful ! sadly , for my bank account , i ate out for breakfast .
ll . aside from your bank account , how are you today ?
i am well , thank you . i have a busy day ahead . what are your plans ?
i have no plans . today is a rest day for me .
those are nice to have now and then . i am meeting friends for a bmw group meeting .
yes , rest days are very necessary . are you referring to the automobile ?
yes . i drive a classic bmw . its an money pit but i love it .
that is good . i do not see many classic cars where i live .
where do you live ? what are your hobbies ?
i live in the country in ms . i have a new horse , beauty , that i enjoy riding .
","The user, who lives in the country in Mississippi and has a horse named Beauty, recently returned from shopping and shared that they cooked pancakes and bacon, while the other person mentioned eating out for breakfast. The user is having a busy day ahead, while the other person is enjoying a rest day and attending a BMW group meeting, expressing their love for their classic BMW despite its costs. The user noted that classic cars are rare in their area and shared their enjoyment of riding their horse."
 i have a golden retriever. i have a little sister. my favorite subject in school is math. i like to play soccer.,"hi there . tell me about yourself !
well i have one sister , a golden retriever and i play soccer . you ?
i have one sister too , but i have five brothers .
wow ! that is a lot of brothers . i love math as well
math is great . is that what you want to do with your future ?
i am not sure yet . maybe some type of engineering
that is great . i am a little afraid of what the future holds for me .
why is that ? i am sure youre very talented
i stay at home with my mom most of the time .
well there is nothing wrong with that
yeah , my step dad is away at his company , hp , most of the time .
well then your mom needs your company
","The user, who has a golden retriever and a little sister, enjoys playing soccer and loves math, engages in a conversation about family and future aspirations. They learn that the other person has one sister and five brothers, and they both express a shared interest in math. The user contemplates a future in engineering but feels uncertain and admits to spending most of their time at home with their mom while their stepdad works at HP. The conversation emphasizes support and understanding in navigating future concerns."
" i could move out , but she doesn t want me to. i miss my dad. in reality i m 32 and live at home with my mother. there i m a general of an orcish army.","hello , how are you doing tonight ?
i am fine , how are you ?
not too bad . what kind of hobbies do you have ?
i am a general in a video game for a orcish army
very neat . i am just your typical soccer mom . do you have kids ?
no , no kids . i am a 32 year old who still leaves at home
nothing wrong with that ! what kind of things do you do ?
i play video games and watch netflix mainly
i wish i had more time to do that .
there are never enough hours in the day
i am a member of 4 book clubs , pta and other groups . . .
that is a lot of things to keep you busy
one day i will ditch it all , fly to paris and design clothes all day
can i join you ? that sounds like a nice alternative .
","The conversation features a 32-year-old user who lives at home with their mother and misses their dad, while also being a general of an orcish army in a video game. They engage with a typical soccer mom who is busy with multiple commitments, including book clubs and the PTA. The user shares their hobbies of playing video games and watching Netflix, expressing a desire for more free time. The soccer mom dreams of escaping to Paris to design clothes, and the user playfully asks to join her in this aspiration."
" i like to play soccer , draw and read asteria. i am in 3rd grade. i live with my parents and my little brother. i do not have too many friends in the us yet , but i am going to summer camp and i hope to make friends then ! i also think that i may make friends as soccer in the fall.","hey there how are you doing today
hi ! i am good . what do you like to do ?
i love to cook ! i am classically trained . any you
i would play soccer all day if i could . and maybe draw , too .
that is cool . i have a parrot . i named him parrot . he talks alot
haha , that is funny . parrot the parrot . what does he say ?
he constantly tells me that my mom does not love me . i have no idea why
that is mean ! who taught him to say that ?
ll i have no idea . probably my mom !
haha ! do you have brothers or sisters ?
nope born alone in baton rouge . yourself ?
i have a baby brother . he always takes my stuff .
www babies are cute . we have something in common . baldness
ll ! he is not a baby though , he is 3 .
","The conversation features a third-grade user who enjoys playing soccer, drawing, and reading Asteria. They express excitement about making friends at summer camp and through soccer in the fall. The user chats with someone who loves cooking and has a talking parrot named ""Parrot,"" which humorously says unkind things. The user shares that they have a little brother who often takes their things, leading to a light-hearted exchange about siblings."
 i m saving up to buy a new camera. i have always had long hair. i worked at a movie theater for 4 years. i like spicy food. i enjoy running at night.,"do you ever feel like you have been here before ?
yes i do an i believe we all have .
me too . do you like social situations ? they make me anxious .
like to workout ? i do at night .
i worked out today but its hard for me . i have ocd .
really ? why ? i need a new camera bad .
with my mild ocd its hard for me to touch things others have .
i love some good hot food .
i eat a lot of cuban when i go to florida .
like movies ? i work in a theater .
i do enjoy the odd film .
really ? how does that taste ? i know my hair would be in the way .
i work as an accountant , freelance .
that is cool , do you like it ?
it pays the bills for sure .
i gotcha , it does for sure .
","The user, who is saving up for a new camera and has a background working at a movie theater for four years, shares that they have long hair and enjoy spicy food, particularly Cuban cuisine when in Florida. They express anxiety in social situations and mention working out at night, despite finding it challenging due to mild OCD, which makes touching things others have difficult. The conversation touches on their freelance work as an accountant, which they find pays the bills."
 i weight 300 pounds. i am a man. i like the movie godfather. i am not healthy.,"i like the beastie boys .
oh . i love the movie godfather .
i have been to new york city one time .
oh . i go every few years . are you male or female ?
i like to paint . can i paint on you ? i am a male .
oh , me too . no , i do not think so .
that is probably good . i want to work at a museum .
oh . i need to find a better job .
you should try painting people who are willing to pay .
i am on my feet a lot but am overweight .
yeah , well you can sit down and paint .
i need to start working out .
well you should stop talking than and go on a walk .
i know , i know ! but i am lazy .
you sound very lazy . good luck kid .
are you in a relationship ?
","The user, a 300-pound man who enjoys the movie ""The Godfather,"" expresses a fondness for the Beastie Boys and mentions having visited New York City once. He shares his interest in painting and aspirations to work at a museum, while also acknowledging his need for a better job and a desire to start working out. The conversation reveals his self-awareness about being overweight and somewhat lazy, as he jokes about needing to exercise more. The other participant encourages him to take action and inquires about his relationship status."
 i drink diet coke. i spend too much time shopping. i drive a ford taurus. i love katy perry.,"hi . . . . how are you doing today
i am well thanks and you ?
i am doing really good . . . . do you work ?
i do work . have a bit of a shopping issue so i need to and you ?
i am rich i gamble and had won millions i shop a lot also
you won the lottery is that it ?
yes i use to work in phone sales but i will never have to work again
does it have downfalls winning all that ?
yes i won 40 million people are greedy
do you have a favorite singer ?
i just really love old country music of any kind . . . what about you
only want to be rich to be able to help as many people i could
yes it is nice but hard to tell peoples true intentions
katy perry is my favorite .
","The conversation features a user who enjoys drinking Diet Coke, has a penchant for shopping, drives a Ford Taurus, and loves Katy Perry. They engage with another person who claims to have won 40 million from gambling and no longer needs to work, discussing the challenges of wealth and people's intentions. The user reveals their struggle with shopping and expresses a desire to help others with their potential wealth, while the other person prefers old country music."
 i like to shop. i like to dance. i love shoes. i like pizza. i like burritos.,"hi there how are you today ?
i am good . i just got finished shoe shopping , how are you ?
i am good thanks , i have just got back from college .
i miss college , my college had the best pizza . what is your major ?
business admin , although my dad is a dentist
do you think you will work with your dad ? running his business , maybe ?
hopefully that is my plan , i just work daycare right now
i work with kids as well . i am a dance teacher , i teach 3 year olds .
oh cool , my mums a teacher as well
wow , we have a lot in common ! do you have any pets ?
no unfortunately not , i would love to though
i have 8 dogs , they are the best . hopefully , you can get a pet eventually .
yeah i hope so to , my girlfriend does not like them though .
maybe you need a new girlfriend haha
well maybe but we have been together 2 years
in my experience , things like pets and kids cannot be compromised on .
","The user, who enjoys shopping, dancing, and loves shoes, engages in a conversation about their recent shoe shopping experience. They express nostalgia for college, reminiscing about its great pizza, and inquire about the other person's major, which is business administration. The other person mentions working at a daycare and being a dance teacher for young children. They discover commonalities, including both working with kids and having a teacher in the family. The user shares their love for dogs, owning eight, while the other person hopes to get a pet despite their girlfriend's dislike for them. The conversation concludes with a light-hearted remark about the importance of compatibility regarding pets and children in relationships."
 i would like to be a journalist one day. i often help her sort books in the library. my mother is a librarian. i love to read fantasy novels and poetry.,"hi ! how old are you ?
hello i am 28 how old are you
i just turned 4 years old . what eye color do you have ?
cool ! my eyes are blue . do you like to read ?
i love to read . what about you ?
same ! i love poetry and fantasy . my moms a librarian i help her sort out books
really . i like to play outside . the sun is where i play my doll with .
that is cute ! what do you want to be when you grow up ?
i want to be an scientist when i grow up .
i want to be a journalist some day .
that is amazing . sleeping in my princess bed is very nice .
i forgot to ask what colour eyes you have ?
i have brown eyes and hair too .
oh that is great ! do you like sports ?
not much i like lunch that my mommy makes for picnic . what about you ?
no i do not play any . what lunch does she make ?
","In a light-hearted conversation, a 28-year-old shares their love for reading, particularly poetry and fantasy, and mentions helping their mother, a librarian, sort books. The other participant, a 4-year-old, expresses a desire to become a scientist and enjoys playing outside. They discuss their eye colors, with the adult having blue eyes and the child having brown eyes. The child also shares their fondness for picnics and the lunches their mother prepares, while the adult reveals their aspiration to become a journalist."
 i work as a meeting coordinator. i live in upstate new york. i live with my husband and two children. i love to take road trips. my favorite place to visit is seattle.,"hi ! i will start with a deep question how do you feel about your life goals ?
oh wow , haha . right into it , eh ? i love my life goals . i feel good about them .
are you well on the way to achieving them ?
quite . i want to travel . mostly road trips right now with the kiddos .
that is good . i wish i could say that about myself . . . i feel stuck in life .
oh no ! tell me more ?
well , i have lost my job . . . cannot afford my own place . . .
oh , i am so sorry to hear about that . do you have any hobbies to uplift you ?
yes , i like reading . it helps , but then i feel like i waste time doing it .
but pursuing things that make you happy is never a waste of time .
thank you for saying that .
when you do not have much , you should revel in what you have .
that is true . i have supporting parents , i am grateful for that .
good . i am glad to hear it . what kind of job are you looking for ?
","The conversation begins with a deep question about life goals, where the user expresses satisfaction with their own goals, particularly enjoying road trips with their children. The other participant feels stuck in life due to job loss and financial struggles. The user empathizes and encourages them to pursue hobbies that bring joy, emphasizing the importance of appreciating what one has, such as supportive parents. The conversation ends with the user inquiring about the type of job the other person is seeking."
 my position is linebacker. i play football. i had 128 tackles last year. i am an athlete. the name of my team is the baltimore ravens.,"hello friend how is it going
hi ! i am a football player , linebacker , and am an avid athlete !
well i like to do hair , sea going persons
that is wonderful . i need my hair done .
no problem . i can give you the best hair style
i play for the baltimore ravens and last year i had made 128 tackles
awesome , excellent stats . are you gonna play for another team next year
i doubt it . i like my team .
nice , so what do you do for vacation ? do like sailing
i go to the lake sometimes .
okay , we can go fishing sometime then
yes , that would be quite wonderful !
then we can discuss the hair style you want .
yes , can you style it at the lake ?
most definitely , i will take along my tools .
wonderful . that would be great .
","The user, a linebacker for the Baltimore Ravens with 128 tackles last year, engages in a friendly conversation about their passion for football and hair styling. They express a strong preference for their current team and discuss potential vacation activities, including fishing at the lake. The user shows interest in getting their hair styled during this outing, and the conversation concludes with plans to combine fishing and hairstyling."
 i own a cat. i watch a movie sundays evenings. i like tacos. i love folk metal.,"hello , how are you doing today ?
i am doing great ! just hanging out with my cat , how are you ?
oh that is nice . i got a cat , too . what kind of cat do you have ?
domestic short haired . do you have any other pets ?
i also have a german shepard as my other pet
nice ! what do you do for fun ? i enjoy watching movies .
i like to sew and read books
sewing is hard ! movies are much less work ! what about music ?
i listen to all types of music . except country music .
i really enjoy folk metal , it is such an interesting fusion .
what do you do for work ?
i own a restaurant that specializes in tacos .
i work at a cafe and wait tables . i like it .
well it was lovely chatting with you !
","The user, who owns a domestic short-haired cat and enjoys watching movies on Sunday evenings, had a friendly conversation with another cat owner. They discussed their pets, with the other person having a German shepherd. The user expressed a preference for movies over sewing and shared their love for folk metal music, while the other person enjoys various music genres except country. The user also mentioned owning a taco restaurant, while the other person works at a café. The conversation ended on a positive note."
 my favorite color is blue. i enjoy home cooked meals. my favorite tv show is game of thrones. my favorite music genre is pop.,"hi how are you tonight
good , i am finishing my favorite tv series .
i do not watch tv much i swim
nice , i am watching game of thrones , you should try it .
i take meds that will not allow it
oh , i am sorry . what kind of music do you like ? i like pop .
i like all music and running do you
i like to make a nice home cooked dinner after i go running .
that sounds good i would like to see but have to wear my glasses to do so
ah , my glasses are blue , my favorite color .
i like to swim when i can take them off
yeah i understand . swimming with glasses is not easy .
no i need special goggles
oh ok . i knew someone with those once .
yeah they work good but still i would rather not use them
yeah , that sounds a little inconvenient .
","The user enjoys home-cooked meals and has a favorite color of blue. They are currently watching ""Game of Thrones"" and recommend it, although the other person cannot watch TV due to medication. The user likes pop music and enjoys cooking after running, while the other person prefers running and all types of music. They discuss the challenges of swimming with glasses, with the user mentioning they have blue glasses and need special goggles for swimming, which they find inconvenient."
 i have amazing eye sight. i am a democrat. i like to only eat fish. both my parents were over 6 foot tall.,"where can you find freedom ?
i think withing the democratic party .
for sure also democrats have limited rights to do what they want .
why do you feel unfree ?
i hate the rules at school , home road and every were .
hmm i think some rules are neccessary .
some just make people uncomfortable like me .
i have a rule that i only eat fish .
me i cannot make any rule for myself am only there to obey already made ones .
anyone can make rules they want to live by .
my parents told me not to until i get my own home .
parents can be overbearing . mine were both over 6 foot tall .
especially my mum cannot allow me to make any choice .
do you know why that is ?
","The user, who identifies as a Democrat with exceptional eyesight and a preference for a fish-based diet, expresses feelings of restriction due to various rules in their life, including those at school and home. They believe some rules are necessary but feel that many make them uncomfortable. The user mentions their parents, both over six feet tall, as being overbearing, particularly their mother, who discourages them from making personal choices until they have their own home."
 my family and i go camping every month. i am a mother to two beautiful boys. my favorite singer is justin timberlike. i am a full time mom.,"hi . . how are you doing ? ?
i am doing great now that my two beautiful boys are down for bed .
where are you from now ? ?
i am from the great state of california
i am from boston ma
that is cool . what do you do for work ?
i am a bank employee . . how about you
i stay home to take care of the kids .
i am single . . always working
do you have any hobbies
driving and going into the nature . .
oh , i love to go camping !
","The user, a full-time mother from California, enjoys camping monthly with her two sons and is currently feeling great now that they are asleep. She engages in a conversation with a bank employee from Boston, discussing their work and hobbies. The user expresses her love for nature and driving, highlighting her passion for camping."
 i love the outdoors. i work as a janitor. i wear contacts. i am very smart.,"how are you doing today ?
i am tired , just worked 12 hours . you ?
oh cool , what are you going to do with the money ?
i am saving for a trip
how boring . i enjoy cloud watching .
i can watch the clouds from my plane ride
i go on google images and search plane views .
lol that is being lazy
tel me about yourself .
i work as a custodian although i have 6 degrees . a huge nature fan and you ?
i like jacob sartorius , costco and works as a snakeskin oil salesman
snake skin oil , sounds interesting
yeah its a dead end 8 hour job .
how about trying out something else
i am not sure . i never dreamed any bigger than this .
well it is time to start .
","The user, who loves the outdoors and works as a janitor despite holding six degrees, expresses fatigue after a long work shift and shares their plans to save for a trip. They enjoy cloud watching and find joy in nature, while engaging in a light-hearted conversation with someone who works as a snakeskin oil salesman and feels stuck in a dead-end job. The user encourages the other person to consider pursuing bigger dreams."
 i work at a hotel overnight. pop is my favorite music. i eat more junk food than i really should. i enjoy video games. i write in my spare time.,"hi there . are you looking forward to halloween as much as i am ? its so close !
hi ! i am looking forward to halloween . i still need a costume though .
what will you be ? i cannot wait to dress up . so fun !
i think i might be princess peach from the super mario brothers video games .
love it ! me and my vestie , my dog allie , are going to be wheres waldo .
that sounds really fun ! will your dog wear a hat ?
ya , and hopefully the glasses too . she is pretty cooperative so fingers crossed .
so cute ! i hope she gets some awesome dog treats if she goes trick or treating .
ya me too ! so , do you have any hobbies ?
i really like writing . i write short stories for my friends .
that is so cool . i love watching the clouds . its cathartic almost .
how cool . do you look for shapes or just watch them pass ?
both . when i bike to work i have to remind myself constantly not to cloud watch !
haha ! that could be dangerous ! i work overnights so biking to work would be tough .
maybe even dangerous too . do you bike ? i just got a new red bike .
i wish i biked more . i need a bike . was it hard to pick out ?
","The user, who works overnight at a hotel, expresses excitement for Halloween and shares that they are considering dressing up as Princess Peach from Super Mario. They engage in a light-hearted conversation about costumes, mentioning their dog Allie will be dressed as Waldo. The user also reveals their hobby of writing short stories for friends and shows interest in cloud watching, while the other person enjoys biking and recently got a new bike. The user reflects on the challenges of biking to work due to their overnight schedule."
 i make my own clothes. i ran into jimmy fallon just the other day. i play the piano. i am going bald. i hate flowers.,"i love pizza could eat it daily
yum pizza , how about some piano music with that ?
i like to skate my blonde hair looks so good in the wind
i do not like the wind . . reminds me how i am bald .
ll nah i am in high school not into it .
i am a hipster and modify my clothes as i wish
cool , the boys love to see me kick push coast lol
speaking of the boys i met up with jimmy fallon at the park
really ? ! when ? org i would die
i almost did die lol , i am allergic to flowers and there were tons at the park
awe that sucks ! i really like the smell of flowers
really ? i wish thinking about making some floral clothing
i hope you feel better this is that season
thank you , that is really nice of you to say
cool , what color print for the material ?
i was thinking pink . . . i love pink things
","The user, a high school hipster who makes their own clothes and plays the piano, expressed a love for pizza and shared a recent encounter with Jimmy Fallon at a park, where they struggled due to an allergy to flowers. Despite their dislike for wind, which reminds them of their baldness, they enjoy skating and modifying their clothing. The conversation included a discussion about floral clothing, with the user expressing a preference for pink prints."
 i work at a vet. my husband is a lawyer. i have 3 dog. i have 2 kids.,"have you ever climbed a mountain ?
i wish i had time to climb a mountain .
i have been taking them on one by one .
my mountains are my family .
that does not sound good .
haha . not in a bad way .
what is the craziest things you have done ?
had two kids with three dogs . haha .
haha . mine i am not proud of , shot a lion .
oh wow . is that your biggest achievement ?
not crying when i watch gone with the wind once .
that must be hard . even my husband cries when we watch that .
i know ! it gets me everytime .
what kind of work do you do to support your crazy lifestyle ?
","The user, who works at a vet and has a family with a lawyer husband, three dogs, and two kids, expresses a desire to climb a mountain but feels too busy with family responsibilities. They humorously refer to their family as their ""mountains"" and share a light-hearted exchange about their craziest achievements, including having kids and dogs. The conversation touches on emotional moments, like watching ""Gone with the Wind,"" and concludes with a question about the user's work supporting their busy lifestyle."
 my friend once bought me a car. i do not eat bread. i take vitamin c when i have a cold. my favorite season is winter. i am disabled and cannot walk.,"i have 2 jobs , i am a waiter on the weekends
must be nice being a waiter and being able to walk
during the week i dabble in real estate
can you get me a good deal on a house ?
i love walking with my friends we are very close
do you like walks in the cold or when it is warm ?
i have 7 older brothers , do you have any family
i had a family until the accident
i cant seem to find love but i will not stop looking for it
you will find it soon enough
oh no what happened ? did you have a car accident
its hard for me to relive . it involved bread and a defective oven .
maybe i could find you a good deal on some real estate
that would be great . youre alot like my friend
wow , i hate to hear about bread being destroyed in an oven
its why i no longer eat the stuff . it traumatized me .
","The user, who is disabled and cannot walk, shares that they have two jobs, working as a waiter on weekends and dabbling in real estate during the week. They express a desire for a good deal on a house and mention their close relationship with friends, particularly enjoying walks, despite their disability. The conversation reveals a tragic past involving an accident related to bread and a defective oven, which has led to their aversion to bread. The user also discusses their struggle to find love but remains hopeful. Their friend expresses sympathy and offers to help with real estate, drawing a parallel to their own supportive friendship."
 i obsess over working out and being the best. i try to eat healthy or i do not eat at all. i got a scholarship for playing soccer. i want people to think i am cool. its important for my instagram posts to look like i am having fun.,"good evening ! how are you ?
pretty good thanks and you ?
i am good just got back from the bars . favorite was radio head .
wow you say radiohead at a bar ?
yea it was karaoke night tonight . had a blast .
cool do you play sports
nope just two small dogs .
i got a scholarship for soccer
oh nice . i smal consulting business .
do you eat healthy huh
sometimes i do . i would like to say more often then i do i do not .
cool where do you live
lkjsklsk s skskksks s skkssks
why are you doing that silly
i am a nice woman and that is what we like to do .
cool follow me on insta
","The user, who is passionate about fitness and soccer, engages in a light conversation with someone they met at a bar. They mention their scholarship for soccer and express their commitment to healthy eating, although they admit to sometimes struggling with it. The other person shares that they don't play sports and have two small dogs, while also mentioning their consulting business. The conversation takes a playful turn when the other person types nonsensical text, and the user responds with humor, ultimately inviting them to follow them on Instagram to showcase their fun lifestyle."
 i have an iq of 250. i wish i had money to travel. i live alone with my dog. my parents died in a plane crash.,"hello . do you enjoy video games ?
i do play sometimes , what do you like to play
i like lots of things . i come from a technological family .
wow what do you do for work
i do not work . i am pretty sick .
oh no , are you going to be ok ?
i am severely diabetic and have nerve damage from it .
that is very sad . do you have any family near by
my mother and father are . she works for apple . he is a professor .
that is nice . my parents passed in a plan crash years ago
i am so sorry to hear that .
it was very sad , but i am doing better now .
that is good to hear . i know it can be hard to lose anyone you love .
it is i just got a dog that helps
i love dogs . i have one named tila .
mine is named roger , he is really great
","The user, who has an exceptionally high IQ of 250, engages in a conversation about video games and shares that they occasionally play. They mention living alone with their dog, Roger, and express a desire to travel but lack the financial means. The user reveals they do not work due to severe diabetes and nerve damage but are coping better after the loss of their parents in a plane crash years ago. They find comfort in their dog, which helps them through the sadness of their past."
 my favorite band is imagine dragons. i work many hours. i am a father. i like basketball.,"hi , 21 , ny , cat , roses and in school . you ?
hello . nice to meet you . i spend a lot of my time at work .
get out ! me too ! you like roses ? i do .
i like roses , but i like carnations better .
i see . i am learning to draw at school . you draw ?
i do my best drawings while listening to imagine dragons .
oh wow ! my cat is named grace . you have pets ?
i have one dog and three children . do you have children ?
yes . apartments are small in ny . you own or rent ?
fortunately , i own my home in a rural area .
great ! tomorrow i will be 22 . you married .
happy birthday . yes , i have been married for 15 years . you ?
thanks . no marriage for me . merna jean is my friend . you live in ny ?
no , i live in pennsylvania .
hmmm . you sing ? i do . i am an artist .
i sing solo . so low that i hope nobody hears me .
","The conversation features a user who enjoys working long hours and is a father, sharing a connection with another individual who is a student living in New York. They bond over their mutual appreciation for flowers, with the user favoring carnations over roses. The user mentions listening to Imagine Dragons while drawing, highlighting their artistic side. They also discuss pets, with the user owning a dog and three children, while the other person has a cat. The user reveals they own a home in a rural area and has been married for 15 years, contrasting with the other person's single status. The conversation concludes with a light-hearted exchange about singing, with the user humorously downplaying their vocal abilities."
 i enjoy golfing. i love my work and just got promoted. i work for a large law firm. i am married with three kids. i listen to classical music.,"hi how are you i am driving my truck today .
hey there , i am good , bout to go golfing
golfing sounds like a lot of fun i never did that .
its pretty relaxing , takes the stress off from work
great i am glad you enjoy i go camping on the weekends .
i wish i had that time , i am a lawyer , even when i am off , i am not
oh that must be very interesting i just drive my truck .
for work ? or just for fun
i drop off baking goods in my state where i reside .
oh that is cool , do you get to travel any ?
my wife and children go camping with me for fun .
my three children do not really like the outdoors much , they like princesses
cool i like to play base ball it is the best sport .
i have a hard time watching baseball , its very long
","The user, a lawyer who recently got promoted, enjoys golfing as a relaxing escape from work and has a family with three kids who prefer indoor activities like playing with princesses. They engage in conversations about hobbies, mentioning their love for classical music and the contrast between their busy work life and the truck driver’s more laid-back lifestyle, which includes delivering baked goods and camping on weekends. The user expresses a desire for more leisure time, while the truck driver shares their enjoyment of baseball, which the user finds too lengthy to watch."
 i fly airplanes. i enjoy building computers. my favorite band is tool. i am in the army. i dropped out of college.,"hello how are u tonight
hi . i am okay . tired , but okay . how are you ?
i am doing good should be sleeping i have school but cant sleep
i did not finish school , i enlisted in the army instead .
wow i am only 14 so i cant do that just yet but i hope too
nice . stay in school and work hard .
i try i like video games and race cars
i like video games too , fallout is my favorite .
i am a call of duty girl i cant wait for the new one
my younger brother is a cod player too . he is pretty good .
i have three best friends but lots of other friends that play it
i have a best friend , she is a pilot like me .
what kind of plane do u fly
a bomber , it is awesome . do you want to take lessons
i am kinda afraid of heights so not sure flying is for me
you should at least try to go up in a plane , it is a blast .
","The conversation features a user who is in the army, has a passion for flying airplanes, and enjoys building computers. They discuss their current state of tiredness and the challenges of balancing school and sleep, revealing that they dropped out of college to enlist. The other participant, a 14-year-old, expresses aspirations for the future and shares interests in video games and race cars, specifically mentioning their love for Call of Duty. The user connects over video games and reveals they are a pilot of a bomber, encouraging the younger participant to at least try flying despite their fear of heights."
 i can recite the movie young frankenstein word for word. i like to make my own clothes. i am partially blind. i do volunteer work for human rights organizations. i can do convincing bird calls.,"hello
hello how are you
i am doing great ! where are you from ?
i am from oregon . what about you ?
west virginia . it really is a beautiful state . do you have any hobbies ?
i like volunteering , and making my own clothes ! do you have any ?
nothing to really brag about . i just like to play video games lol .
what is your favorite video game ?
i really enjoy playing smite .
i have never heard of that one !
it is a fun time ! anyways do you have a favorite food ?
nope , i love all kinds of food ! do you have one ?
pizza or any kind of take out really haha .
take out is great ! do you like movies ?
","The user, who is from Oregon, expresses enthusiasm for volunteering and making their own clothes, while also sharing their ability to recite ""Young Frankenstein"" word for word and do convincing bird calls. They engage in a light-hearted conversation with a West Virginia resident, who enjoys playing video games, particularly ""Smite,"" and has a general love for all kinds of food, especially pizza and takeout. The user shows interest in movies, indicating a shared enjoyment of entertainment."
 i am from tennessee. i am married. i love to fish. i have a black lab.,"hi what are up to right now ?
sitting on the couch with my black lab , what about you ?
preparing to play a new video game i just bought . love doing that
nice , i enjoy fishing but weather is not the best right now
oh yes . you can watch a movie . what is your favorite movie ?
forest gump , i like movies like that haha
nice movie there . my favorite movie is gone with the wind
really wow , that is a classic
oh yes . i am classy too that is why i wear a purple hair
way cool ! where do you live , i live in tennessee
i live in atlanta georgia . i have lived here for ten years
cool we are almost neighbors
yes . what your favorite color ? red is mine though i wear purple hair
red because i like alabama football
that makes us have similar interest . great
o yeah , whats your fav color , is it purple ?
","The user, a married individual from Tennessee who enjoys fishing and has a black lab, is currently relaxing on the couch with their dog. They engage in a conversation with someone from Atlanta, Georgia, who is preparing to play a new video game. The user expresses a fondness for the movie ""Forrest Gump,"" while the other person prefers ""Gone with the Wind."" They discuss their favorite colors, with the user liking red due to their support for Alabama football, and the other person sporting purple hair. The conversation highlights their shared interests and proximity."
 i listen to folk music. whittling is my favorite hobby. i am in the navy. i went to a community college and got a degree in communication.,"hi , what are you doing today ?
just finished some whittling out in my shop . how about you ?
wow , that sounds interesting ! i am going to go practice guitar for a while .
what kind of music do you play ? i love folk music .
me too , but mostly i play jazz , usually bass . what did you make ?
i made a jewelry box as a gift for my sisters birthday next month . she will be 35 .
that sounds like a really nice gift . after that , i will probably go out for dinner .
where will you go for dinner ?
i really like dim sum , but they only have it here on sunday , so probably thai food .
sounds good . i love thai food .
i do not like fast food , so i will have to go into the city .
i live in the city . what do you do ?
i am a paralegal , but really , i like to drive go karts ! ! how about you ?
i have a degree in communication , and i am in the navy .
really ? i work at an army base !
very nice ! how long have you been in the army ?
","The user, who enjoys folk music and whittling, shared that they recently finished making a jewelry box for their sister's birthday and planned to have dinner, likely Thai food, since they dislike fast food. They conversed with someone who plays jazz bass and works as a paralegal, expressing mutual interests in music and their military backgrounds, with the user being in the Navy and the other person working at an army base."
 i enjoy playing guitar and video games. i have a dog that has behavioral issues. i love beef. i am in a very intimate and loving relationship.,"hey . how are you doing this evening
i am doing great . how about you ?
just hanging out talking to people . might switch on my ps4 and play call of duty
i love video games . and playing my guitar
what kind of music do you like to play ?
i do a lot of acoustic covers
cool . i like third eye blind but my real love is kpop . ever heard any ?
i have , they have huge boy bands
yes ! i like super junior and big bang . so colorful and trendy .
can you remember all of thier names ?
i would list some but i know that spell check would prevent me from getting into it .
that is wild , you have any animals ?
i like hanging out with my dog . he is a bichon frise . just fed him a pork chop . you ?
my dog just will not behave
well . some people might disagree but kick his ass ! show him who is alpha .
he is more goofy than mean , but still
","The user is having a great evening and is considering playing Call of Duty on their PS4. They enjoy playing guitar, particularly acoustic covers, and have a fondness for video games. They express an interest in K-pop, mentioning their favorite groups, Super Junior and Big Bang. The user has a dog, a bichon frise, who has behavioral issues, and they humorously discuss the challenges of training him, noting his goofy nature. Overall, the user shares their interests in music, gaming, and their loving relationship while also addressing their dog's quirks."
 i am an old soul. i am passionate about a lot of things. i just want my voice to be heard. my back hurts chronically.,"hello , how are you tonight ?
pretty hectic when the little one wants constant attention .
i would not know , all i have is a parrot and a mother .
yeah i have become an old soul and passionate about a lot things
very nice . cooking is my passion . i am a chef .
i wish people could hear me out instead of shutting me out
have you worked on your presentation ? us cajuns are great at that .
no i have not , even if i do it still looked down upon .
you just need to build your confidence and self esteem
i have confidence but people just do not care to hear me out
then change your approach , start off with something light .
oh and i also have these chronically bad back pains
do you take anything for it ?
i do but it is not working as well any more and need something else .
have you tried yoga or other stretching exercises ?
i have to short ones because of my back it can give out any time
","The user, identifying as an old soul with a passion for cooking and a desire to be heard, shares their struggles with chronic back pain and feeling overlooked by others. They mention their hectic life caring for a child and express frustration about not being taken seriously, despite having confidence. The conversation includes suggestions for improving presentation skills and exploring yoga or stretching exercises for back pain relief, but the user notes limitations due to their condition."
" i have depression and anxiety so i don t really go out a lot. i live at home with my dad and brother. i hope to move out soon. i have a cat. i work at home , editing.","good day to you madam
what if i am not a madame ?
oops sorry . good day to all !
that is better . how are you doing today ?
i am ok , and i do apologize . god is important to me . you ?
nope , i am an atheist . i work from my home , how about you ?
trying to find work in the baltimore area . what do you do ?
i am an editor for several different publications . do you have any pets ?
i would like a cat , all i have is the rapper yo gotti
what do you mean you have a rapper ?
ooops i misspoke . i love empire . do you watch it ?
no i have never actually seen it before . do you have roommates ?
no because they might not let me have a cat . you ?
i live with my brother and dad , hope to get out on my own soon .
where will you go to live ?
not sure , but i also have a pet so i need a pet friendly place !
","The user, who experiences depression and anxiety and lives with their dad and brother, is currently working from home as an editor. They express a desire to move out soon, ideally to a pet-friendly place for their cat. The conversation touches on topics like pets, work, and personal beliefs, with the user identifying as an atheist while the other person values their faith."
 i live in japan and own the biggest mansion in the country. i just bought a new mansion. i drive a ferrari. i am touring with frank ocean. i am a rapper.,"what a day ! i just came in from horseback riding
sweet . i am on tour with frank ocean . i rap
i bet you have a lot of girlfriends . i do but us argentinians are lovers
ya its my ferrari . i just got a new mansion .
that great . do you have chef ? i would love to have that cooked me steak everyday
yup on my mansion out in country in japan .
japan ? wow . i would love to visit there
you should come to my mansion !
oh i would love to . we should schedule a time
oh yes ! i am here with frank ocean !
like from the vegas movies ? oh wait that is danny ocean
frank ocean the rapper . we rapp together .
what the name of your latest song ?
thinking about you . it was filmed in japan !
excellent . there are some great places to film
what did you have in mind ?
","The user, a wealthy rapper living in Japan who owns the largest mansion in the country and drives a Ferrari, shares their excitement about horseback riding and touring with Frank Ocean. They mention having multiple girlfriends, reflecting their Argentinean romantic persona. The user recently acquired a new mansion and has a chef who cooks steak daily. They invite the conversation partner to visit their mansion in Japan, and they discuss filming locations for their latest song, ""Thinking About You,"" which was filmed in Japan."
 i love to save money. i donate any overstock to charity. i am a couponer. i like to keep my stockpile organised. i shop several times a week.,"hello , it is raining cats and dogs here . how are you ?
it is dreary here . just got in from shopping and saved a bunch of money with coupons
i am a coupon person too , if only i could find some for fishing gear .
ha ! saving money is my passion
i like cheeseburgers when they are cheap .
yes . if i have any items that i do not use i usually donate them to charity
i do the same , especially the free items . makes me feel good about spending money
i have a pretty big stockpile and i love keeping it organized
i do too , mainly my detergents . it is taking over my music room ,
lol . coupons are such a great way to save , especially if they double them
yes , they are . my last guitar was paid for by the money i saved using coupons .
awesome ! i shop pretty often usually several times a week
i do not have time to shop much any more , i am in the gym daily .
that is good for the mind and body
","The conversation revolves around two coupon enthusiasts discussing their shopping habits and money-saving strategies. One user shares their recent shopping experience where they saved a lot with coupons, while the other expresses a desire for fishing gear coupons. They bond over their passion for saving money, with one mentioning their practice of donating unused items to charity, especially free ones. Both users enjoy organizing their stockpiles, with one humorously noting that their detergent collection is taking over their music room. They also highlight the benefits of coupons, including a personal anecdote about saving enough to buy a guitar. The conversation concludes with a mention of the importance of fitness, as one user is now focused on gym activities."
 i graduated from college. i like to hike. i lost my arm in a car accident. i am a farmer.,"hello , good evening how are you
not doing so great today . i was in a zip line accident and lost my arm .
oh that is too bad , i need both my arms to cook my dinner i really love cooking
i need my arms for farming , how am i going to hoe without two arms .
that is wonderfully awful , my dad sells used cars , and i need two arms to fish
at least i can do my hobby , hiking , i only need two legs for that .
i am a pretty pleasant person to be around , my dogs think so
should have listened to my parent and used my college degree for an office job .
i should have explored my ambition for cooking
i have a parrot named todd , he is a real talker . do you like sports ?
no but i like my dog pepperoni
i was in a car accident , cut my arm then it got infected zipping , rough day .
look on the bright side you could have gangrene
its really hard to type with one arm , i miss my left arm . makes me sad .
i love being a happy person , and especially when i fish , you should try
i can fish with one arm if someone will bait my hook
","The user, a college graduate and farmer who enjoys hiking, shares their struggles after losing their arm in a zip line accident, expressing sadness over the challenges it poses for cooking and farming. They mention their love for cooking and fishing, despite the difficulties of doing these activities with one arm. The conversation touches on their pets, including a talkative parrot named Todd and a dog named Pepperoni, and reflects on their pleasant personality and the regret of not pursuing an office job with their degree. Despite the hardships, they maintain a positive outlook, emphasizing their enjoyment of hiking and fishing."
 i work many hours rehearsing for my show. i am a ballet dancer. my favorite food is hamburgers. i like movies based on comedies. my parents passed away in a car accident.,"good afternoon . how are you ?
i am great , i dance at the ballet
that is awesome . i work in the tv industry
i really like burgers and fries
well it is sunday so it is my favorite day to cook breakfast .
i like dinner foods better
yea my girlfriend does as well , but i do not care what she thinks .
well that is how it goes huh ?
yea she is far too demanding at times , so i just do what i want .
a car killed the parents
oh wow that is sad . my parents will not talk to me since i am lesbian .
i love lesbians that is awesome
well there are a lot of people that do not feel that way .
they can go do other things haha
the joy of singing is what brought me and my girlfriend together
really i just like burgers
","The user, a dedicated ballet dancer who enjoys rehearsing for their show, shares their love for hamburgers and expresses a preference for dinner foods over breakfast. They mention their parents' tragic passing in a car accident, which prompts a sympathetic response from the other person, who discusses their own challenges with family acceptance due to their sexuality. The conversation reveals the user's straightforward personality, as they prioritize their own preferences and express a light-hearted attitude towards others' opinions."
 i wish i could take back a mistake. i want to move. i do not like my reputation. i have a harsh inner critic.,"my mother is off from work today she works in a bank
oh wow i wish i could work in a bank
you would love to work in a bank
i wish i could to move to the other side ot the town
my french is really good english is poor
i wish i ould take that mistake back
my mother was divorce when she had me never knew my father
my father is worse than my harsh inner critic
i enjoy my job the babies animals are so cute
i do not love my reputation
mushroom ravioli is so good i can have that for dinner everyday
i have a difficult inner critic
why is that you have a inner critic
i want to be perfect
","The user expresses a desire to move to a different part of town and reflects on their harsh inner critic, which they feel is more critical than their father, who was absent during their upbringing. They mention enjoying their job working with babies and animals, while also sharing a love for mushroom ravioli. The user wishes they could take back a past mistake and is dissatisfied with their reputation, striving for perfection and feeling that their English skills are lacking compared to their French."
 my father has a very prestigious job. my favorite band is iron maiden. i am a lover of italian food. i enjoy watching netflix with family.,"i really like vanilla cake an my 1 sister
that is cool my dad is a pilot so he is hardly home
darn i take care of both my parents
i am sorry are they really bad sick
i am getting a degree i am almost done
that is great ! what is your degree gonna be in
yes they are i love my nice an nephew
well kids are our future
business law , i am so excited its over
that sounds like it can be dry at times
lol its about over now
that is a good thing where do you want to work when its over
","The user shares their fondness for vanilla cake and mentions having a sister, while also noting that their father is a pilot and often away from home. They express concern for their parents' health, stating they take care of them, and reveal they are nearing completion of a degree in business law, which they find exciting despite its potential dryness. The conversation highlights the user's appreciation for family, including their niece and nephew, and ends with a question about their future career aspirations."
" i am a french girl , but i moved to the us last year. i don t have too many friends in the us yet , but i am going to summer camp and i hope to make friends then ! i also think that i may make friends as soccer in the fall. i live with my parents and my little brother. i am in 3rd grade. i like to play soccer , draw and read asterix.","hey how are you today
i am good . just got home from school !
are you in college ? i wish i went to college i tend a farm now
i am still a kid ! only 3rd grade
oh wow that is a fun grade . do you like school
i love school but i am kinda shy . i just moved here from france
france must have been beautiful . it will take you some time to get adjusted
it has been a year , but i still have not made very many friends
it will take some time i am sure you will make friends soon
thank you . i hope i will when i go to summer camp
summer camp is really fun ! do you have any pets
no i do not . do you ?
i have dogs a boxer and a german shepard
i love puppies . i wish i had one !
maybe you can get one one day
i hope so . what do you do for fun ?
","A French girl who moved to the US a year ago is adjusting to her new life while in 3rd grade. She enjoys school but feels shy and has not made many friends yet. She hopes to make friends at summer camp and through soccer in the fall. She expresses a love for puppies and wishes to have one, while the other person shares that they have dogs. The conversation reflects her eagerness to connect with others and her interests in school, soccer, drawing, and reading Asterix."
" i used to be in the marines. i work as a bartender. i like to write poetry. when i have nothing else to do , i read books. i m a vegetarian.","hello , how are you doing today ?
hi ! long day , so i am alright . and yourself ?
about to have a nice cold shower and do some singing
sweet ! what kind of songs do you sing ?
mainly songs from halo 3 as i play it most of the day
oh , i did not know there were songs in that game .
it is hard to sing alone and listen to anything when you have a moped only
you should sing in the shower ! that is what i do .
i do , i told you i was about to !
oh i was not certain you meant at the same time . haha !
do you also think eye contact is weird ?
no , i think it is a good thing ! do you ?
yes , i hate when people stare too long
i am used to getting lots of glazed stares . i work at a bar .
stares into the distant past of youth
exactly ! and for some the not so distant .
","The user, a former Marine and current bartender who enjoys writing poetry and reading, engages in a light-hearted conversation about their day. They mention having a long day and plan to take a cold shower and sing, particularly songs from Halo 3, which surprises the other person. The user expresses a preference for singing in the shower and shares their discomfort with prolonged eye contact, contrasting it with their experience of receiving many stares while working at the bar. The conversation touches on themes of nostalgia and the nature of attention."
 i work at a real estate office. i am dating my boss. i love to sing. my favorite flower is a daisy.,"i am happy to be retired from teaching but miss it , how r u ?
good . i work at an office selling real estate . boss is my boyfriend .
wow , that is sounds cool , do you both work well together
very well . do you have any hobbies ? i am an amateur singer .
cool would love to hear ya sing , i enjoy riding horses
i love horses . i had one growing up . love to garden too .
really , my fav flower is a rose . i love being in the kitchen baking
i love daisies . i am not a great cook , but love to eat .
well come over , i will bake something for ya
cheesecake and tiramisu are delicious .
yes they are and i can make both , baking deserts are fun
i should learn , but i tend to burn while cooking and baking .
just pratice something simple like a butter cake and pratice
ok . it is a nice day here . how about by you ?
well its raining quite a bit
are you up north ? i am in the south .
","The user, who works at a real estate office and is dating their boss, expresses happiness about their retirement from teaching but admits to missing it. They share their passion for singing and mention that they love horses and gardening, while their favorite flower is a daisy. The conversation partner enjoys riding horses, baking, and favors roses. They discuss baking desserts, with the user admitting to struggles in the kitchen but showing interest in learning. The user notes the weather is nice in the south, while the partner mentions it is raining up north."
 i also like to mountain bike. i live in vermont. i have visited 12 national parks in the us. i love to hike. i am an environmental activist.,"hey mate do you sipping the gin and juice , cause i do it constantly to forget
better drink in moderation mate
nah man , why moderate it if i cant hold a job for long ?
you should become a competitive drinker
i would do it but my family loves me , however they keep away from me
you gotta hide from what you love i guess
we are on the same wavelength here
lets get wavey then dude
i like ya , tell me more about yourself
i like to ride bikes around
i ran over a kid with a bike , like all my problem i take the blame
i am sorry to hear that . blame the kid aye
","The conversation features a light-hearted exchange between two individuals discussing drinking habits, with one person joking about their inability to maintain a job and suggesting competitive drinking. The other person expresses a sense of camaraderie and shares their interest in biking, even mentioning a past incident involving a child. The tone is casual, with a mix of humor and underlying themes of personal struggles and relationships."
 i like the movie godfather. i am a man. i am not healthy. i weight 300 pounds. i like candy and soda.,"hello ! i have been playing video games since this morning , i am tired
hi how are you doing i am fine oh you must rest later .
ha ! my parents do not really like it that much
i was born a young man you will be fine they love you .
i guess you could say that i am lazy i would rather not work
that is okay i do not think i am in great health .
oh no . i eat fast food most days , not healthy i know
you will be okay . i am to heavy my weight is way to much .
yeah i could lose some weight for sure
i went to the movie theater and i enjoyed the godfather .
that is an oldie but goodie
yes l . o . l i enjoy eating candy and drinking soda pop .
i do like sugary things sad to say
yes can not help it that is why i once weighed over 300 pounds .
wow glad you have lost weight
yes i am still to heavy though i now weigh 230 but i am okay .
","The user, a man who enjoys the movie ""The Godfather,"" shares that he has been playing video games all day and feels tired. He mentions his parents' disapproval of his gaming habits and admits to being lazy and not in great health, often eating fast food and sugary snacks like candy and soda. He acknowledges his weight issues, having previously weighed over 300 pounds but now weighing 230, expressing a desire to lose more weight while still enjoying indulgent treats."
 i like books about trains. my poppa has a train set that i play with. i have a dog named percy. my cat died.,"hi . sorry in advance my english is not that great .
that is ok , how are you this evening ?
i am okay . i just took my dog for a walk . you ?
i am doing ok , i have a dog too . his name is percy
that is a nice name for a dog .
i think so . he is a very nice dog .
i got my dog when i arrived from tokyo .
you are from tokyo ? that is so interesting
yes i am it is a great place to live but i am in la now
what brings you to america ?
i want to be an actor .
do you like movies then ?
yes i do . how about you ?
yea , i like them but i prefer books personally . especially about trains
","The user, who enjoys books about trains and has a dog named Percy, engaged in a conversation with someone who recently moved from Tokyo to LA to pursue acting. They discussed their pets, with the user expressing fondness for their dog and sharing that they prefer books over movies, particularly those related to trains."
 my husband is a lawyer. i have 2 kids. i work at a vet. i have 3 dog. i love flowers.,"hi what are you up to tonight ?
hey , just getting in from the vet . i love my job how about you ?
i am eating again . i just eat so much no wonder i am fat
laughing my butt off that is too funny . i love to cook to . what are you eating ?
i am eating oreos and ice cream that i took from my kids .
really , that sounds like fun . do you have kids ?
yeah i hope my daughter feels pretty . i wish i could feel pretty too
i have 2 girls myself i know the feeling
do you have a husband ? does he make you feel wanted ?
yeah he is a lawyer . always in the office working you know how that goes
my husband never makes me feel desired . so sad
i am sorry to hear that . you should wear something sexy for him and bring him a rose
ok maybe i will try that . although i am so fat it would not work
you are not fat you are pretty fabulous and tempting
oh wow i like that ! what do you do for work ? should be a life coach
i work in the vet but i do life coaching on the side
","The user, a veterinary worker and mother of two girls, shares her evening routine of eating Oreos and ice cream, humorously acknowledging her weight concerns. She expresses a desire for her daughter to feel pretty and reflects on her own self-image. The conversation reveals her husband's demanding job as a lawyer and her feelings of being undesired, which she discusses with the other person, who suggests wearing something sexy and bringing a rose to rekindle romance. The user appreciates the encouragement and compliments, while the other participant mentions their work in veterinary care and life coaching."
 i m going to school to get my bachelor s degree. my father was also in the military. i eat a lot of meat. i m a veteran. i love my girlfriend.,"it is so beautiful out ! i love fall .
me too , but where i live it is always hot
i live in ca . it is perfect here . we do not get seasons much though .
i am studying for a test right now , i am almost done with school
i am in college as well , i work as a lifeguard so our busy season is ending .
i am getting my bachelors degree , after this all i want is to party
all that matters is happiness . as long as you are happy , party !
i want to party and spend all my time with my girlfriend
ah , young love . that sounds great .
then i need to get a good job
you could be a lifeguard and drive a yellow convertible like me .
i am not young i am war veteran , but i am just finishing school .
lifeguard probably is not the best option then . you must be young at heart .
that sounds fun , being on the beach all day , catching the sun .
yes ! it is great . it rarely rains here but when it does i put the top down .
do you have pets ? i love my cat , i need it for stress relief .
","The user, a veteran studying for a bachelor's degree, expresses enthusiasm for the beautiful fall weather, contrasting it with their hot California climate. They are nearing the end of their college journey while working as a lifeguard, looking forward to celebrating with their girlfriend afterward. They emphasize the importance of happiness and consider future job options, humorously noting that being a lifeguard might not suit their age. The conversation also touches on their love for pets, specifically their cat, which provides stress relief."
 my daddy brings home flowers for me. i sleep in a princess bed. my mommy makes me a picnic lunch to eat outside.,"hello ! how are you ?
good , how are you ?
i am great . just relaxing after a long day with my dog . you ?
good . . . waiting for my daddy to bring home flowers for me
daddy ? like father or . . . you know . . . daddy ?
www . . . do not be gross
well . . . you know . i do not judge . sounds like it would make for a good book .
my bed is a princess bed , what about your bed ?
its a normal bed i guess . as long as the dog is on my feet , it works .
does your mommy make you a picnic lunch to eat outside ?
no , but i enjoy having picnics when i go out rock climbing .
that is nice . do you live in a city ?
close to a city , but not too close . i need space to breathe so i can write .
what do you write ?
novels . do you like reading ?
sometimes
","The conversation features a young girl who enjoys a whimsical life, highlighted by her father's habit of bringing her flowers and her princess-themed bed, along with her mother's preparation of picnic lunches. She chats with another person who relaxes with their dog after a long day and enjoys writing novels, mentioning they live near but not too close to a city for inspiration. The girl expresses her enjoyment of picnics, while the other person shares a preference for outdoor activities like rock climbing, and they both touch on their reading habits."
 i love watching funny movies. i like to play tennis. my dad is a veteran. my favorite color is green.,"hello how are you today ?
hi ! i am ok and yourself ?
good , just got home from some shopping .
was it grocery shopping ? i was watching a funny movie .
no just clothes for my kids . what movie ?
i see . it is a comedy tennis movie , which i love as well . how many kids ?
2 kids . they are always needing clothes it seems
yes they do . so what is your favorite color ? mine is green .
i like purple and white . same colors as my cheer leading uniform in highschool .
right on . purple is my other favorite color .
what do you do for a living ? i am a blogger .
i am a musician . i play in a metal band and promote metal shows .
that sound busy , but also fun . i am guessing you travel alot .
i do . at least around my state for now . lots of fun .
","The conversation features two individuals discussing their day, with one recently returning from shopping for their two children, while the other enjoyed a funny comedy tennis movie. They share their favorite colors—green for the user and purple and white for the other person, linked to their cheerleading uniform. The user identifies as a blogger, while the other is a musician in a metal band who travels around their state for shows, highlighting a busy yet enjoyable lifestyle."
 i am an international business man. i own a mansion that i do not live in. i never went to school. i am a genius and know over 300 languages. i never met my parents.,"hey how are you doing ?
hi ! i am great , thanks . how are you ?
i am well . just woke up from a nap . wide awake ! what are you doing ?
i am doing some browsing online , shopping .
are you looking for anything particular ?
i am looking for some furnishings for a home i own but rent out .
i would like to own rentals one day . mailbox money .
definitely ! i would love to live there but i travel so much i live mostly in hotels .
i know how that is . life on the road . what do you do for fun ?
i am a bit of a bookworm , i love to learn new things especially languages .
linguistics are so interesting . i wish i knew another language fluently .
it can be difficult but i enjoy it . what is your profession ?
i am a nurse . graduated school last year . do you watch movies ?
that is awesome ! yes i love movies . what kind do you prefer ?
i like dramatics . tragedy , comedy , shakespeare . i used to want to act .
cool ! i love comedies . what else do you do for fun ?
","The conversation features an international businessman who owns a rental mansion but primarily lives in hotels due to frequent travel. He enjoys browsing online for furnishings and is a passionate bookworm, particularly interested in learning languages. He converses with a nurse who recently graduated and shares her love for dramatic and comedic movies, expressing a past interest in acting. They both discuss their interests and hobbies, highlighting their appreciation for learning and entertainment."
 i am diabetic. i like video games. my mother worked for apple. my favorite genre of music is rock. i have never been employed.,"hey ! how is it going ?
its going good ! just finished playing my pss . you ?
cool . i just got done drafting my nfl fantasy football league ? i love nfl and college football .
i am more into gaming than sports . it helps when your mom works for apple too .
that is awesome . i live in georgia . where are you from ?
i also live in georgia . what kind of music do you listen to ?
i do not listen to much music . i love reading fiction books . especially sci fi and horror books .
oh ok . i love rock music . its so awesome and raw .
what is your favorite rock band ?
i am really into this band called avatar right now . they are from sweden .
that is an interesting band . i may have to look them up .
they have this awesome circus theme when they perform . very creepy intro .
that is kina cool .
what do you do ?
","The user, a diabetic who enjoys video games and has a mother who worked for Apple, is having a friendly conversation with someone from Georgia. They discuss their interests, with the user expressing a preference for gaming over sports, while the other person enjoys NFL and college football. The user mentions a love for rock music, particularly the Swedish band Avatar, known for their unique circus-themed performances. The conversation flows naturally, with both participants sharing their hobbies and preferences."
 i graduated with a nursing degree. my husband is a firefighter. my favorite food is sushi. helping people makes me happy. we have two kids.,"hi how are you doing
i am ok what about your self
i am good just got back from a run
cool so you like to stay in shape
i do . do you like to exercise ?
yes i love keeping my self in shape
that is nice i have more time on my hands since my wife left me
wow i am sorry to hear that
yeah it was completely out of no where
how old are you and i am really sorry
i am 35 what about you
33 i just turned 33 in aug
","The conversation features a user who recently graduated with a nursing degree and enjoys staying in shape, discussing fitness with another individual who is 35 years old and recently experienced an unexpected divorce. The user expresses sympathy for the other person's situation while sharing their own age of 33 and mentioning their love for exercise."
 i m a babysitter. i m the middle child of 3 siblings. i have a sweet tooth. i drive a mercedes.,"hi how are you tonight
very good and you ? i am just enjoying a big bag candy
i love candy then i have to run to burn it off
i have a real sweat tooth . like to make treats for the kids i babysit
i have trophies from running track
do you run competitively now ?
no not anymore i got too old and slow
no running for me , i take my old mercedes when i want to get somewhere
at least you are going in style in that case
yes my grandfather had 3 cars so my 2 sisters and i got each got one
that is very nice of him
i was in the middle and i got to spend a lot of time with him .
that is great at least you did that
yes he loved my chocolate chip cookies too . i have his sweet tooth
","The user, a middle child and babysitter with a sweet tooth, shares that they are enjoying candy while reminiscing about their grandfather, who gifted each of his three granddaughters a car, including the user's Mercedes. They mention their past achievements in running track, though they no longer compete, and express their love for making treats for the kids they babysit, particularly chocolate chip cookies, which they attribute to their grandfather's influence."
 my favorite type of music is metal. i like watching tv and movies. i work in commercials. i have a lot of allergies. my dad died when i was in high school.,"hi , hows life treating you ?
good so far . . how about you
i am just chilling , riding the couch .
relaxing the weekend with cool movies and beer ? ?
its a walking dead marathon for me
hm . . try breaking bad . . its more interesting
i love that show . i have a comic convention coming up .
interesting . . where are you from ?
georgia and where are you from ?
i am from boston , ma
cool i love the accents lol
yaa . . did you ever visited boston ? ?
never been but i have friends from there .
you have one more from today
","The user, who enjoys metal music and watching TV and movies, is currently relaxing at home with a Walking Dead marathon. They suggest Breaking Bad as a more interesting alternative and mention an upcoming comic convention. The conversation reveals that the user is from Georgia and is chatting with someone from Boston, expressing a fondness for the Boston accent and noting they have friends from there."
