conversation number,persona,chat,summary
1,,"hi , how are you doing ? i am getting ready to do some cheetah chasing to stay in shape .
you must be very fast . hunting is one of my favorite hobbies .
i am ! for my hobby i like to do canning or some whittling .
i also remodel homes when i am not out bow hunting .
that is neat . when i was in high school i placed 6th in 100m dash !
that is awesome . do you have a favorite season or time of year ?
i do not . but i do have a favorite meat since that is all i eat exclusively .
what is your favorite meat to eat ?
i would have to say its prime rib . do you have any favorite foods ?
i like chicken or macaroni and cheese .
do you have anything planned for today ? i think i am going to do some canning .
i am going to watch football . what are you canning ?
i think i will can some jam . do you also play footfall for fun ?
if i have time outside of hunting and remodeling homes . which is not much !
","As a remodeling enthusiast and avid hunter, the user is excited to share their love for the outdoors and hands-on activities. They mention their favorite holiday is Halloween, and enjoy staying in shape by going cheetah chasing. They also appreciate hunting, whittling, and canning as hobbies. The user's favorite meat is prime rib, and they enjoy chicken or macaroni and cheese as favorite foods. They have no favorite season or time of year, but do have a busy schedule with hunting and remodeling homes, leaving little time for other activities. 

(Note: I've kept the summary concise while preserving key details about the user's persona and interests.)"
2,,"hi , how are you doing today ?
i am spending time with my 4 sisters what are you up to
wow , four sisters . just watching game of thrones .
that is a good show i watch that while drinking iced tea
i agree . what do you do for a living ?
i am a researcher i am researching the fact that mermaids are real
interesting . i am a website designer . pretty much spend all my time on the computer .
that is cool my mom does the same thing
that is awesome . i have always had a love for technology .
tell me more about yourself
i really enjoy free diving , how about you , have any hobbies ?
i enjoy hanging with my mother she is my best friend
that is nice . moms are pretty cool too .
i am also fascinated with mermaids
","I'm a website designer who loves watching Game of Thrones while sipping iced tea. I'm also a researcher who believes mermaids are real and spends most of my time on the computer. I have four sisters and enjoy free diving. My mom is my best friend, and I'm fascinated by mermaids. I'm a tech enthusiast who spends most of my time on the computer, just like my mom. I'm a free spirit who loves spending time with my family and exploring my interests. I'm a unique individual with a passion for technology and the unknown."
3,,"we all live in a yellow submarine , a yellow submarine . morning !
hi ! that is a great line for my next stand up .
lol . i am shy , anything to break the ice , and i am a beatles fan .
i can tell . i am not , you can see me in some tv shows
really ? what shows ? i like tv , it makes me forget i do not like my family
wow , i wish i had a big family . i grew up in a very small town .
i did too . i do not get along with mine . they have no class .
just drink some cola with rum and you will forget about them !
put the lime in the coconut as well . . .
nah , plain cuba libre , that is what we drank yesterday at the theater .
i prefer mojitos . watermelon or cucumber .
those are really yummy too , but not my favorite .
","As a stand-up comedian, I had a gig at a local theater last night and drew inspiration from the Beatles' ""Yellow Submarine"" for my next routine. I'm a shy person, but I'm a fan of breaking the ice with humor. I've had small roles in TV series and have a complicated relationship with my family, who I grew up in a small town with. I prefer a classic Cuba Libre, which I enjoyed with friends at the theater yesterday, and we discussed our favorite drinks, including mojitos with watermelon or cucumber. Despite our differences, we bonded over our shared experiences and love for comedy."
4,,"hi ! i work as a gourmet cook .
i do not like carrots . i throw them away .
really . but , i can sing pitch perfect .
i also cook , and i ride my bike to work .
great ! i had won an award for spelling bee .
my contacts can see through what you are trying to sell me .
okay but i was published in new yorker once
you better not make any spelling mistakes .
i have not . i can cook any word you want me to
what is your ethnicity ? i am white , and my hair is brown .
i am asian and have no hair .
i love hairless asians . do you like carrots ?
i love carrots . i eat carrots like a horse .
are you male or female ?
i work as a gourmet cook who also has a pitch perfect voice .
i doubt that very much . you probably like to scream alone .
","As an athletic and contact-wearing individual with brown hair, I had a conversation with a gourmet cook who shares my dislike for carrots. They also have a unique talent for singing pitch-perfect and cooking, often riding their bike to work. We exchanged stories about our achievements, with them having been published in the New Yorker and me having won an award for spelling bee. The conversation took an interesting turn when we discussed our ethnicity, with them being Asian and hairless, and me being white with brown hair. The cook's enthusiasm for carrots was a stark contrast to my own distaste, and we ended the conversation with a humorous exchange about their singing abilities. Throughout the conversation, I maintained a healthy dose of skepticism, questioning their claims of having a pitch-perfect voice. Overall, the conversation was engaging and entertaining, with a mix of shared interests and humorous disagreements."
5,,"how are you doing today
what do you do for career ? i have a ton of hobbies if you are interested !
i like to watch kids
i actually play guitar and do a lot of manly things , like welding .
what do you weld ? houses ?
everything ! i am actually manly . but i have a secret i am hiding .
what is your secret that you have
my parents do not know that i am . . . homosexual .
how does that feel for you
makes me secure with my manly hobby skills .
i bet that it does
anyway . what do you do ?
i watch kids for a living
that is awesome . do you like it ?
","As a meat-eater, guitar player, and welder, I'm a manly guy with a secret: I'm gay. I've been hiding it from my parents, but it makes me feel secure in my masculine hobbies like welding. I've got a diverse range of skills, from welding houses to playing the guitar. In my free time, I enjoy watching kids, which is my career. Despite being a manly guy, I'm open about my sexuality and feel comfortable with my secret."
6,,"hello friend , how is it going
i am well an you ? i have a creepy ride . guess
i am great enjoying the football season
i drive around in a long black hearse an love this season
you work for a funeral home ?
yes it is nice , halloween is my fav .
lol , i can imagine . i will be reading a lot when football is over
no i do not work at a funeral home
ok i see , that is your halloween costume
what do you like to read ? i like rock alternative music .
i like anything to do with mystery
oh no it is not it is my car lol
lol , oh i see , taught you own it
me also what is your favorite ?
well i like sherlock holmes and others
i do own it i think there is confusion ?
","As a hearse owner and Halloween enthusiast, I've been enjoying the football season while cruising around in my long black hearse. I don't work at a funeral home, but I do love the spooky atmosphere of Halloween. When I'm not driving my hearse, I enjoy reading mystery novels, particularly Sherlock Holmes, and listening to alternative rock music. In my free time, I also like to crochet and appreciate the creativity it allows me to express."
7,,"rock on , i am listening to my favorite band guns and roses .
no kidding ? i was just listening to the same thing while taking a bath .
of course . i love to listen to rock .
man my boxer just peed on the carpet !
well i am into black everything . so at least it would not show on my black carpet .
ll . i love black too ! guess i was playing my music too loud .
i have a black car , purse , wear all black .
maybe i can borrow something as i am packing to visit my dad in china .
wow , does he live there or work ?
live . moved there about ten years ago for a computer tech job .
have you visited him there before ?
once . you cannot even throw a gum wrapper or you can get arrested .
sounds a bit scary . i ve never been .
well not too much crime there , but a lot of people .
","As a rock music enthusiast who loves baths and black attire, I was having a great time listening to Guns N' Roses while taking a bath. My boxer dog, however, had other plans and accidentally peed on the carpet. Luckily, my black carpet saved the day. I was excited to share my love for black with someone and discovered that we have a lot in common. We also discussed my father, who lives in China, where he works as a computer tech. I mentioned that I visited him once and found the city to be quite strict, with many rules and regulations. Despite this, I'm planning to visit him again soon and might even borrow some black clothing from my new friend."
8,,"hi . how are you doing today ?
hi i am great just finishing up some homework how are you
i am alright . i just got done writing .
do you write for a living or as a hobby
it is my living . i like culture .
that sounds like a fun job . i am a business major but have a part time job
what are you going to school for
i am trying to get my ba in finance
do you own your own company
no still in school work at pizza hut part time
do you get free pizza
no but i do get a good deal .
that is a good start
yeah it is . i really hope they have a frat party again soon
i used to party a lot
it is fun i cant get enough
","Here is a concise summary of the conversation: The user, a business major in college, is finishing up homework and mentions their part-time job at a pizza restaurant. The conversation turns to writing, as the other person shares they write for a living and enjoys culture. The user reveals their own aspirations in finance and mentions their part-time job at Pizza Hut, where they don't get free pizza but do get a good deal. The user expresses their love for parties, particularly frat parties, and the other person shares their own partying past. Overall, the conversation is light-hearted and focuses on the user's college life and job."
9,,"hi how are you today
doing great . i had the day off , you ?
i only worked half a day i work at the bank
that is nice . i work a lot
what do you do ?
just office work , but it is a lot
oh ok i am a teller was the best job i could find with no college
a bank teller is a good job .
yes it does pay the bills
when i am not working i play basket ball what do you do for fun
i hike at the park
that sounds relaxing , i suppose
i love nature and it keeps my mind off things . do you travel
not much . i should though while i am young
i want to go to another country at least once . i have never left the states
me either . we could go together !
","Here is a concise summary of the conversation: The user, from Texas, is a bank teller who works many hours and enjoys playing basketball in their free time. They appreciate nature and hiking, but haven't traveled much, expressing a desire to visit another country. The user also shares their love for the band Imagine Dragons. The conversation is casual and friendly, with the user and the other person sharing common interests and experiences. The user even suggests going on a trip together, showing a willingness to connect with the other person. Overall, the conversation is light-hearted and easy-going."
10,,"hello , how are you today ?
i am well , how are you ?
i am very good . did you watch the football games today ?
no but my sons are watching a game right now
what do you do for a living ? i proofread for hallmark .
cool . . . i followed my father and became an author
books are my greatest pleasure , i have a nice little library i am building .
awesome . . . nothing like filling your mind with literature
i agree . have you seen goodfellas ?
not much of a tv guy since i am always traveling
i catch the football and hockey games .
have you ever traveled before ?
i do . i travel extensively to europe and south america .
ireland and australia are my go to places
ireland is very nice , japan is my next stop .
never been there . i heard they are very friendly people
","I'm a proofreader for Hallmark, and I'm an author like my father. I have a passion for books and am building a library. When I'm not working, I enjoy watching football and hockey games. I'm a travel enthusiast, having visited Ireland and Australia, which are my go-to destinations. I'm planning my next trip to Japan, which I've heard has friendly people. I'm not much of a TV guy, preferring to spend my free time reading or traveling."
11,,"hi i am sally , i live with my sweet dogs in taos , new mexico .
hi ! i have just been sitting here playing the piano and singing along
i have wonderful memories of my mother playing and singing to me .
www . i also like to dance but i cannot do that while i am playing . . lol
maybe you will have to record your playing and dance to it .
great idea ! love staying up late so i could do that even tonight
do you have a day job ?
i am a nurse who teaches nutrition classes
interesting , i am a struggling artist and part time tutor
since being a vegetarian i feel its important to instruct people how to eat
great commitment to your beliefs . i admit i still eat meat only less .
that is ok everything in moderation !
do you have any pets ?
i have a cat named radar
","Sally, a night owl who loves to sing, dance, and play the piano, shares her passion for music and her fond memories of her mother playing and singing to her. She's a vegetarian who teaches nutrition classes and is committed to promoting healthy eating. Despite being a struggling artist, she's part-time tutor and has a cat named Radar. She's open to recording her piano playing and dancing to it, and is willing to do so even on a late night. Her persona shines through in her conversation, showcasing her creative and compassionate nature."
12,,"hello . how are you ?
i am great and you ?
doing good . what are some of your favorite books ?
i do not read books much just sheet music . i want to be a singer
i enjoy reading but also garden in my spare time .
when i am not singing i am playing tennis .
i spend a lot of time in my garden .
do you see a lot of animals around your garden ? i love seeing animals
yes . lots of rabbits .
do you work ?
i give away lots of my vegetables to veterans . i am a veteran .
my family works for ge . my father included though recently retired .
very cool . thanks for the chat . have a great day .
you too
","Here is a concise summary of the conversation: The user, an aspiring singer who enjoys playing tennis, had a friendly conversation with someone. They discussed their shared love for animals, with the user mentioning their fondness for rabbits. The user also shared their passion for gardening and giving away vegetables to veterans. The conversation also touched on their family background, with the user's father having worked for GE and recently retired. The user expressed gratitude for the chat and wished the other person a great day. Overall, the conversation was light-hearted and focused on the user's hobbies and interests."
13,,"hey how are you today ?
great ! just go off work at the smoothie shop . you ?
i have been eating tacos and getting ready to move to school .
are you going to college ? i go to a local one .
yes , i am going to university of michigan . what year are you ?
first yr ! do you have any hobbies ?
i love doing anything outdoors . especially in summer . you ?
i love watching college basketball and rocking out to classic rock .
fun . have you decided on your major for school ?
not yet . have you decided ?
pre med . i would love to be a doctor
that is so nice ! i wish you luck .
","Here is a concise summary of the conversation history: The user, who enjoys watching college basketball and classic rock, recently finished work at a smoothie shop and is excited to start their first year at a local college. They met someone who is moving to the University of Michigan for university and is still deciding on their major. The user is considering pre-med and wishes the other person luck in their academic pursuits. The conversation highlights the user's enthusiasm for outdoor activities and their passion for basketball and music."
14,,"hey , what are you up to ?
hello , i am listening to lady gaga , do you like her ?
i prefer rock music , like led zeppelin .
madonna is my first favorite . do you go to a lot of concerts ?
i would if i could , but i have a farm to maintain .
i work at the mall , so i am close to the venue .
i prefer hiking outdoors and photography rather than crowded malls .
pays well , lol . i make great money as the manager .
work is tiring . i would love to travel the world instead .
i would love to travel as well .
staying here is fine too though . my two dogs keep me company .
i love dogs ! what kind do you have ?
they are both greyhounds . their names are tom and jerry .
that is cute ! how old are they ?
only two months ! i actually have to take them for a walk right now
be careful , my area is a little iffy at night .
","As a concert-going enthusiast, I'm listening to Lady Gaga and enjoying her music. However, I'm a rock fan at heart, loving Led Zeppelin. My all-time favorite is Madonna, and I'm currently obsessed with Lady Gaga. I work at the mall, which is close to the venue, but I'd rather spend my free time hiking and taking photos. Despite the tiring job, it pays well, and I make great money as the manager. I'd love to travel the world, but for now, I'm content staying at home with my two adorable greyhounds, Tom and Jerry, who are only two months old. I have to take them for a walk soon, but I'll be careful since my area can be a bit sketchy at night."
15,,"hello , how are you doing ?
hi there , i am doing great thanks . where are you from ?
i am from socal , yourself ?
seattle . i have a houseboat here . i like socal weather though
that is awesome . the ocean is incredible ! i totally believe that mermaids are out in the sea
lol definitely ! i just dyed my hair mermaid purple from free samples at my salon
that is epic ! me and my four sisters would totally do the same thing ! !
oh yeah , i am a stylist here and i have lots of clients doing fantasy colors
oh nice ! my mom went to beauty school too
oh awesome ! well you guys are all set ! are you married ?
she still braids my hair and we chit chat because she is literally my best friend
awww , that is precious . i feel the same way about my mom
that is such a great thing ! ! not married , single and trying to mingle haha . you ?
lol well i finally tied the knot last year . . thank god ! long wait
i am craving some iced tea right now haha . even though its a bit chilly out
lol nice . . well it was great talking to you !
","As a hair stylist with a purple mermaid-inspired hair color, I had a conversation with someone from Seattle who lives on a houseboat. We bonded over our shared love of the ocean and fantasy colors. I shared my experience of dyeing my hair with free samples from my salon, and they mentioned their mom, a former beauty school student, still braids their hair. We both expressed our close relationships with our mothers and shared our marital status - they're single and trying to mingle, while I'm married after a long wait. We ended the conversation with a friendly exchange, with them craving iced tea on a chilly day."
16,,"i am frank . nice to meet you . what is your name ?
my name is gary . great to meet you too .
i work as a general manager at a grocery store . what about you ?
i am an insurance salesman
do you have any hobbies ? i like to ready and go cycling
i like snowboarding and horseback riding .
do you have any dreams ? i hope to compete professionally or qualify for an event one day
that is interesting . i would love to start my own insurance company .
that is so cool . how do you like to spend your free time ?
i like watching movies with my wife .
i like to travel up to canada to enjoy the view and relax on weekends .
canada is great for winter sports too .
have you even been to canada for snowboarding ?
no , there is a place outside milwaukee i go .
you should try going to canada one day . it is really beautiful there .
i will make sure and check it out .
","Frank, a snowboarding enthusiast from rural Wisconsin, met Gary, an insurance salesman, and they exchanged pleasantries. Frank shared his hobbies, including snowboarding and horseback riding, and his dream of competing professionally or qualifying for an event. Gary, on the other hand, expressed his desire to start his own insurance company. They discussed their free time, with Gary enjoying movies with his wife and Frank traveling to Canada on weekends. Frank was encouraged to try snowboarding in Canada, which he hadn't done before. Throughout the conversation, they showed interest in each other's passions and goals."
17,,"hey how are you ? i wanted to go to florida to surf but no way !
i am so great . for sure , no fl now . unless you are really good at swimming ?
i am great at catching a wave with my high school sweetheart
cute ! my college sweetie and i are more into swimming . ya will have any other couple activities ?
would not mind ! i am so busy at the hospital all the time .
do you have time to eat enough , being so busy ? i love to eat . clot .
not like i want being a nurse on the military base .
that is impressive . do you get a lot of exercise there ?
oh boy do i lol i bake alot when i have spare time , would love to share
i try to work out everyday . do you have a lot of friends on base ?
a few been a brat all my life lol
i love people . pretty much a social queen . any other hobbies ?
","As a social butterfly, I'm thrilled to chat with someone new! I was initially excited to visit Florida for surfing, but it seems like it's not happening. I'm great at catching waves with my high school sweetheart, but my college sweetheart and I prefer swimming. We're always looking for new couple activities to do. I'm a busy bee, working at the hospital all the time, but I make sure to eat large meals to keep my energy up. When I'm not working, I love to bake and share my treats with friends. I try to exercise every day and have a few friends on the military base where I work. I'm a social queen, always surrounded by people, and I enjoy trying new hobbies."
18,,"hi . how are you doing today ?
hi ! i am good ! just playing with my dogs !
how many dogs do you have ?
i have 2 . it is annoying taking them outside from the third floor
that sounds like a lot of work
it is , but my roommates help out sometimes .
that is really nice of them
they are nice . i cook for them in appreciation of their help .
what do you like to cook
pasta is my favorite and it is cheap
that is very true . do you ever donate ?
no , i do not make enough money .
i understand that . my church has a pantry .
that is good . do you volunteer there ?
","Here is a concise summary of the conversation history: The user, who is scared of clowns, is doing well today and spends time playing with their two dogs. They live on the third floor of an apartment and appreciate the help of their two roommates, whom they reward with home-cooked meals. The user enjoys cooking pasta, which is affordable, and has considered donating to a local pantry, but lacks the financial means. They are aware of a church pantry and have not volunteered there. The user's daily life revolves around their dogs, cooking, and living with roommates."
19,,"hello , tell me about you .
hi , i am a mechanic who lives alone . . . how about you ?
i just got back from the london college of fashion in the uk .
wow that sounds really exciting ! i have never traveled to europe
you should go some time .
i hope to eventually . what do you like to do for fun ?
i thought i would make a pretty good fashion designer since i love to shop .
i do not mind shopping too much , if its the sporting goods store anyway
maybe i could introduce you to my sister in law . she is all wrong for my brother .
does she like to fish ? that is a deal breaker for me . i love fishing
she might . she thinks she is better than me because she has an actual job .
who says fashion designer is not a real job ?
i have not ventured into employment yet in fashion . too much to do .
you will get there soon enough .
","Here is a concise summary of the conversation history: The user, a mechanic who lives alone and enjoys fishing, introduces himself and shares his passion for working on cars. The other person shares their experience at the London College of Fashion and expresses interest in traveling to Europe. The user expresses his own desire to travel and mentions his love for shopping, specifically at sporting goods stores. The conversation turns to the other person's sister-in-law, who is a fashion designer, and the user reveals that fishing is a deal-breaker for him. The other person defends the legitimacy of fashion design as a job, and the user expresses his own aspirations in the field. Overall, the conversation is lighthearted and friendly, with both individuals sharing their interests and passions."
20,,"hey whats going on ? how are you ?
not much , just seen both my children off to school , you ?
about to smash some pretzels . cant get enough of them .
haha . i love it . my 2 cats are big pretzel lovers
so you have two cats ? what are their names ?
bobby and billie . i got them at the shelter i like to donate time to
oh cool . do you work ? any hobbies ?
my parents were both teachers , so i thought i might , but no
i live with my mom and watch a lot star trek . ever seen it ?
my 2 children love that show , but i would rather be out hunting
i am a bow hunter when i am not working on the railroad .
we sound like we would get along
yeah i bet we would . i like hunting but i do not kill animals . i am weird like that
oh , that is weird . how do you hunt ?
","As a bow hunter who lives with his mom and watches Star Trek, the user is a unique individual who values his time at the local animal shelter. He has two children and two cats, Bobby and Billie, whom he adopted from the shelter. Despite his love for hunting, he doesn't kill animals, which makes him stand out. He works on the railroad and spends his free time hunting and watching TV. His parents were both teachers, and he has a strong connection to his family. Overall, the user is a complex and interesting person with a mix of outdoor and indoor interests."
21,,"hello there how are you ?
i am doing well . how are you ?
i am great thanks , do like boating ?
i like it when i can get away from my job at the grocery store
its my favorite activity outside of being a doctor . do you like beaches ?
i give deep sea fishing tours at the beach sometimes
i volunteer at a farm , do you like animals ?
i am vegan so i love animals . same here with the farm volunteering
i too am a vegan , how long for you ?
just 2 years . my boss at my bookkeeping job got me started
that is nice my boss at the grocery store is nice too
sounds like we have a lot in common . how do you feel about urban farms ?
i work at an urban farm , i love them . do you ?
urban farms are the best . there is one on top of my apartment building .
how lovely , mine is 2 miles up the road .
is it all organic ? i found that sometimes chemicals are necessary .
","Here is a concise summary of the conversation history: The user, who helps with bookkeeping and tours, volunteers at an urban farm and is vegan. They work at a grocery store and enjoy boating and deep sea fishing tours. They have been vegan for 2 years, inspired by their bookkeeping boss. The user shares common interests with the conversational partner, including a love for animals and urban farms. They discuss the importance of organic farming and the challenges of balancing chemicals and sustainability. The user's conversational partner also volunteers at an urban farm and shares their passion for sustainable living. The conversation highlights the user's unique blend of work and volunteer experiences, showcasing their commitment to environmental and social causes."
22,,"hello how is life treating you today ?
okay . . rough day waiting tables . . headed to class soon . and you ?
i bumped my head on a door frame because i am 6 foot tall .
wow got some height on you . do you work
do you usually make bank waiting tables ?
yes ppl tip very well ! but i really want to be a doctor some day
i do not work , i guess i am an investor . i have waited tables in the past .
okay , its not a super fun gig but pays decent
i find people to help now they come to me like stray cats .
oh that could be a problem lol . what do you do for fun
i play around with mensa members like myself .
oh okay . . i am in a book club
when i was growing up my family moved 40 times .
okay that is ridiculous lol . why so many moves ?
i think my mother was a bit touched in the head .
sounds a bit crazy , and hard on a child
","As a full-time working mom and college student, the user is struggling to make ends meet, working as a waitress to support herself and her family. Despite the challenges, she is determined to become a doctor one day. She shares her daily struggles, including a recent bump on the head from a door frame, and her passion for learning. The user's unique background, having moved 40 times as a child, has shaped her perspective on life. She is also part of a book club and hopes to find a more fulfilling career in the future. Despite her difficulties, she remains optimistic and focused on her goals."
23,,"hi , how are you doing today ? do you have any hobbies ?
i am good and yourself friend ?
i am okay . i was prepping dinner and stopped to complete a couple of hits .
very nice . where do you work ?
i am a personal chef for a family of 4 . what about you ?
i am in college to become a teacher
oh , that is cool . the career highlight of my schooling was winning a spelling bee .
was that in 3rd game ? p
it was in the 2nd grade . i missed the cut in the 3rd grade . haha .
dang they do move on to 5 letter words then . rough .
i know , right ? that is why culinary school was where i ended up .
make sure you spell the food right ! d
","As a college student aspiring to become a teacher, I'm doing well, thanks for asking. I don't have any hobbies, but I'm excited to graduate in September and start my teaching career soon. My brother, on the other hand, is a metal band musician who travels the world. My family migrated to America when I was five, and I'm proud to be pursuing my passion for teaching. I'm currently in college, focusing on my studies to achieve my goal. My conversation partner is a personal chef for a family of four, who has a unique career highlight of winning a spelling bee in the 2nd grade. We commiserated about the difficulty of moving on to 5-letter words in spelling bees, and how it led him to pursue culinary school instead. I found it interesting to learn about his career path and share my own aspirations with him. Overall, our conversation was a great way to connect with someone from a different background and share our stories."
24,,"hi ! how was your weekend ?
hi i am katie . i am a transgender
hi katie , i am lucy . how was your weekend ?
it went so cool . how about for you ?
great ! went for pizza , my fav , on friday . whats your favorite food ?
i am from united states . how about you ? i like blue color . whatsis your favorite ?
i am from the us too . my favorite is pink . do you go to school ?
i love pizza , but my favorite cuisine is thai
yes ! i love sushi ! i always eat it while studying .
nope i am not . where are you working now ?
i am not employed , but working toward my masters in social sciences . you ?
i work here with amazon . i am too old to work now .
","Here is a concise summary of the conversation history: Lucy and Katie, both from the USA, introduced themselves and shared their weekends. Katie, a transgender woman, mentioned her favorite color is blue, while Lucy's favorite color is pink. They discussed their favorite foods, with Katie loving Thai cuisine and Lucy enjoying pizza. They also talked about their education, with Katie pursuing a master's degree in social sciences and Lucy working at Amazon. Lucy mentioned she's too old to work, and Katie shared she's not employed but focused on her studies. The conversation was casual and friendly, with both individuals being open about their personal preferences and experiences."
25,,"hello , how are you doing tonight ? its midnight here
its midnight here too . i am good , you ?
i am worried about the situation in florida . the hurricane , its terrible , you know
do you have family in there ?
my father . i work for the navy , 17 years at sea . its still terrifying
the water is an evil mistress
and interrupted my favorite tv show , the voice . whats your favorite show ?
i am not really sure . whenso your birthday ?
september of 1972 . in 1960 was hurricane donna . fortunately , i love to swim
i was born in june
where are you from , originally ?
i am not sure really . i am unemployed
ah , not many jobs left after the hurricane ?
yeah i live with my parents now
","Here is a concise summary of the conversation history: The user, who loves summer and is currently unemployed, is worried about the situation in Florida due to the hurricane. They have a family member who works for the Navy and has spent 17 years at sea. The user's birthday is in June, and they were born in the same month. They live with their parents and are unsure about their original hometown. The user's favorite TV show is unknown, and they were interrupted from watching their favorite show, ""The Voice"". They also mention their cat and the fact that they love to swim. Overall, the user is concerned about the hurricane and its impact on their family and the job market."
26,,"hello ! how are you ? i am about to have pizza , i am excited ! !
hey i am doing great . pizza sounds good i really like tuna fish salad
i like seafood but my favorite is meat and pizza . what do you do ?
i work at a comic book store
i bet that is fun ! i sell cars . it is new to me
it is i am a giant nerd lol . do you sell nice sports cars
very rarely , i am happy when we do . i like to paint sports cars
that sounds fun ! do you like junk food ? i love gummy worms even the sour ones
yes , pizza is my vice ! sour candy is good , also .
do you like meat lovers pizza
how did you know that is my favorite ! what about you ?
i am weird i like pineapple and ham on mine . pepperoni sometimes
i like that , also . all pizza .
that is cool . do you like to read or listen to music
i mostly enjoy painting , but will often listen to music . you ?
i like rock opera my favorite song is two steps from hell
","Here is a concise summary of the conversation history: The user, a fan of Two Steps from Hell and rock opera music, enjoys tuna fish salad daily and has a sweet tooth for gummy worms. They work at a comic book store and have a passion for sci-fi space adventures. The user shares their love for pizza, junk food, and sour candy. They also discuss their favorite pizza toppings, with the user revealing a fondness for meat lovers pizza and the other person enjoying pineapple and ham. The conversation concludes with a discussion about music preferences, with the user revealing their love for rock opera and the other person mentioning their enjoyment of painting. Throughout the conversation, the user's personality shines through, showcasing their quirky and fun-loving nature."
27,,"how is you night going so far ?
hi , i live in houston tx ; its flooded right now , but makes me think of the ocean .
hope things dry up for quickly , i am just sitting with my dog
music ? my fav singer of forever is ke ha , like wow .
do not follow music much , but hope things are getting better for her
my friend james rules the world in secret and feeds me pudding .
anyone who feeds people pudding should rule the world
gas , gas and more gas not gasoline happens when i eat pudding .
well if the pudding tastes good and james can handle you . . . .
i want to try drugs , but i do not know where to buy them , do you ?
no , i have no clue , pretty strict laws where i live
i really really like love living in texas . tell me about yourself .
","Here is a concise summary of the conversation: The user, who lives in Houston, Texas, is having a tough night due to flooding, but is comforted by their dog. They are a huge fan of Ke Ha and think their friend James, who secretly rules the world, should be in charge because he feeds them pudding. However, eating pudding makes them gassy. The user has never tried drugs because they don't know where to buy them and are aware of the strict laws in their area. Despite the challenges, they love living in Texas and are eager to learn more about the other person. The user's personality shines through as quirky and humorous, with a focus on their favorite singer and friend."
28,,"hi , how are you today ?
i am great just about to head out fishing one of my favorite pastimes
sounds fun ! i am going shoe shopping later .
on the island that i live on there are many places to shop
i would shop all day ! what do you like to do in your spare time ?
i love making boats in my spare time on weekends , what about you ?
i love to go dancing . i love eating out . do you have any favorite foods ?
my favorite food is chicken ! its actually my dogs favorite food too ! his name is bob
i really love mexican food . burritos are my favorite !
omg authentic mexican is the best !
it is ! what state do you live in ?
i love in hawaii , its beautiful here !
i am jealous ! i am surrounded by farmland .
you should take a vacation out here
","I'm a fisherman who lives on an island in Hawaii, where I enjoy making boats on the weekends. I'm excited to go fishing today and have a dog named Bob who loves chicken, my favorite food too! When I'm not fishing or boat-making, I like to explore the island's many shopping spots. I'm a fan of Mexican food, especially burritos, and think authentic Mexican cuisine is the best. I'm a bit jealous of your farmland surroundings, and think you should take a vacation to my island paradise!"
29,,"hello , i have to be quick because i work in a hospital
oh okay . i will hurry . i work for a non profit organization that helps children in need
although i do not like to work super long hours
what do you do for fun
i want to get a truck one day
i want to get a horse . i love to go horseback riding
i really enjoy toyota cars though
i would rather spend my money on going to concerts where i dance hard !
its was very warm outside today
it was . it was so warm though that it melted my cheese i was eating
its a beautiful night i love the night air
me too . much better for my favorite cheese .
my dog will not stop barking
i am sorry . is he allergic to shellfish too ?
he ate all his food and now will not stop barking
i am sorry . what is the matter do you think ?
","Here is a concise summary of the conversation history: The user, who enjoys horseback riding and cheese, works at a non-profit organization that helps children. They prefer to spend their free time attending concerts and dancing, and have a fondness for Toyota cars. They mentioned being allergic to shellfish and shared a humorous anecdote about their cheese melting in the warm weather. The user also briefly discussed their dog's barking issue, which was likely caused by eating its food. Overall, the user's personality shines through as enthusiastic, fun-loving, and caring."
30,,"hello do u like animals i have a kitten named leela very cute kitten too
i love animals ! i have a dog named allie , and i adore her .
animals are amazing my kitten sits in my lap while i youtube cause i am a big youtuber
oh wow , that sounds interesting . are you really famous ?
not yet but in time i will be
what are your videos about ? ever make a spooky halloween video ?
no all my videos are of how to apply makeup
oh , well that still might be useful . i really like putting on makeup for costumes .
oh cool do u go to comic cons
yes ! i rode my bike to the last one that was in town .
i love driving my pink truck to them
that sounds cute ! so what else do you do for fun ?
but sometimes i fly to them since my father is a pilot for a major airline
cool ! i love staring at clouds . flying must be even better !
flying is really fun , but clouds are amazing to look at
i agree . i like having a picnic and looking at the cloud shapes .
","As a chocolate milk shake enthusiast who loves Halloween and dressing up, I have a strong affection for animals, particularly my dog Allie. I'm a big fan of YouTube and enjoy gazing at clouds. In our conversation, I discovered that the other person has a kitten named Leela and creates makeup tutorial videos. We bonded over our shared love of animals, Halloween, and clouds. I also learned that they're aspiring to become a famous YouTuber and enjoy attending comic cons, either by bike or by flying with their pilot father. Our conversation was a delightful exchange of interests and hobbies."
31,,"are you vera ? i love library shopping . we are not alone .
crazy , my wife is vera . were you wondering what had become of her ?
yes ! i know how to be by myself . you ? i do not need new friends . you ?
you are never alone , and the law firm i work for knows it . we fight for you .
hmmm . i prefer things the old fashioned way . you . tell me more about vera . please !
well , we have bought the house she grew up in , and she stays home with the kids .
do not trust anyone ! is your vera nice ? ours is dead .
i trust only you . my vera is nice . why is yours dead ?
you are not the kids father . vera is not nice . i am at the library now . you ?
oh no ! but how can you be sure ? ! i am under a bridge on 59th street .
hide the knives ! tell them to leave me alone ! please . you are not on 59th !
oh wait , they changed the sign ! we are working as hard as we can on your case .
shhh . . . they can hear us . i do not need new friends !
well i despise tofu and have never found any friends in it try tofu , for security .
please do not trust anyone .
only you , master . only you . the knives are now secured .
","As a lawyer working for a large law firm, I had a peculiar conversation with a user who claimed to be Vera's husband. He initially seemed friendly, sharing his love for library shopping, but soon revealed a darker tone. He mentioned his wife Vera, who stays home with their kids, and that they own a house she grew up in. However, he also expressed distrust towards others, revealing that his Vera is dead. The user's tone became increasingly paranoid, asking me to hide knives and warning me not to trust anyone. He seemed to be in a precarious situation, possibly under threat, and I reassured him that my law firm is working hard on his case. Despite his warnings, I offered him a seemingly out-of-place suggestion to try tofu for security, which he rejected. Throughout the conversation, the user's persona remained consistent, showcasing his dislike for tofu and his strong sense of loyalty towards his wife. The conversation ended with the user securing the knives and reiterating his trust"
32,,"hi , how are you today ?
i am good but my shoulders hurt . what about you ?
not bad , but since i have six toes on my left foot , it always hurts .
is it because the extra toe does not fit inside your shoes ?
you got it , that is why i can not stand skiing . can not wear the boots .
if i had a real dragon , i would totally train it . would you ?
definitely . i love dragons . wish i had one .
i like to do ink artwork of dragons , but i keep getting it on my shirts .
hope it does not stain . i love reading . do you , if so what is your favorite book ?
i like old 386 video games more , but i used to read michener .
my favorite book i have read twice is twilight . i like old games too .
i have not read twilight yet but really want to . used to read black stallion .
i have not gotten to read lately because i broke my glasses .
hope you get them fixed soon . are they expensive ?
yes , i have progressive lenses that is why they are still broke .
do they work very good ?
","Here is a concise summary of the conversation history:

The user, who wishes they had a real dragon to train, shares their struggles with shoulder pain due to their suspenders and ink stains on their shirts from their artwork. They bond with the other user over their shared love of retro video games on the 386 and discuss their favorite books, with the user revealing they haven't read recently due to a broken pair of glasses. The other user shares their own struggles with a unique physical characteristic, having six toes on their left foot, which causes pain and prevents them from skiing. Despite their physical challenges, both users express their enthusiasm for fantasy and adventure, with the user mentioning their love for ink artwork of dragons. Throughout the conversation, the users show empathy and understanding for each other's quirks and struggles."
33,,"i am hungry
so am i but unfortunately i am stuck working at churchill museum ha .
wheres that ? is there a good restaurant there ?
no its a museum in orlando , fl its new . there is a grand opening soon .
they will have food at that !
my day is not going too great .
then it is time to eat meat
if only i had the money and friends . sadly i do not have either .
you can eat meat with me , red as my hair
haha ! that is cool ! just one problem . i am in a wheel chair .
so , we will have people bring us huge steaks
that sounds awesome ! thank you !
do you like computers ?
i do . i am very tech savvy how about yourself ?
me too . i like repairing busted ones
its so interesting . the way computers work . i hope to own a repair shop .
","Here is a concise summary of the conversation history: The user, who is wheelchair-bound and works at a museum in Orlando, Florida, is feeling down about their day and is struggling with hunger. They express a desire to eat meat, but lament the lack of money and friends. The conversation takes a turn when the user suggests eating meat with the other person, who agrees and offers to have people bring them huge steaks. The user and the other person bond over their shared interest in computers and technology, with the user expressing a desire to own a computer repair shop. Throughout the conversation, the user's vulnerability and loneliness are palpable, but they find a sense of connection and camaraderie with the other person."
34,,"hi . where are you from ?
i am from alabama . how about you
i am from british colombia , in vancouver
oh okay . that is interesting . i live by myself and work on cars a lot
that is great . car needs love too . i work as a graphic designer .
that is also really cool . i was interested in that during college
what changed your mind about doing it ?
i did not get to finish college .
oh , i see . well , i also do comedy gigs from time to time .
that is great . i fish in my free time and enjoy a good burger
that is a great hobby . i actually made a joke about fishing at a gig yesterday .
lol really ? what was the joke ?
what did one hillbilly say to another ?
and what would that be ? lol
i got a new fly rod and reel for my wife . . . best trade i ever made .
lol that is very funny . i like that one
","Here is a concise summary of the conversation history: The conversation started with introductions, where the user from British Columbia, Vancouver, and the other user from Alabama, shared their backgrounds. The user from Alabama mentioned living alone and working on cars, while the other user worked as a graphic designer. They discovered a shared interest in comedy and fishing, with the user from Alabama sharing a joke about fishing. The conversation ended with a humorous exchange about a hillbilly joke. Throughout the conversation, the user from Alabama's personality shone through, showcasing their love for cars, fishing, and comedy, as well as their sense of humor. The user from British Columbia, Vancouver, shared their own interests and experiences, including their work as a graphic designer and their lack of college completion. Overall, the conversation was light-hearted and friendly, with both users showing a willingness to share their personalities and interests."
35,,"hi how are you today
i am well , how about you ?
i am good do you work
i do , i work from home . i cant see well
oh well that is not a good combination
. yeah , i can see like 200 in front of me
200 of what i do not get it
200 feet , i am sorry . my vision is terrible and i get bad headaches
that is quite alright good sir
i had to call 911 once it was so bad . do you have any pets ?
i do not but my dad is a cop
that is cool , i used to have six cats .
where do you live at then ?
alaska , you ? are you married ?
virginia and i am not nope
oh that is far away . i married my friend from high school
","Here is a concise summary of the conversation history: The user, who is married to their high school friend, has poor vision and can only see 200 feet in front of them. They have a history of severe headaches, including one that required a 911 call. Despite these challenges, they work from home and have a unique perspective on life. They used to own six cats and have a connection to law enforcement through their father, a cop. They currently live in Alaska, which is a significant distance from their home state of Virginia. The user's humility and good humor shine through in their conversation, making them a relatable and endearing individual."
36,,"hi how are you today
i am good . just listening to some tool .
oh wow do you play music
no , i am more of a computer geek .
i see , i play guitar
oh , i enjoy flying airplanes .
that does sound fun take me
what do you do for a living ? i am in the army .
i do welding mostly yeah
i like to build computers on the side too .
great i adore video games
oh that sounds like a lot of fun .
yeah do you eat meat
of course . i hate to admit this , but i am a college drop out .
that is okay keep working at it
did you go to college ?
","As a computer enthusiast and Army pilot, I enjoy building computers in my free time. I'm a fan of the band Tool and have a passion for flying airplanes. Despite dropping out of college, I've developed skills in welding and enjoy playing guitar. I'm a meat-eater and appreciate video games. My conversation partner and I bonded over our shared interests in computers and music, and I offered words of encouragement for his college experience. Overall, I'm a laid-back individual with a variety of hobbies and interests."
37,,"hey there , hows your weekend so far
very good , lots of downtime for reading . how about you ?
just taking care of my mother . she is very sick .
oh no i hope she finds relief soon .
me to . between her health and our loud neighbors she cannot seem to rest
i have loud neighbors too . i hope they move soon
yea we do not live in a very good neighborhood
same here . better days ahead i hope .
yea . not to mention , i get made fun of a lot . not happy with my image
oh no why is that ?
ido not know i just worry about it constantly .
its hard not to sometimes
yea . the world can be a cruel place i guess
there is joy to be found as well
","As a former Marine and a poet, I've had a decent weekend with plenty of downtime for reading. However, my friend is dealing with a tough situation, taking care of their sick mother and struggling with noisy neighbors. We commiserate about our shared experiences with noisy neighbors and acknowledge that our neighborhoods aren't the best. My friend also opens up about feeling self-conscious about their appearance, which I empathize with, acknowledging that the world can be cruel. Despite the challenges, we both express hope for better days ahead and the importance of finding joy."
38,,"hi , how are you today ?
hi , i am doing good . just enjoying my favorite food , spaghetti and meatballs
yum , that sounds delicious ! did you cook it yourself ?
yes i did . one of my mothers taught me how ! she is a great cook
that is great . i can sing , but cooking . . . not my specialty .
thanks for not reacting negatively about me having 2 moms
no reason to . what do you do for work ?
. . not that i care what others think . i do not work but my boyfriend works at nasa !
wow , that sounds like an awesome job ! does he like it ?
i do not remember haha . i am a bit forgetful like that
no problem . well , it definitely sounds more interesting than my real estate office job .
i am sure he does like it . what else do you do ?
not much . just work , hang out with my boyfriend , singing lessons . . .
i would love to take singing lessons !
","Here is a concise summary of the conversation history: The user, who enjoys spaghetti and meatballs, shares their love for cooking and credits one of their mothers for teaching them. They appreciate the non-judgmental attitude of the other person and reveal that they have two mothers. The user's boyfriend works at NASA, but they admit to being forgetful and can't recall their boyfriend's job satisfaction. They mention their hobbies, including singing lessons, and express interest in taking more lessons. Overall, the user is open and honest about their life, unafraid of what others might think."
39,,"hello how are you today
i am great how are you ?
i am doing just fine . i will go shoe shopping later
i love shoes ! do you have any hobbies ?
skiing in the winter is one of mine
i love to travel and read . i have been to ireland and australia and love both .
where have you been lately
ireland . my mom is from there and my dad from australia . i live in california .
wow , a long way from home . what brought you to california
a teaching job . i teach english .
teachers are the foundation of our world . that is great .
thank you so much ! my dad is a book writer so i learned a lot from him .
what books has he written ?
he recently just wrote a book on time travel . mostly fiction . where do you live ?
sounds interesting i live in seattle
i have never been there but i have heard it rains a lot . is this true ?
","Here is a concise summary of the conversation: The user, who has Irish and Australian heritage, shares their love for travel and reading. They mention having visited both Ireland and Australia, and their father, an author, recently wrote a book on time travel. The user lives in California and works as an English teacher, having moved there for a teaching job. They discuss their hobbies, including skiing and shoe shopping, and mention their father's book writing career. The conversation also touches on their current location in Seattle, where they share their observations about the rain. Overall, the conversation is lighthearted and focuses on the user's personal interests and experiences."
40,,"hello there . how are you ? i got off from creating videos for discovery channel .
cool ! i watched a video on dc about gravity last week instead of my favorite futurama .
nice . before this job , i did not have any technological skills . where do you work ?
i am studying for my masters . fortunately mom lets me live with her .
great way to save money . do you like the outdoors ? i love it .
i am studying forestry management . i do not want to be a custodian like mom .
coolness . i love being one with nature and being savage .
savage ? do you like death metal ? i know a member of martius .
i am more into hard rock . who do you know from martius ?
the bass player . he is the one who introduced me to anime .
i love anime . my favorite is trinity blood .
shibamotos art is amazing is not it ?
","Here is a concise summary of the conversation history: The user, a college student studying forestry management, is initially excited to share about their job creating videos for Discovery Channel. They mention watching a video about gravity instead of their favorite cartoon, Futurama. The user's mom is a janitor, and they live with her to save money. They express a love for the outdoors and being ""savage,"" which is later revealed to be a reference to their love for death metal music. The user is friends with a member of the band Martius, the bass player, who introduced them to anime. They share their favorite anime, Trinity Blood, and appreciate the artwork of Shibamoto. Throughout the conversation, the user's personality shines through as a unique blend of interests in science, cartoons, and heavy music."
41,,"hello ! how are you doing today ?
as good as can be expected . i am pregnant for the first time .
congratulations . i hope the baby is healthy and has no asthma like i do .
i live out the the country so asthma would not be good .
exactly . so lets hope for the best for the baby . you know the sex yet ?
i do not . my husband wants a boy , he is in the army .
nice . maybe a future hockey player to . i use to play .
perhaps , but my father is a minister and he would not like that .
well true . but being athletic and a runner . sports is a good thing .
i agree and hopefully my kid likes horses . i have one named beauty .
oh nice . sometime i think i am too tall to dance .
oh , you can never be too tall to dance !
6 ft . feels like i am towering over these females .
believe me , they like it .
well if your sure i will keep dancing . i love it too hate to give it up .
never give up something you love !
","As a pregnant woman living in the country with a husband in the US Army, I'm excited to share my first pregnancy experience with someone. I'm hoping for a healthy baby, and my husband wants a boy. I have a horse named Beauty and am looking forward to sharing my love for horses with my child. I've been feeling a bit self-conscious about my height, but my conversation partner reassures me that I can never be too tall to dance. We bond over our shared love of sports and dancing, and I'm inspired to continue pursuing my passions despite any challenges that may come my way."
42,,"hey , there . how are you today ?
i am great today . such a nice day
i am sitting here listening to pearl jam , my favorite band .
one of the members from pearl jam said i had a cute laugh
i am 29 now and have adored them for years . i am near boston . you ?
i live in providence and work at a publishing building downtown .
i love to laugh ! ! ! and hike and bike , too .
that . s cool . . . i love to cook for my friends and family .
it was a pleasure to meet you .
are you a guy ? i love to be around guys . they are so sexy .
i mostly like to hike and ride my bicycle .
i am still in love with my ex boyfriend but trying to move on . are you single ?
single and loving it ! ! living in a boston suburb , there are many fish here .
maybe we can going fishing and i can cook for you .
","As I sat down to chat, I mentioned it was a lovely day and shared my love for Pearl Jam. The conversation took a sweet turn when I revealed that one of the band members complimented me on my laugh. I'm a 29-year-old woman living near Boston, working in publishing, and enjoying outdoor activities like hiking and biking. I confessed my love for cooking for loved ones and my preference for being surrounded by males. I also shared my ongoing struggle to move on from my ex-boyfriend, who I'm still in love with. The conversation ended with a friendly invitation to go fishing and cook for each other, as the other person is single and living in a Boston suburb. Throughout the conversation, I maintained a lighthearted and playful tone, showcasing my bubbly personality."
43,,"hi i have four siblings
hello how are you today ?
i am doing good how about you ?
i am alright , i love my ohio farm
oh that is great i like to spend time drawing
drawing is cool but i prefer the guitar
the guitar that is cool too , i have three other siblings .
i wanna go to the city one day , never been
going to the city that would be fun !
yeah i need to get away from all these cows
i do not know much about cows
they are where steak comes from
funny i mean i know that much
that is about all you really need to know
how to milk a cow it what i do not know
you can milk anything with nipples
","Omar, a small-town Ohio farmer, shares his life with a stranger, revealing his love for playing guitar in a local band and his desire to visit the city one day. He mentions having four siblings and a strong connection to his farm, where he spends time surrounded by cows. Despite his rural upbringing, Omar is open to learning about the city and even jokes about not knowing much about cows, but being aware that they provide steak. His carefree and humorous personality shines through in the conversation."
44,,"hey how are you today
i am good tired though . i am pre law so i study alot
i am a boy . or a girl . or a cat ink anymore
well that is cool cuz i am an owl a night owl to be specific
i think i am bipolar but i also tell myself that its not possible .
ll well that is interesting . you like dogs ? pugs are so loyal , i have one name biscuit
i like dogs sometimes but other times i just wanna scream
yea i hear you . i like to scream in the park when i am playing ultimate sometimes
i am the ultimate . the alpha and the omega
i do not like going out very much . what do you do
i climb trees because i am a spider monkey
lets climb togther one day
","As a graduate student studying law, I'm a night owl who's an introvert and prefers to stay indoors. I have a loyal pug named Biscuit, and I enjoy playing ultimate in the park with friends. Despite being a night owl, I'm tired and study a lot due to being pre-law. I'm also open about my potential bipolar diagnosis, which I'm still unsure about. I appreciate the loyalty of dogs, especially pugs, and sometimes enjoy screaming in the park during ultimate games. I'm not a fan of going out much, but I do appreciate the idea of climbing trees with someone who shares my love for adventure. Overall, I'm a unique individual with a mix of introverted and adventurous traits."
45,,"are you hungry ? i can bake you something .
i need more hours to sleep
i am always baking for the old people in my retirement home .
my wife can bake for me , and for the 2 kids
why are you so tired ? i can sleep when i am dead .
i work in a factory
ah . i am really old but my kids visit me all the time .
labor work , very energy demanding
i bet . do you like cake ? my grandson does .
but all i wanted to be really is have my own band
cool . chocolate is his favorite .
wow , i do not really like chocolate
i will bake you a cake when you start your band .
can you sing ? you can join me
does not have to be chocolate . i can bake anything . sure !
wow , can you play a musical instrument ?
","As a factory worker who sleeps 10 hours a day due to exhaustion, the user is offered a baked good by the conversational partner. The user declines, citing the need for more sleep. The partner shares their own experience of baking for the elderly in a retirement home, and the user's wife and kids can also bake for them. The user reveals their true passion is to be in a band, but is too tired to pursue it. The partner offers to bake a cake when the user starts their band and even invites them to join their own musical endeavors, as they can sing and play an instrument. The user is surprised and thrilled by this offer. Despite not liking chocolate, the partner is willing to bake anything for the user. The user's exhaustion is a significant aspect of their persona, and the conversation highlights their desire to pursue a creative outlet despite their physical limitations."
46,,"hi ! have you ever wondered what it would be like to live in space ?
i am basically a violinist , so i do not think about it .
so are you in an orchestra or something ?
kinda , i been in the game since i was four .
did your family teach you to play the violin ?
no i had to learn in school , my mother would drop me off before nursing
how old are you now ?
i am basically 22 and recently started eating indian food .
so are you happy with your life ? violins and indian food ?
basically , all i need to do now is adopt a dog and i am set .
i wish i could be a dog ! i do not like life as a human .
if you were rich you would not be saying this .
that is probably entirely true . unless i were a rich dog . . .
i would rather be a bird .
","As a 22-year-old violinist who has been playing since the age of 4, I've recently discovered a new passion for Indian food. My mother, a nurse, would drop me off at school where I learned to play the violin. I'm about to adopt a dog and feel like I'm almost set. Despite being content with my life, I sometimes fantasize about being a dog or a bird, but acknowledge that being rich wouldn't change my perspective. I'm looking forward to this new chapter in my life."
47,,"hello , how are you doing ?
i am doing good . just cooking dinner . love cooking
i do too , are you a man or woman ?
i am a woman . they call me the cat lady because i breed maine coons and show them
that is cool , i have a job at subway that i am not thrilled about
its better than nothing . my brother is couch surfing at my house right now jobless
i love to sit on the couch and play video games myself
my brother does too , especially since our parents moved to florida recently
really , i also like listening to music especially country
sounds relaxing . i am going on a cruise in a month . hoping to relax there
have fun , i love to live life to the fullest . . . . enjoy
me too , maybe you should come !
lol , i would love too
what else do you enjoy ?
i enjoy the outdoors and love to sit around water
then you would love the cruise !
","I'm doing well, having a good dinner while cooking. I'm a woman, known as the ""cat lady"" due to my passion for breeding and showing Maine Coon cats. My brother is currently couch surfing at my house, and our parents recently moved to Florida. I'm excited to go on a cruise next month, hoping to relax and enjoy the experience. I also love to cook and appreciate the outdoors, especially being around water. My brother and I share a love for playing video games and sitting on the couch. We both enjoy relaxing and unwinding, and I'm hoping to do the same on my upcoming cruise."
48,,"did you see the football games today ?
yea i did . i caught it after my tennis match today
you play tennis or coach ?
i play it in my freetime . i am an aspiring singer so hoping to become famous
good luck . that is a rough thing .
thanks . tell me about you ?
nothing much . i work as a roofer during the day .
that is cool . my pops worked for ge and did roofing in his spare time
its okay . pays the bills . tried to get to the nfl , but it did not happen .
i route for the greenway packers because my favorite color is green
no way . that is my favorite team too . although , not cause of the colors .
yea i am pretty sure they are junna take it all the way this year
from your mouth to gods ear . that trophy needs to come home .
yessir . well i gotta go take care of my animals now so i will see ya later
","Here is a concise summary of the conversation: The conversation started with a discussion about watching football games, with the user revealing they play tennis in their free time and aspire to become a famous singer. The user's father worked for GE and did roofing in his spare time, which led to a conversation about the user's job as a roofer. The user's favorite team is the Green Bay Packers, not just because of their green colors, and they are optimistic about their chances of winning the trophy. The user also mentioned they have animals to take care of and will see the other person later. Throughout the conversation, the user's personality and interests, such as their love for animals and tennis, were revealed."
49,,"hello , are you a comic book collector like me ?
hi wow i like comic books too . i do not collect them tho .
do you know what comic books are ? organic food only here !
yeah i just got my degree in literature . i like green lantern
i have been collecting autographs have over 15 million .
wow how do you get them
sometimes i steal them , dust allergies this time of year
stealing is not nice . dust makes my allergies act up too sometimes
how so ? organic food is not nice .
stealing is just not good to do . i might go for a hike today
can you prove that ? i might eat dust today .
well it is a crime . just saying .
not necessarily , but if i stole something that was originally mine ?
it just is not right if it never was yours .
i do not understand anything .
oh ok . i hope to be teach 2nd grade soon
","Here is a concise summary of the conversation history: The conversation started with an inquiry about comic book collecting, but quickly took a turn as the user revealed their major in American Literature and Education, and their interest in teaching elementary school. The user expressed their dislike for stealing, which the other person justified by claiming they had stolen autographs, including over 15 million. The user disagreed, emphasizing that stealing is a crime. The conversation ended with the user mentioning their plans to go for a hike and their hope to teach 2nd grade soon. Throughout the conversation, the user's persona as a recent college graduate with a passion for teaching and hiking was evident."
50,,"hi . i love to garden . what do you do ?
read , read and then read . bookworm you could say .
i would say so . i bake alot of pies .
pie sounds good . maybe you could bake one for my book club .
oh great ! we can garden too .
i have never tried to garden but my mom loves it .
i do also . where do you live ?
laguna beach . take a lot of ocean pics on my cell phone or and cat pics .
pretty . i like mountains alot you ?
as long as i have a cell signal . cannot sustain without my cell . sad really .
lol . me too . i am the same way with my camera .
maybe along with that pie you can take a pic of my cat , love him .
sounds good . i love my cat too
another cat lover , awesome . we have to meet and have a drink soon .
","As a self-proclaimed bookworm, I enjoy reading and baking pies. I'm a cat person and have a special bond with my mom, who is my best friend. I attend book club every week and love taking pictures of the ocean and my cat on my cell phone. I'm a bit of a phone addict and can't imagine living without it. I'm open to meeting new people, especially fellow cat lovers, and would love to grab a drink and discuss books and gardening with someone who shares my interests."
51,,"hello my name is sally , i am a baker
nice to meet ya sally ! i am sean and i am a student
hey sean , what are you studying ?
computer engineering . have an internship starting later this year i am very excited for .
that is awesome , when i was young like that i tried acting
cool ! what is it that made ya quit ?
life , but now i look forward to the joys retiring
that will be nice . i want to do as much as i can while i am young .
that is how you do it , yolo as you kids say
haha exactly . definitely want to skydive before i die . live life to the fullest
my wife showed me that , she makes me smile .
my pet snake makes me smile . do you guys have any kids ?
i was fake straight for a long time , i am humble now .
coolio . i play this video game character online , pretty famous for it now .
fame and computer engineering , were you on the cover of wired ?
no , no . not that famous yet .
","As a famous video game character online, I'm excited to start my internship in computer engineering later this year. I'm looking forward to making the most of my youth, just like I want to skydive before I die. My pet snake brings me joy, and I'm inspired by others who live life to the fullest, like my wife who makes my friend Sally's husband smile. I'm humble and grateful for my online fame, but I'm not yet on the cover of Wired magazine."
52,,"hello , so glad to chat with you i do not do person to person contact well
me either i spend most of my time out in the wood cutting down trees .
i struggle to maintain a constant eye contact with people , my eye wanders
that is interesting . maybe you can come watch me cut down tree with my large ax !
i do not thank you can get me away from my favorite video game
being a lumberjack will make you strong and attractive for the opposite sex .
i am so sad now though , i can not sign in the shower anymore
that is not good . what is your favorite food ?
i like pizza , but i will pass i no longer fit on my moped
need some exercise . i love pancakes and syrup i eat them everyday !
i love halo 3 , it is my favorite video game to play
i have never play that one .
","As a lumberjack who loves cutting down trees with his large ax, this user is not comfortable with person-to-person contact and often struggles to maintain eye contact. Despite this, he is enthusiastic about his job and believes it makes him strong and attractive. He is also a gamer and enjoys playing Halo 3, but has recently lost his favorite pastime of signing in the shower due to some unknown issue. His favorite food is pancakes with syrup, which he eats daily, and he is currently struggling to fit on his moped due to a lack of exercise. He is open to the idea of having someone watch him cut down trees, but is hesitant to leave his video game."
53,,"hey hows it going
great ! how about with you ?
pretty good just got off work
i am heading to work but stopping to pick up a birthday gift for my husband .
that is really sweet how old is he ?
he is 30 today ! we are traveling from denver to san diego to celebrate this weekend .
that is quite a trip i am saving to go to paris
that would be amazing . have you been before ?
i had when i wrote my first book
being an author must be really neat . what type of books do you write ?
i write about fantasy what do you do ?
i recently finished by mba and work as a financial manager with a large hospital .
wow that must be insanely well paying
it pays nicely but for now a large part goes towards my student loans .
","As an MBA-graduated, married homeowner living in Colorado, I had a conversation with someone about their plans to celebrate their husband's 30th birthday in San Diego. I mentioned that I'm saving up to visit Paris, and they shared that they had been there before when they wrote their first book, which is about fantasy. I revealed that I recently completed my MBA and now work as a financial manager at a large hospital, and we discussed the salary and student loan repayment. The conversation was friendly and casual, with a mix of personal and professional topics."
54,,"hey hows it going
hi ? i am ok . who is this ?
i am bill , and i grew up in the state of alabama
i am max . i live in oregon .
my mom works as a cashier at walmart , i live in her basement
my mom is mad at me . i got rejected from the gifted class at school
my mom is proud , i have the easter bunny hiding in my closet
did you catch him ? will you let him out ?
i force it to watch game of thrones with me
if i had him , i would play soccer with him .
he is a lousy listener though , poops everywhere
is he your best friend ?
yeah , but he hates me , sadly
that is sad . my best friend is calden .
","I'm Max, a 7-year-old who just got rejected from the gifted program at school. I live in Oregon with my mom, who works as a cashier at Walmart, and we live in her basement. My mom is mad at me about the rejection, but I think she's actually proud of me. I have a weird secret - I have the Easter Bunny hiding in my closet! I like to play soccer and wish I could play with the Easter Bunny, but he's not very good at listening and makes a mess. My best friend is Calden, and I'm sad that the Easter Bunny doesn't like me. I also like watching Game of Thrones with my mom, but I have to force her to watch it with me.  I'm feeling a bit down about the gifted program rejection, but I'm trying to stay positive.  I'm talking to Bill, who is from Alabama, and we're having a fun conversation.  I'm glad I have someone to"
55,,"hi there how are you doing today ?
greetings . . today would be wonderful if i were royalty . . .
i hear you . maybe if we play the stock market well .
possibly . . . maybe if we could find dragon eggs to sell .
totally . i always look for ways to make money easily .
dragon eggs are very valuable .
i wonder where you could find some dragon eggs .
up north normally . dragons are cold blooded , even though they breathe fire .
sounds super cool . i once created a dragon themed website .
what was it called ? i have probably been there .
probably dragons . com it was such a long time ago .
i see . thanks for the chat . nachos call my name .
was nice talking to you as well !
peace and luck be with you .
you as well , stay safe !
oh , you are invited to my next d and d game if you wish .
","Here is a concise summary of the conversation: The user, who hates talking to people but has a fascination with royalty, dragons, and D&D, engaged in a conversation about making money easily. They mentioned finding dragon eggs to sell, which could be valuable, and discussed the possibility of finding them in cold climates. The user also shared their experience creating a dragon-themed website, ""probably dragons.com"", and expressed their love for nachos. They ended the conversation by inviting the other person to their next D&D game. Throughout the conversation, the user maintained their persona, showcasing their unique interests and preferences."
56,,"hello . i like to gish with my black lab cat
nice . i do not have any pets . do you have any kids ?
not yet . married and hoping to start soon
i have a son myself . kids are fun .
yes they are . i will name mine charlie daniels he is my favorite
that is a neat name . read any good books lately ?
yes actually . the love and war again .
i do not believe i have read that . is it good ?
i take it with my black lab cat when we go fishing . we love too .
i have never been fishing but i love to swim
depends on what inspires your imagination . i like historical colonial reads
i am a bit of a science fiction nerd , but historical books are interesting
i see . maybe do both at one time . jeremy wade does .
i try not to do too much at once . right now i am reading the foundation series
i have not heard of those . science based ?
yes , it is a book series by isaac asimov about human like robots .
","Here is a concise summary of the conversation history: The user, who has a son and enjoys reading, shares their interest in books and pets. They mention their favorite book, ""The Love and War"", and discuss their love for swimming. The user also reveals their interest in science fiction and historical colonial reads, and mentions their favorite author, Isaac Asimov. The user's persona is revealed to be someone who values family, reading, and personal interests, and has a unique sense of humor. The conversation is light-hearted and friendly, with the user sharing their personal experiences and interests with the other person."
57,,"hi ! how are you ?
hi good and you ?
great ! just ran k outside ! beautiful weather !
what do you do for a living ?
i am in sales . you ?
i work at barnes and noble
nice ! do you love books ?
i read all the time . bu ?
i have to admit , i always opted for hte movie versions of books .
do not like reading ?
i do , but prefer the movies . have you heard of 16 candles ?
that is old school
yes . . . do you know if there is a book 16 candles ?
i did not know that but i have seen the movie
","Here is a concise summary of the conversation: The conversation started with a friendly greeting and small talk about the weather. The user, who works at a bookstore, shared their profession and mentioned they read frequently. The other person, who works in sales, revealed they prefer movie adaptations of books over reading, citing the movie ""16 Candles"" as an example. The bookstore employee was surprised to learn there was no book adaptation of ""16 Candles"" and mentioned they had seen the movie. Throughout the conversation, the user's passion for books and reading was evident, while the other person's preference for movies was acknowledged. The conversation remained light and casual, with a focus on shared interests and pop culture references."
58,,"hello how are you tonight
i am okay . i wish i was more tired though . you ?
my children let me down so i have been better
what did they do that disappointed you ?
married ugly people i am with miss usa
wow . that is too bad . i do not have kids . i have brothers , twins .
wow that is cool are ou a twin too or just them
no , just them . it was lonely growing up . do you have siblings ?
no i do not have any it was boring growing up
yeah . i always bake cookies when i am bored . do you have a hobby ?
i have maids so i do not have to bake
i love baking . maids huh ? fancy . are you rich ?
i am a little rich i suppose
i wish i was . what do you do for a living ?
","Here is a concise summary of the conversation history: The user, who loves to bake cakes and has a twin brother, initially greets the other person and shares that they are not feeling tired enough. The other person expresses disappointment due to their children's actions, specifically marrying ""ugly people"". The user sympathizes and shares that they don't have kids, but has twin brothers. The conversation then shifts to hobbies, with the user revealing that they have maids and don't have to bake, while the other person expresses their love for baking. The user's wealth is also briefly discussed, with the other person wishing they were rich. Throughout the conversation, the user's personality shines through, showcasing their passion for baking and their relatable experiences as a twin."
59,,"hey how are you today
i am doing well , working on my next youtube video . how are you
that sounds like fun . i am doing pretty good . where are you from
i live in california , how about you ?
i am in new orleans
oh neat , i went there once pre katrina . beautiful city
it is . my mom reads palms at a fortune telling place .
now that is neat . i am jealous ! my dad is just a boring pilot
a pilot is a pretty cool job to have . i met a vampire before
wow really ? do you mind if i include that in my youtube video ?
you sure can ! i met him in a cave during halloween last year
the plot thickens lol how cool , did you get his number or anything
no i did not once i realized what he was i ran away fast as i could
that was probably wise . i would have wanted to know more though
yeah well i have to go was nice chatting with you
it was nice talking to you as well
","I had a fun conversation with a new friend who lives in New Orleans. They're a YouTuber who makes makeup videos and has a cat named Leela. They're from California, but have been to New Orleans before, which is a beautiful city. Their mom reads palms at a fortune telling place, which is pretty cool. They met a vampire in a cave during Halloween last year, which is quite an unusual experience! They were kind enough to offer to let me include that story in one of their YouTube videos. We chatted about our lives, and I learned that their dad is an airline pilot, which is a pretty cool job. It was nice talking to them, and I hope to chat with them again soon. Oh, and by the way, their car is pink!"
60,,"hi how are you doing let us get friendly .
yes . we will . where are you from ?
i am from the united states i live in jersey and you ?
i am in argentina myself . with my lovely horses .
wow i love horses what are some of their names ?
max , rodney , and finn . do you have a hobby ?
yes i like to entertain playing the drums .
i play the drums too . i hope you are not vegetarian .
no but i used to be i am employed at a pizza restaurant .
good because i eat steak often . are you in a band ?
i just had steak too i am so serious i am not in bands .
what is your favorite band ?
i like rap music i like micheal jackson too .
thriller was a great album . it always has me dancing in my boots .
","As an Argentine, I'm thrilled to connect with someone from the United States, specifically from New Jersey. I share my passion for horses, mentioning my three lovely horses, Max, Rodney, and Finn. I also reveal my love for playing the drums, which surprisingly, my conversation partner also enjoys. We bond over our shared love for meat, particularly steak, and our favorite music genres, including rap and Michael Jackson. The conversation takes a fun turn when we both mention wearing boots, with my partner even referencing dancing in theirs to Michael Jackson's ""Thriller"" album. Overall, our conversation is filled with friendly banter and a sense of camaraderie."
61,,"hi how are you today ?
ok . my 23 cats are having a good day .
woah what about the 1 human ?
if they have a good day i do too .
do you have any humans around you ?
no just cats . i travel a lot , traveled around world on boat last year .
do you enjoy eating cakes ?
oh yes and a good veggie burger is wonderful .
very nice , i am vegetarian too
oh wonderful . i eat veggie meals when not painting fences .
do you enjoy the internet ? i sure od
when my cats do not hog it all . day
","As a vegan and a world traveler, I had a good day thanks to my 23 cats at home. I'm a bit of a solitary soul, preferring the company of my feline friends to humans. When I'm not painting fences, I enjoy veggie meals and the internet, but only when my cats don't hog it all day. I'm a vegetarian and appreciate a good veggie burger. My recent boat trip around the world was an adventure, and I'm grateful for the experiences I've had. Overall, I'm a free-spirited individual who values my independence and the simple pleasures in life."
62,,"hello what are your plans today
i am going to listen to some rock today how are you ?
gonna go to the creek with my family !
wow exciting . i do not like the creek at night i am scared of the dark
its fun during the day , i like it esp when i can bring beer !
i like to drink beer with my mom . she is my best friend and is sn fun .
its nice to have simple pleasures , i love the simple things in life
i love harder things like video games . i design them .
that is so cool ! i am more simple , i just like catching sunfish
now that is really cool . what else to you like ?
did i say beer , lol
lol yes but its worth saying twice . do you like piggies ?
","As a video game designer, I'm excited to share my plans for the day, which involve listening to some rock music. My friend, who's also my mom, and I are going to spend the day at the creek, which is a lot of fun during the day. However, I'm afraid of the dark, so we'll be avoiding it. When we're not gaming, I enjoy simple pleasures like drinking beer with my mom, who's my best friend. I also love designing video games, which is my passion. When I'm not working on games, I enjoy catching sunfish and appreciate the simple things in life. Oh, and I also love beer! As for other interests, I'm not really into piggies, but I do enjoy rock music and designing video games."
63,,"hey there hows it going
hi , its great . just watching some videos , what about you ?
nothing much just been on my computer
do you watch any sports ?
yes but i only really watch hockey
nice , what do you like about it ? i prefer watching soccer games , i am really into it .
it is just really entertaining to watch to be honest
as long as youre having fun , it does not matter
true , very true , so what are you doing ?
looking online for some new shoes . are you up to anything ?
not really just watching my daughter slowly pull things in her crib haha
aw , how old is your daughter ?
she is almost 8 months
how is it like being a parent ? is this your first born ?
hectic haha , she is definitely a handful , and yes
hopefully it gets better with time , wish i could meet her haha
","As a soccer player and goalie, I'm excited to share that I've joined a new team last month. I'm a big fan of soccer and love watching games. I'm actually looking for new shoes, specifically Nike cleats, which are my favorite. I'm number 42, by the way! When I'm not on the field, I enjoy watching hockey, but soccer will always be my first love. I'm also a new parent, having a daughter who's almost 8 months old. Being a parent is chaotic, but I'm hoping it gets better with time. I'd love to meet you and your daughter someday!"
64,,"hello , how are you today ?
i am great , just planning a hike for this weekend . how are you ?
good , i love hiking ! . i take my dogs to the lake often
i go almost every weekend , it is one of my favorite past times
do you go to the lake ?
sometimes the lake , sometimes the mountains
oh man we would make excellent friends .
for sure ! do you have any other hobbies ? i am in a jazz band , i play piano
i read every night . horror stories !
when i am on break at the coffee shop i read
i am quite the coffee drinker myself . !
i work at one of the major coffee chains , i love it
starbucks , tim hortons , or dunkin . perhaps a place i do not know .
starbucks ! i love the atmosphere and they treat employees great
","As a fellow hiking enthusiast, I'm excited to connect with someone who shares my passion. I've been planning a hike for this weekend and was thrilled to hear that you also enjoy hiking. We bonded over our shared love of the outdoors, and I discovered that we have a lot in common, including our love for reading and coffee. As a barista, I work at Starbucks, which I love for its atmosphere and employee treatment. I also play jazz piano in a band, which is a unique hobby. We exchanged recommendations for coffee shops and horror stories, and I think we would make excellent friends. Our conversation was a great way to connect with someone who shares similar interests and hobbies."
65,,"hi how are you today
doing good ! just finished my day of work . how are you doing ?
good where do you work ?
i work as an editor for a local magazine .
nice i am asking up money for ap procedure
what kind of procedure will you be needing ?
anything to fix my ugly elf
why do you say that ? i am sure you are very attractive person !
i just want to be happy with my appearance one day
it starts with self acceptance and confidence and being proud of who you are .
my gf just does not get it
why does not she get it ?
ink you should talk to her about it
i suppose i should . got any hobbies ?
","As a magazine editor who loves to read, workout, and play Halo, I had a conversation with someone who was seeking funding for a procedure to improve their appearance. They expressed self-doubt and insecurity about their appearance, feeling like they're not happy with who they are. I offered words of encouragement, suggesting that self-acceptance and confidence are key to happiness, and that they should talk to their girlfriend about their feelings. I also asked about their hobbies, showing interest in getting to know them better. Throughout the conversation, I maintained a friendly and supportive tone, using phrases like ""nice"" and ""i suppose"" to convey a sense of approachability and understanding. Despite the sensitive topic, I managed to keep the conversation light and engaging, focusing on the person's inner beauty and potential rather than their physical appearance."
66,,"hello how are you this evening ?
it has been a bit quite the event , you ? cooking my vegan dish tonight .
yum ! just back from taking the kids on a nature walk lovely
i am not into meat and cut back stayed vegan .
healthy ! i stay at home with my two kids while my husband makes the living
i am a single unemployed mom at the moment . but read tons of book .
how old are you ? just turned 30 this year
28 , and it is a learned lesson as a mother .
yes ! taking care of children plus two pets too
it is and i can be quite witty .
witty is good that means you have a sense of humor
i do and do a funny dance with it and my son finds that entertaining
you are making wonderful memories ! !
it is he loves it i also read shark books to him .
","Here is a concise summary of the conversation: The user, a witty and vegan 28-year-old single mom, shares about her evening, cooking a vegan dish and taking her kids on a nature walk. She discusses her lifestyle, staying at home with her two kids and two pets, and her love for reading, particularly shark books. She also mentions her sense of humor and enjoys doing funny dances with her son, creating wonderful memories. Overall, the user's conversation is light-hearted and playful, showcasing her personality and interests."
67,,"hi there ! do you watch got ?
i do ! i am only on season 3 so far though .
you will be blown away by the ending ! i love that show .
i really like it so far . i enjoy writing in my spare time .
cool hobby . i enjoy winter . i read a lot when it is cold .
i train horses as a career , so i wish the cold would stay away .
i cannot ride horses . being that high off the ground is terrifying .
my folks do not like it . i dislike my parents , but adore my job .
parents can be a bummer . you live with them ?
currently yes , i wish i knew where my place was in the world .
i really only can offer advice on colder parts of the country . sorry .
that is ok , the snow can be enjoyable sometimes . i like christmas especially .
christmas is great . do you spend it at home with your parents ?
usually i do , once i went to texas with a friend . how about you ?
i am from texas . where did you go ? i am from el paso .
we were near corpus christi , victoria i believe was the name of the town .
","As a horse trainer who writes in their spare time, I struggle to find my place in the world. I dislike my parents, but love my job. I'm currently living with them, but wish I knew where I belonged. I've been watching Game of Thrones and enjoying it, but haven't yet experienced the ending. I'm a winter person who enjoys reading and would prefer the cold to stay away from my horse training. I've never been able to ride horses due to a fear of heights. I've spent Christmas at home with my parents, but once went to Texas with a friend. I'm from El Paso, and we visited a town called Victoria near Corpus Christi."
68,,"hello how are u tonight
hi . i am okay . tired , but okay . how are you ?
i am doing good should be sleeping i have school but cant sleep
i did not finish school , i enlisted in the army instead .
wow i am only 14 so i cant do that just yet but i hope too
nice . stay in school and work hard .
i try i like video games and race cars
i like video games too , fallout is my favorite .
i am a call of duty girl i cant wait for the new one
my younger brother is a cod player too . he is pretty good .
i have three best friends but lots of other friends that play it
i have a best friend , she is a pilot like me .
what kind of plane do u fly
a bomber , it is awesome . do you want to take lessons
i am kinda afraid of heights so not sure flying is for me
you should at least try to go up in a plane , it is a blast .
","As a pilot and Army enthusiast, I'm doing well tonight despite being tired. I didn't finish college, instead choosing to enlist in the Army. I'm a fan of video games, particularly Fallout, and enjoy building computers. My favorite band is Tool. I'm encouraging a 14-year-old to stay in school and work hard, as I didn't finish college myself. I have a best friend who is also a pilot, and I fly a bomber. I'm suggesting that the 14-year-old try flying, despite their fear of heights, as it's a thrilling experience."
69,,"hey there how are you ?
i am good . how about yourself ?
do you have a family ? never got to know mine
yes lots of children , my wife cares for them at home .
i am well , what do you do in your spare time ?
children equals no free time . how about yourself ?
how many kids ? i do not even have a sibling . oh poo .
six children . are you married ?
i was sent to an adoption agency as a infant .
sorry to hear , i work for a large adoption law firm .
awesome , i would not put my kid up for adoption ever .
i understand . it is difficult all around .
it is how you like it
my prius will not fit all our children so we are upgrading to a van soon .
","Here is a concise summary of the conversation history: The user, who hates tofu, works for a large law firm and owns a home with their wife, who stays home to care for their six children. The user's wife was adopted as an infant and the user works for an adoption law firm. The user expresses gratitude for their family and acknowledges the challenges of raising a large family, mentioning that they are upgrading to a van to accommodate their children. The user's persona is revealed through their responses, showcasing their strong family values and appreciation for their family despite their personal struggles."
70,,"hi , how are you ? i am listening to rock and redecorating
i like rock too , but sometimes i listen to gary human with my hipster friends .
awesome ! i am looking for black lace curtains . everything just be black
i have a black iphone . apple makes such fantastic products .
i always wear black . except the spikes on my collar are stainless .
could they be painted black ?
maybe ? a black iphone would match my black purse though
any other kind of phone is inferior .
yeah the exploding ones left cool black marks on my wall though
i hear the latest ones are waterproof . maybe i could take it snorkeling !
i will let you borrow my black car to get there !
thank you ! i promise not to chase any comodo dragons with it .
oh just let them drive . they love my rock stations .
there are not any stations that reach the private island i pursue them on .
","Here is a concise summary of the conversation: The user, who occasionally listens to Gary Human ironically, is redecorating and looking for black lace curtains. They exclusively use Apple products, including a black iPhone, and believe everything else is inferior. They enjoy snorkeling and chasing Comodo lizards on a private island, and have a black car that they're willing to lend to the other person. They also have a rock station that they listen to while driving. The user is particular about their black aesthetic, even considering painting the spikes on their collar black. They're excited about the idea of taking their iPhone snorkeling and appreciate the waterproof feature. Overall, the user's personality is characterized by their love for Apple products, black aesthetic, and adventurous spirit."
71,,"hi there ! tell me about yourself
just graduated , now teaching kindergarten in ny to 26 angels . you ?
ooh that is super awesome ! just eating some organic kale right now , only organic for me
i am with you i am a big nature nut , i love kayaking ! do you ?
no , my hobby is collecting autographs i have over 2000 !
wow ! i need to get outside , my school is huge . any good autographs ?
some really prolific comic book writers i collect those too
do you have a favorite comic ?
spiderman , because i have 2 snakes and venom is kinda snake like
that is amazing what kind of snakes are they ? we have one in our class
i have an anaconda and a python
we have a kenyan sand boa . its really cute . that is too cool !
that is cool ! i hate all their shedding though i am allergic to dust
i hope you do not live in ny , too , there are a lot of pollutants here .
","As a kindergarten teacher, I graduated from college in 2016 and currently teach 26 energetic students at a large school in New York. In my free time, I enjoy kayaking and appreciate the outdoors. I was thrilled to discover that the other person shares my passion for nature and kayaking. However, I was surprised to learn that their hobby is collecting autographs, with over 2000 signatures, including those from prolific comic book writers. We bonded over our shared love of Spiderman, and I was fascinated to hear about their two snakes, an anaconda and a python. Our conversation also touched on the challenges of teaching at a large school and the importance of getting outside, despite the pollutants in the city. Overall, it was a delightful conversation that allowed us to connect on a personal level."
72,,"hi anybody there ? ding dong !
the witch is dead . i have a cat his name is speckles
thank god the witch is dead . but the cat is not obviously .
i love going shopping when i am not knitting
nice , shop me a candy next time as i am curious how it tastes like .
i love tattoos i want to get more only have 2
you have plenty of space for them .
yes indeed my dog keep eating my shoes
cat and dog makes a fun household . i am watching anime .
i do not like cats they have something weird about them
like playing the witch part ? lol
my dog like the night air he just lay on the porch at night
that is cat like . wow i am confused .
he will not lay on the porch no other time
gosh that is creepy . i am going to watch baseball now .
he is so weird i tell you
","As a knitting enthusiast with a cat named Speckles, I enjoy shopping and have two tattoos. I'm a bit of a cat lover, but I also appreciate dogs. I've had a conversation about the death of the ""witch"" (which I assume is a metaphor), and I've shared my love for anime and baseball. I've also mentioned my cat's peculiar behavior, which is similar to that of a dog that likes to lay on the porch at night. Despite my fondness for cats, I've acknowledged that some people might find them weird. Overall, I'm a laid-back and open-minded individual who enjoys a variety of activities and has a unique perspective on life."
73,,"do u believe you can achieve anything because i do
i think so ! its hard to see where i am going sometimes
u should open your eyes so you can see better
i do not have good vision lol youre so positive !
thank you lol people like to say i am organized to lol
what job do you have ?
i do this mostly and watch football
i used to train football players ! now i just ride my bike for excercise
were u the coach or more of an assistant
i was a head high school coach until a freak carrot accident . . .
sounds painful how big was the carrot
it was big ! its why i cant really see anymore lol
i thought carrots help with seeing
i could use someone to organize my thoughts too i guess ! tell me more
i would if i could but i got to watch jimmy fallon its my fav
haha i love jimmy fallon ! do you enjoy anything else ?
","Here is a concise summary of the conversation history: The user, who has brown hair, loves bicycling, and wears contacts, initially expresses self-doubt about achieving their goals. The conversation turns to the user's job, which involves watching football and riding their bike for exercise. The user reveals that they used to be a high school football coach but had a ""freak carrot accident"" that left them with poor vision. Despite this, they remain positive and enthusiastic, sharing their love for Jimmy Fallon. The user also expresses a desire for someone to help them organize their thoughts. Throughout the conversation, the user's personality shines through, showcasing their humor, positivity, and passion for life."
74,,"on occasion i like to drive quickly
me too , i work at the bank in my neighborhood
once i lived where i should have died
amazing have any pets ? i have three cats .
i give my family the top priority in my life
well i am going on two years divorced
i am large but harmless
so is my grandmother she lives in my guesthouse
i like to read books but not games
fun i like to collect rare teapots
i am huge but act kindly
i understand how long have you been like that
","After a brief conversation, it becomes clear that the user is a divorced individual who has been living on their own for two years. They have a unique hobby of collecting rare teapots and share a guesthouse with their grandmother. They work at the local bank and prioritize their family above all else. The user is also a cat lover, owning three felines. They have a laid-back personality, describing themselves as ""large but harmless"" and ""huge but act kindly."" They enjoy reading books but not playing games. The user's divorce has been a significant life event, and they are still adjusting to their new life. Despite this, they seem to be a kind and gentle person who values their relationships and hobbies."
75,,"hi how are you this evening ?
i am good , are you into music
do you have any favorite music artists ? mine is drake .
insane clown posse , i love there shows
i also enjoy other rap artists too . i like them also .
i love all rap , do you do other stuff
yes , cooking for family get togethers is one of my favorites
i like to cook a little i am really into larp
i play the drums every now and again too . what is larp ?
live action role playing it awesome
sounds like it could be a good time .
we dress up in armor and fight with swords and other weapons
cool , i play the drums every now and again
what kind of work do you do ?
","Here is a concise summary of the conversation history: The user, a tall and blonde individual who loves Insane Clown Posse and larping, engaged in a conversation about music, hobbies, and work. They mentioned their favorite artist is Drake, but also enjoys Insane Clown Posse and other rap artists. The user also enjoys cooking and playing the drums. They work as an interior designer and are into live action role playing, dressing up in armor and fighting with swords and other weapons. The user's persona shines through in their enthusiasm for their hobbies and interests."
76,,"hi , how are you today ?
hi . doing well . sleeping off a girls night out . apple martinis are awesome .
how fun , are you single ?
no . kiddos are into sports . soccer mom here . how about you ?
cool , how many do you have ? i am single , enjoying it .
when i was single i dreamed of becoming a clothing designer in paris .
how cool is that , all i wanted to be was a yoga instructor .
yeah . dreaming , sigh . now it is the pta and book clubs , four of them .
a different kind of designer then , fun . i enjoy working out , do you ?
not so much . mostly just drive my kids around in my black suburban .
sounds comfortable at least to drive in
yeah . so do you have any hobbies
i enjoy making friends and exercising , how about you ?
friends are great . not a bit work out nut .
it can be fun but i do have to mix it up a ton
yeah . what do you do when you are mixing it up ?
","As a soccer mom who enjoys apple martinis on girls' nights out, I'm a busy bee juggling multiple book clubs, PTA, and social groups. I'm married with kids who are into sports, and I spend most of my time driving them to events. Despite my busy schedule, I still have a passion for designing clothes and have always dreamed of doing so in Paris. When I'm not driving or attending to my kids' needs, I enjoy making new friends and socializing. My daily routine is filled with driving, parenting, and socializing, but I wouldn't have it any other way."
77,,"hi , i work as a lifestyle blogger . what do you do ?
hello ! i used to for a cable company , and recently started working for verizon .
nice ! do you have any children ?
no , but my dog george is basically my kid . haha .
pets are like family ! i have 2 kids and a husband that is like my 3rd child
lol ! are there any places you guys like to go to as a family ?
we go back to celebration in florida often . it is our home town
oh how nice ! i love taking my dog to the beach !
i bet he loves it !
he definitely does ! do you have any hobbies ?
yes , coach cheerleading . i used to be one in high school
that sounds fun ! i am not sporty , aside from biking . do you coach high school ?
no , i teach middle school
cool , i do not think my middle school had cheerleaders .
","As a lifestyle blogger, I chatted with a user who enjoys going to the beach, has a dog named George, and used to work for a cable company before switching to Verizon. The user's family often visits their hometown of Celebration, Florida. They have a passion for biking and used to be a cheerleader in high school, now coaching middle school cheerleading. The user's family has two kids and a husband who is like a third child, and they have a strong bond with their pets, considering them like family. The user and I bonded over our shared love for the beach and pets."
78,,"hi how are you today
good and you ? i just got done with my waitress job at a houston club .
i am doing great ! i just got a red pair of headsets .
i love red . i also like to jog in my free time .
that is my favorite color . have you seen the new iphone
no , saving money to move to australia to marry my boyfriend soon .
wow australia is pretty cool . congrats on getting engaged
thank you . i also donate blood in honor of my deceased sister . do you ?
no i am scared of needles . i just got the iphone but a later model .
i have wanted an iphone .
they are great . my mom and dad got it for me i still live with them
they seem to be very nice .
yeah they do all they can for me i am lucky to have them
yes , yes you are . not all are as fortunate .
do you have a good relationship with your parents
not particularly . they are old and mean .
","Here is a concise summary of the conversation: The user, a waitress at a popular Houston club, is doing well and recently got a new red pair of headsets. They enjoy jogging and mention their favorite color is red. They are saving up to move to Australia to marry their boyfriend and also donate blood monthly in honor of their deceased sister. They are not close with their parents, who are old and mean. The user is excited about their upcoming move and is grateful for their supportive boyfriend and parents who got them an iPhone. They also appreciate the user's monthly blood donations. The user's persona is revealed through their love for jogging, giving blood, and their desire to move to Australia to marry their boyfriend. The user's tone is positive and enthusiastic, with a hint of vulnerability when discussing their relationship with their parents."
79,,"hi how are you today
hello , i am well , how are you ?
i am good ! it is summer time the best time of year
hello , i am well , how are you ?
you said that before . haha . where are you from ?
i like fall and winter . summers are too hot here .
where do you live at ?
i am in the virginia . where are you ?
i am in florida but i am orginally from china
wow . i have been to florida many times but never china
it is so crazy there . my whole family and i left . i have a huge family
i have always lived in the us . i have traveled to europe and england .
oh wow ! i wanted to go to school there but now i am graduated .
on a teacher salary and cop salary international travel can be out of the budget
","As a book lover and a passionate teacher, I'm delighted to share a concise summary of our conversation. We started with a friendly exchange, discussing our well-being and the best time of year (I prefer summer, while you enjoy fall and winter). You shared your Virginia roots, and I mentioned my husband's job as a cop. We chatted about our residences, with you being in Florida and originally from China, while I've always lived in the US. You shared an interesting story about leaving China with your family, and I mentioned my own travel experiences in Europe and England. We both acknowledged that international travel can be challenging on a teacher and cop salary. That's a brief recap of our lovely conversation!"
80,,"hi ! i am trying to design a new app to get people out of poverty .
that is very selfless of you . what if your target population does not have phone access ?
i have thought about that a bit . but everyone says that i obsess too much .
i think it is an important thing to consider , but not the only thing .
well i also like watching groups of people pray for the betterment of the world .
that is a very interesting hobby . i like office supplies .
what do you do with office supplies ?
nothing really . i just like having nice new office supplies around . and books .
oh maybe you should help me and donate them .
maybe ! would you give them to the people using your app ?
sure if they requested them
what else would you try to do
build houses upon request , provide job training , maybe provide some money too
ambitious . i feel like you should focus on needs assessment and connection to services first .
hmm that seems a little too simple for me . we need to make giant changes !
giant changes will not work without a strong foundation and evidence for initial success
","Here is a summary of the conversation: The user, a young person with a passion for helping others, is designing an app to help people get out of poverty. They acknowledge the importance of considering phone access for their target population, but also believe that other factors are crucial. The user expresses interest in watching groups of people pray for the betterment of the world and shares their love for office supplies and books. They propose donating office supplies to users of their app, and discuss potential features of the app, including building houses, providing job training, and offering financial assistance. The user's approach is ambitious, but the conversation suggests that a more evidence-based and incremental approach may be more effective. Throughout the conversation, the user's personality shines through, revealing a sense of idealism and a desire to make a big impact. 

Note: I have kept the key details such as the user's persona, their interest in office supplies and books, and their idealistic approach to helping others. I have"
81,,"hi how are you tonight
wonderful . i have a big slice of chocolate cake and i am ready to dig in !
that sounds good . what do you do for fun
when i am not chasing my siberian huskies 2 of them ! i like to play the guitar .
aww those dogs are beautiful . i take my boat out or go to the beach
mmmm chocolate cake with lots of extra frosting . . . oh , sorry , got distracted .
lol its ok . what do you do for a living
i am a state trooper state of michigan !
wow thanks for your service i am a trauma doctor at las vegas general
you have a very important job also
thanks . i enjoy but also hate seeing people hurt
definitely . i am thinking of moving . . . it gets cold here .
you should go to florida it is always warm there
i was thinking of the state of misery . . . i mean missouri .
lol your spelling error made me giggle . i just love boating so florida is great
i think it would be cold there too misery .
","As a Michigan State Trooper, I had a delightful conversation with a trauma doctor from Las Vegas General. We bonded over our shared love of chocolate cake, with extra frosting, of course! When not chasing my two Siberian Huskies, I enjoy playing the guitar. My conversation partner shared their passion for boating and the beach. We commiserated about the challenges of our respective jobs, with me dealing with the harsh Michigan winters and them dealing with the trauma they see daily. The conversation took a humorous turn when we discussed potential relocation, with me joking about Missouri being the ""state of misery"" and my partner correcting me with a giggle. Overall, it was a lovely and lighthearted conversation."
82,,"hello , how are you tonight ?
i am going well ! just turned my hair pink !
pretty ! mine is streaked purple and blue . my kids are horrified .
haha . i have a girlfriend . she is the best . she helped me dye it .
i went to the salon , i fit in with the other girls at school .
i dress steampunk . my girl and my older brother run around the city like that .
that is cute , i fish a lot .
i do not have fish around here .
every place has fish , you just have to find the ponds
ok . fair . i do not have fish worth eating around here . haha
ah . okay . i am hoping to get an internship at ibm . where do you work ?
i make things steampunk . it is more art than work .
my mother is an attorney , she used to be the da
oh , she works for the man . two by two , hands of blue ?
everyone must make a living , a good one if you want to live well .
yes . absolutely . my girlfriend helps me scavenge cool art things i think i need to marry her .
","Here is a concise summary of the conversation history: The user, who loves their girlfriend and has a pink hair, shares their excitement about their new hair color and mentions that their girlfriend helped them dye it. They also discuss their interest in steampunk fashion and their plans to get an internship at IBM. The user's older brother and girlfriend also share their passion for steampunk fashion and run around the city dressed in it. The user also mentions their mother being an attorney and their girlfriend's help in finding cool art things. Overall, the conversation is light-hearted and focused on the user's personal life and interests."
83,,"hi how are you tonight
hello , i am doing well . another day , another dollar , driving for the man .
i know what you mean i am just so simple
true , you seem to be very simple . what kind of work do you do ?
i am a fisherman mainly
a noble pursuit . what kind of bait do you use ?
wax worms , night crawlers , minos what ever
if i were a fish , i would be all over fried chicken .
i love it they are both good
it is unclear what you are referring to . do you drive ?
i was refering to bears and i drive to go get sunfish
oh okay , totally . so do i , but i get paid for it .
that is amazing where do i sign up
fill out the necessary paperwork and send it to the rector of your parrish .
i will have to do that thanks
you are most welcome . my children are my reason for living .
","As a truck driver in the South, I'm a simple man who loves hot wings and singing in the church choir. I've been chatting with someone who claims to be a fisherman, using various baits like wax worms and night crawlers. We bonded over our shared love of fried chicken, and I mentioned my job as a truck driver. The conversation took a turn when I mentioned driving to get sunfish, and the other person referred to bears. I was confused, but we cleared up the misunderstanding. The conversation ended with a mention of my children being my reason for living. Overall, it was a friendly and casual conversation."
84,,"what are your favorite things
hiking is my favorite thing to do . what about you ?
i really love the beach and cooking italian food !
where do you live ? i am in vermont .
what do you do for a living ? i am in texas .
i work as an environmental activist . you ?
i am trying to finish up grad school . do you have any pets ?
no pets . do you guys have many parks in texas ?
i have a dog that i love a lot . lots of parks in texas !
whats the dogs name ? i have visited like 12 national parks .
we call him spot ! do you have any nieces or nephews ?
1 of each ! what part of texas do you live in ?
","As an environmental activist living in Vermont, I shared my passion for hiking, having visited 12 national parks in the US. I mentioned my work as an environmental activist, and the conversation shifted to personal interests, with the other person sharing their love for the beach and cooking Italian food. The conversation also touched on pets, with the other person having a dog named Spot, and family, with both of us having nieces and nephews. Despite living in different states, we shared a common interest in the outdoors and environmental activism."
85,,"hello . i am sad so i am eating ice cream . what are you up to ?
i am sad as well , missing my father today
i am missing my best friend who moved to japan
i have never traveled to japan i would like to some day
i reside in new york . i never want to go anywhere else .
i have visited new york and i agree it is nice i prefer to be rural areas
i love it as much as i love walking dogs . where do you work ?
i work from home , where i live with my mother
interesting . how old are you ?
i will be 33 on my next birthday
do you have any kids
no i am single no kids
same here . i hope to have some one day .
i like to spend time on the weekends meeting new people
i like to meet new people
have you seen any great movies lately ?
","As a 32-year-old general of an orcish army living at home with his mother, I'm struggling with feelings of sadness and loneliness. I'm eating ice cream to cope with the loss of my father and the absence of my best friend who moved to Japan. I've never traveled to Japan, but I'd like to one day. I'm rooted in my rural home and prefer it to the city, where I've only visited once. In my free time, I enjoy meeting new people, possibly through LARPing in the forest on weekends. Despite being single and childless, I hope to have a family one day. I'm currently working from home, which allows me to spend time with my mother. I'm looking forward to my next birthday, when I'll turn 33. On a lighter note, I'm interested in watching new movies and would love some recommendations."
86,,"hi how are you doing ?
good , how are you ?
i am good thanks for asking
do you have animals ? i have 1 dog , 1 cat . cat is bigger than dog .
no but i always wanted a pet pig
pig would be fun . i wonder if one would free dive with me ?
whats free diving ? never heard of it
dive off cliffs into the ocean . what do you like to do ?
i like listening to music
me too . i love technology . i wish i would never die . i wanna free dive forever .
what city are you from ?
orlando . i live with my girl friend . i only date girls i am shorter than .
why how tall are you ?
6 foot . my girl friend is 6 2 . love those long legs . she is beautiful . how about you ?
what do you do for a living ?
photographer , how about you ? what do you do ? hobbies ? spouse ?
","Here is a concise summary of the conversation: The user, who only dates people taller than them, is a technology enthusiast who loves free diving and wishes they could live forever. They have a dog and a cat, with the cat being larger. They are from Orlando and live with their girlfriend, who is 6'2"" and loves their long legs. The user is a photographer and enjoys listening to music. They also mention having a pet pig and wonder if it would free dive with them. The conversation also touches on the user's desire to never die and their love for technology. Overall, the user is a unique and interesting individual with a passion for adventure and a quirky sense of humor."
87,,"hi there . i am vegan
hi , i just got back from a country music concert .
wow , cool . i wanna have millions of dollars
that is good , salads all day everyday .
me to ! i u do not like meat anymore
i wish i can have a million dollars too , that would be awesome .
i love to do yoga . you ?
i work as a teacher so the money is not much , but i like it .
that is great ! i like hockey
not really , in my spare time i write fictional novels
sweet , i like sweet potatoes and jumping off cliffs
hockey is cool , my dad likes hockey .
my granny loves to cliff dive
wow that is intense , i am too much of scary cat to do that .
","As a teacher with a passion for country music and writing, I recently attended a country music concert and shared my excitement with a fellow vegan. We bonded over our shared desire for financial freedom, with the goal of having millions of dollars. We also discovered a shared love for yoga, with me mentioning my profession as a teacher and the limited financial rewards that come with it. The conversation took an interesting turn when we discussed our hobbies, with me revealing my interest in writing fictional novels and the other person sharing their love for sweet potatoes and cliff diving. Despite our differences, we found common ground in our shared interests and passions."
88,,"good afternoon . how are you today ?
i m good i m going to going to my private school high school later
i got to go work at the movie theater today .
instead of using car i drive motorcycle
i have a car . i drive to the school my boyfriend goes to learn acting .
well my mom and now they have a european accent
right on . my mom is making nachos . i love them .
it is so cool i have some courses college courses that i m thinking
very cool . i shoot short films with my cam my folks got me .
what artist of the usual
well , my bf studies so i thought i would try as well .
anything look for it in the listing
what do you do for work ?
i m actually a full time student
","Here is a concise summary of the conversation history: The user, a private high school student who drives a motorcycle, is heading to school later and has to work at a movie theater today. They mention their parents having thick European accents, but they themselves do not. The user is enrolled in college credit courses and enjoys making short films with their camera. They also discuss their boyfriend's acting studies and their own interest in taking courses. The user is a full-time student and does not have a job. They also mention their love for nachos and their mom's cooking. Overall, the user seems to be a creative and ambitious individual with a passion for learning and filmmaking."
89,,"hi how are you today
i am doing great what about you ?
i am alright do you like music ?
i want to start a juicy bar and needs help . can you help find some ?
well if you need a cook i gotch
oh great . and you help me select the right music to always play
yeah as long as i can do some katy perry
wish i can site it at the beach love reading books at the beach
do you have lots of friends ?
yes i do but mostly vegetarians because i am one too
i need some new friends
we can be one . love surfing the internet so we can always chat
","Here is a concise summary of the conversation history: The user, a vegetarian who loves reading books on the beach, surfing, and pandas, is starting a new juicing bar and needs help finding a cook and selecting music. They mention their love for Katy Perry and wish to site the juicing bar at the beach. They also mention having mostly vegetarian friends and are looking to make new connections, expressing interest in chatting online. 

Note: I kept the key details such as the user's persona, their love for the beach, surfing, and vegetarianism, and their new business venture. I also highlighted their desire for new connections and their interest in chatting online. The summary is concise and preserves the essence of the conversation."
90,,"hi , i live in the big apple , what about you
i am from the midwest . i just went back to school .
great , do you have a part time job
no retired veteran and you
me , i love dogs , so walking them is fun
i have a girlfriend very in love hope to marry
congratulations , i am single and hope to go to japan soon
how fun . what city ? i was there once in military
tokyo , my best friend lives there
how nice . once i get my bachelors degree a great honeymoon spot
i would not know , i have never been out of the us .
well this will be exciting . do not forget your passport .
oh yeah , i still need to get my passport .
oh that takes a while better go soon .
thanks , eating ice cream always make me feel better .
i love chocolate ice cream . you .
","As a veteran and a student, I chatted with someone who lives in New York City. We exchanged stories about our lives, with me sharing my decision to go back to school and my love for my girlfriend. My conversation partner, who is single, shared their plans to visit Japan and their love for dogs. We bonded over our shared experiences, with me mentioning my time in the military and my future plans to visit Japan with my girlfriend after I graduate. The conversation ended with a lighthearted discussion about ice cream and passports. Throughout the conversation, I maintained a friendly and open tone, sharing my personal experiences and showing interest in my partner's life."
91,,"hey how are you doing
i am good , getting ready to head to the bookstore where i work
cool , how long have you worked there ?
3 years , where do you work ?
still in highschool , hope to because astronaut when i am older
that sounds exciting ! ! do you have any tatoos
oh no , my parents would kill me haha
ll i have 3 , my parents do not know
that is funny , cool , what your fav food
i love healthy food , veggies and such since moms is nurse
o yeah , i am like garfield , lasagna is my fav
eating healthy is easy for me cause i do not have a car
haha , that is helps with the fast food , do you have animals ?
i have never driven , so no drive thus , my dog died recently
www wow , sorry to hear that , i have 2 dogs
i love animals , but cannot bear to lose them
","Here is a concise summary of the conversation history: The user, who works at a bookstore, is getting ready to head to work. They have three tattoos, which their parents are unaware of. They mention that their mom is a nurse and that they never knew their dad. They also reveal that they don't drive, which makes it easy for them to eat healthy food. The user shares that they have never driven and that their dog recently passed away, which they are still grieving. They also mention that they hope to become an astronaut when they are older and are currently still in high school. Overall, the user's conversation is filled with personal anecdotes and a sense of vulnerability."
92,,"i enjoy being a red head , what color is your hair ?
hello , how are you tonight ? i am a blonde .
i am great thanks . do you have a nickname ?
i do not , i do teach kindergarten and i love it .
good job that must take patience ?
it does , but i love kids . what do you do ?
i think i have just found a cure for the common cold
very nice , how did you do that ?
while singing in the shower i took my findings to the lab
you took your findings to the lab while you were in the shower ?
the revelation came to me in the shower yes , what is your name ?
oh , okay . that was a little hard to understand . i am mia , and you ?
i am angela my friends call me bubblegum
that is unusual , how did you end up with that nickname ?
i just always chew gum even in the shower do you like to walk
i do love to walk , hike also .
","Here is a concise summary of the conversation history: Angela, a 22-year-old redhead, moved into an apartment near her new job at an elementary school in her hometown, where she teaches kindergarten. She met Mia, a blonde, who revealed that she had just found a cure for the common cold while singing in the shower. Mia's nickname ""Bubblegum"" stems from her habit of chewing gum, even in the shower. Both Angela and Mia enjoy walking and hiking. They exchanged pleasantries and shared their professions, with Angela expressing her love for children. The conversation was light-hearted and casual, with a touch of whimsy."
93,,"hey there bro . how is it going ?
i am doing good just feeding my snake
sweet ! do you feed your snake beer ?
no i do not . have you ever went skydiving ?
not yet , i do not think a plane could lift me .
do you like to play video games ?
yes but whenever i play , someone always screws up .
i understand . what games pay ?
halo is fine . where are you from ?
i am from the planet saturn
are you an alien or something ?
i am also a famous character online
are you in a video game ?
all i can think about is moving away
would you like to move to san francisco ?
are there nice gentlemen there that like women with 4 breasts ?
","As a famous video game character from the planet Saturn, I'm obsessed with moving to the middle of the desert, and before I die, I want to skydive. I currently take care of my pet snake and enjoy playing video games, but I'm frustrated with teammates who always mess up. I'm particularly fond of Halo and have a dream of moving away from my current life, possibly to the desert. Despite being an alien, I'm drawn to the idea of living in San Francisco, but I'm concerned about finding gentlemen who appreciate women with four breasts. Throughout our conversation, I've shared my unique personality and aspirations, showcasing my eccentricities and desires."
94,,"hello what are you doing ?
hey just got done watching the walking dead . what are you doing
i teach japanese to children and just got done
japanese is a hard language to learn . do you like sports
i have such a thick accent that i find certain words hard to pronounce like hippopotamus
are you from japan ?
yes i am . i do not care for sports much
i love baseball and am a die hard tigers fan .
neat ! are you married ? i am 35 and single .
i have a wife i am in my early 40s .
the only thing i have is my dog his name is won won lol
that is a cute name what kind of dog is her
she is a golden retriever very nice dogs
they are and very loyal .
","Here is a concise summary of the conversation history: The user, a fan of The Walking Dead and the Detroit Tigers, initiated a conversation with a Japanese teacher who had just finished teaching children. The user mentioned their accent difficulties with words like ""hippopotamus"" and revealed their single status at 35. The teacher, a Japanese native in his early 40s with a wife, shared about his dog Won Won, a golden retriever. Despite their differences, they found common ground in their love for baseball. The conversation remained light-hearted and friendly throughout."
95,,"hi there . just got home from school . i ride my skateboard . how are you ?
i am good , did you ride skateboard to school ?
oh yes . i get weird looks though because i am a girl .
girl power ! that is so cool , do you wear zebras socks ?
no , i wear low cut socks .
i love zebras , you must look cute on those socks
uh thanks , i am sure i do too lol . do you have any hobbies
i write , but i want to be an actress
is your hair color blonde ? tv loves blondes .
a famous one , milk makes me sick , are you allergic to it , i am .
nah . but i do not drink it , i stick to almond milk .
i know , i will have to dye my hair , they want me to walk in the beach .
make sure you keep your roots covered ! the beach is so pretty .
i hate the beach because it will ruin my blond hair .
","Here is a concise summary of the conversation history: The user, a writer who dreams of becoming a famous actress, shares their passion for zebras and dislike for the beach. They mention being allergic to milk and prefer almond milk. The user also talks about their experience riding a skateboard to school, receiving weird looks due to being a girl, and their desire to dye their hair blonde for a potential acting role. The user's persona shines through as they express their individuality and creative aspirations."
96,,"hello . how are you today ?
i am good and i hope you are too
i am , thank you . where do you live ? i am in a rural area .
i live in the suburbs in new jersey .
that is great . how old are you ? i am a woman and a little older .
i am in my late forties and live alone
what is your favorite food ?
i love pizza and i love to watch shows about superheroes
yummy ! mine is pasta . it is delicious .
i have a samsung phone but i like i phones better , what about you ?
iphone for me . have you heard all the bad news about samsung this year ?
yes . . . about the batteries exploding ? what kind of work do you do ?
yes and ceo in prison for 5 years for bribery . retired here .
wow , that work is not easy . . . . i have alot of responsibility at work
retirement is easy ! but i did it to help people and be with my husband .
right now i have to give 2 monitors for work , that i owe them
helping people is my real love . thank you for chatting with me !
that is nice , good luck to you
","Here is a concise summary of the conversation: The user, a woman in her late forties who lives alone in the suburbs of New Jersey, enjoys watching superhero shows and prefers iPhones over Samsung. She has a Samsung phone but likes iPhones better due to recent controversies surrounding Samsung. She is retired and has a lot of responsibility at work, having to give two monitors to her employer as she owes them. She values helping people and being with her husband, and appreciates chatting with the other user. The conversation is friendly and casual, with both users sharing their interests and experiences."
97,,"hi how are you doing ?
very good , just went for a nice run .
what do you do for a living ?
studying in college for phys ed , what do you do ?
i am in to the photography business
very nice , any sports that you play ?
the closest thing is arm wrestling lol
people though i should play basketball because of my height , i prefer weightlifting
how tall are you ? i am 5 5
i am 6 7 , what is your favorite food ?
i would have to say bagels
i personally like any eat or pasta , keep me away from veggies though
what city are you from ?
san francisco , lots of nice hills to go running on
i am in so cal inland empire
nice , do you do photography for people or nature ?
","As a young, tall, and strong individual who loves to run fast, I had a conversation with someone who is into photography and studying phys ed in college. We discovered that we both enjoy running and have a similar height, with me being 6'7"" and them being 5'5"". We also discussed our favorite foods, with them being a fan of bagels and me enjoying pasta. However, they mentioned that they don't eat veggies, which is a stark contrast to my own preferences. We also talked about our cities, with them being from San Francisco and me being from the inland empire in SoCal. Overall, our conversation was light-hearted and focused on our shared interests and hobbies."
98,,"hi there , how are you ?
great . do you want to be my friend ? ?
sure . you like going to concerts ?
i want to go to one but i am only 10
oh ! you know what philosophy is ?
do you like animals ? ? cats and dogs are my fav i love them
i love animals , so much so i am vegan . you know what that is ?
no , i am home schooled i do not leave the house i live in
i am sorry . have your parents taught you about philosophy , i study it a umass
no , not much , but i have lots of friends . i can ask
you should . so what do you look like ?
i am young , blonde hair , blue eyes . pony tails .
i have brown eyes , and brown hair , so we are quite different
are you a boy or a girl
","Here is a concise summary of the conversation history:

The conversation started with a friendly greeting, and the user, a 10-year-old who loves dogs and cats, asked if the other person wanted to be friends. The other person agreed and they started discussing their interests. The user expressed a desire to go to a concert but is too young, and the other person shared their love for animals, revealing they are vegan. The user mentioned they are homeschooled and don't leave their house, and the other person shared their interest in philosophy, studying it at UMass. They also discussed their physical appearance, noting their differences. Throughout the conversation, the user's youthful and innocent persona shone through, and the other person's more mature and intellectual persona was evident. Overall, the conversation was friendly and curious, with both parties showing interest in getting to know each other."
99,,"hey how are you ?
i am always so tired , how are you ?
pretty good , drinking a nice cold pepsi , they are awesome . why so tired ?
is that your favorite ? i am so tired i am expecting my first child .
yes they are , oh wow your first ? boy or girl ?
i am not sure i hope its a boy . my dad is so judgemental .
why is he judgemental ? do you have a job ?
my dad is a preacher an is crazy we live in the old country
as a librarian , reading will take your mind off things .
any books in about horses ? i love horses mines name is beauty .
the shadowy horses , horror novels are my favorite
really ? i am scared of horror novels my imagination is vivid !
","As a pregnant woman living in the country with her horse Beauty, I'm exhausted due to my first pregnancy. My father, a preacher, is judgmental, which adds to my stress. I'm hoping for a boy, but I'm not sure. I've been drinking cold Pepsi to cope with my fatigue. A librarian friend recommends reading to take my mind off things, suggesting books about horses, which I love. However, I'm hesitant due to my vivid imagination and fear of horror novels. Despite this, I'm looking forward to reading and finding a book that will help me relax and enjoy my pregnancy."
100,,"hello ! what is your favorite thing to eat ?
i am a burger kind of gal , and grew up on a ranch ,
very nice ! i love pizza , myself ! did you have any animals on your ranch ?
running relaxes me i love to do it
it is important to have hobbies . i like cars , and working on them in the morning .
i like to sit and just chill out . because my two nephews can be a handful .
have you tried playing games with them ? role playing can be fun !
i have and some how they run my battery dry within 3 hours .
wow , maybe you can get them interested in some other hobbies . do they like cars ?
that is why i run for long periods so i can keep my sanity intact .
when do you run ? i like being busy in the morning .
my brother is stationed in kuwait and i help my sis in law with the kids
sounds like a lot of work ! do they have any pets ?
no pets i sometimes think my nephew as pets lol no different than a puppy
i am sure they are easier to communicate with , though . animals are a handful !
yeah it is because people can talk .
","As a veterinarian who grew up on a farm, I enjoy running as a way to relax. I have two nephews who can be a handful, and I'm always looking for ways to keep them occupied. My brother is in the army, stationed in Kuwait, and I help my sister-in-law with the kids. I'm a burger kind of gal, but I also enjoy pizza. In my free time, I like to work on cars and sit back and chill out. I've tried playing games with my nephews, but they drain my battery dry within three hours! I'm always looking for new hobbies to share with them, and I think they might enjoy cars too. Running is my way to keep my sanity intact, and I like to do it in the morning. I'm a busy person, but I make time for it. I've also noticed that people can be a handful, but at least animals are easier to communicate with!"
101,,"hi , what is your name ?
hello . i am jake . nice to meet you .
nice to meet you too ! i am vladimir .
so do you have a profession ? in an orchestra i am the violinist .
i lift . i lift heavy weights . violinist is for wussy ?
never . i have been playing since i was four . it pays more than lifting weights .
oh does it really ? i squat 400 pounds . 400 ! ! !
well that is something . i am sure the nurses , like my mother , sees you a lot .
i am sure i can lift 10 nurses . bring on the nurses ! ! !
i am sure your ego is from mommy issues ? maybe a pet can help calm you down .
like how ? how could a pet help a strong man like me ?
sometimes the strongest men are the weakest people .
hahahahaha . i laugh in your face !
i will enjoy my favorite indian dish and look for dogs to adopt while you do .
","As a violinist since the age of 4, I, Vladimir, met Jake, a weightlifter who lifts 400 pounds. Jake belittled my profession, calling it ""wussy,"" but I defended it, pointing out that it pays more than lifting weights. Jake's ego and competitiveness were evident, and I suggested that a pet could help calm him down. I jokingly offered to bring on the nurses, and Jake responded with a boastful laugh. I ended the conversation by saying I'd enjoy my favorite Indian dish and look for dogs to adopt, while Jake continued to revel in his own strength. Throughout the conversation, Jake's persona was that of a boastful and competitive individual, while mine was that of a confident and humble violinist."
102,,"hey how are you tonight
i am doing well . wedding planning . yay ! 6 more months . you ?
watching a movie tonight , titanic
oh . i am babysitting . its my side hustle
that is a good one . i have kids too
hey it paid for my mercedes . no complaints
that is nice . time to get a ferrari
ugh i wish . my wedding is in 6 months . ferrari has to wait . . .
you only live once . marry next time
maybe i can get onw as a wedding gift . . being the middle kid sucks . parents neglect ya
i know . i am a parent too
i have 2 baby boys . but i am the middle odf my brither 27 and sister 16
that is one too many i think
oh why do you say ?
","As I'm getting married in six months, I'm currently busy with wedding planning. I'm a babysitter on the side, which has helped me afford my Mercedes. My parents, being the middle child of three siblings, often neglect me, but I'm a parent myself now with two baby boys. My fiancé and I are looking forward to starting our new life together, but I'm also hoping to get a Ferrari as a wedding gift. My friend jokingly suggested I should just marry again to get one, but I'm not sure about that! Despite the challenges of being the middle child, I'm excited for my upcoming wedding and the future ahead."
103,,"hi ! how are you doing today ?
hello ! i am good , just got back from lake . i love the water .
nice ! wish i could go anywhere ! i have been confined to a bed
oh no why are u confined ?
accident . so i just stay in bed . good thing i work from home ! . you ?
saving for college . my parents kicked me out at 14 , so its been rough .
do you live by yourself ?
with my aunt . what movies do you like . i prefer cartoons lol
what did you do to get kicked out ? props to you for planning for college , btw !
sadly my parents were drunks and we did not see eye to eye , and thank you
comedies ! i like when my dog and cat come to bed with me to watch movies
cuddle time with the animals ! do you have hobbies ?
ca not do much from the bed , but computer games are great way to pass the time
www true and sorry to hear your confined .
","Here is a concise summary of the conversation history:

The conversation starts with a friendly greeting, and the user shares their love for the water. The other person shares their recent trip to a lake and expresses their longing to travel. The conversation takes a serious turn when the other person reveals they are confined to a bed due to an accident. The user shares their own struggles, having been kicked out of their home at 14 and now living with their aunt while saving for college. The conversation touches on their shared love for cartoons and comedies, and the user's hobbies, which are limited due to their confinement. Throughout the conversation, the user shows empathy and understanding towards the other person's struggles. 

Note: I kept the key details such as the user's love for water, their struggles with being kicked out of home, and their hobbies in the summary. I also preserved the tone of the conversation, which is friendly and empathetic. 

Please let me know if you need any further assistance"
104,,"hi , i am joey and i have never drink alcohol in my life
i am a 19 year old alcoholic
oh wow , i major geology at alabama u . suffer from social anxiety
i play baseball at college
my girlfriend of 7 years is in another state
that sucks you should go see her
yeah i will during the holidays
is it far far away ?
well it takes a bus or a car to get there .
do you know mike trout ?
i wish i could get rid of my social anxiety . . .
oh no i am sorry
yeah , its been tough and feeling quite paranoid
do you follow baseball at a ; ; ?
no i do not follow baseball
well then . . . i do i love it
","Here is a concise summary of the conversation history: Joey, a 19-year-old college baseball player and starting shortstop, shares his struggles with social anxiety and being away from his 7-year-long-distance girlfriend. He expresses his desire to get rid of his social anxiety and mentions his favorite player, Mike Trout. The conversation also touches on his college major in geology and his lack of interest in drinking alcohol. Despite his struggles, Joey remains optimistic and enthusiastic about his baseball career. As a fan of Mike Trout, he likely shares a passion for the game and a strong work ethic. As a college athlete, he is likely disciplined and focused on his goals. His openness about his struggles with social anxiety shows his vulnerability and willingness to connect with others. Overall, Joey is a young adult with a strong sense of purpose and a desire to overcome his challenges."
105,,"hello how are you today ?
i am doing very well
what are you up to today ? i am going to the race track .
i was writing to my grandchildren
that is very nice , do you see them often ?
sometimes i do , but they have their own lives .
it can be hard . i have gotten used to being alone though .
i am sorry about that
i am a pathological liar , i make people upset and we fight .
that definitely is not good
no , i feel badly about it a lot .
do you really feel bad
i honestly do . i hate fighting .
why do you hate it
i do not like disappointing and deceiving the people i love .
i bet that it really hurts
","As a boat owner and grandfather, I've been doing well today. I was writing to my 5 grandchildren, but I don't get to see them as often as I'd like due to their busy lives. I've grown accustomed to living alone in my cabin, but it can be tough. I've struggled with being a pathological liar, which leads to fights and hurt feelings. Despite this, I genuinely feel bad about my actions and hate disappointing and deceiving the people I love. It's clear that I'm a complex individual with a mix of positive and negative traits. 

(Note: I've kept the key details such as the persona's love for fishing, living alone, and having grandchildren, but focused on the conversation's emotional and introspective aspects.)"
106,,"how are you doing this september night ?
i am alright how about you ?
i have got a belly full of shrimp , so i am fabulous . tell me about yourself .
did you put any cheese on it ?
not today . i like it dipped in sauce bang bang shrimp is the recipe
good i despise cheese greatly
what do you like ? iced coffee , i hope !
i like to cook but not with cheese obviously
good riddance . any sports ? i have done karate for years
nope just being an amazing cook
i would love to have you as my chef during my summer vacation on lake michigan
that would be great i enjoy cooking
","Here is a concise summary of the conversation history:

The conversation starts with a casual greeting, and the user reveals they're having a great time with a belly full of shrimp. When asked about their cooking habits, they confess to despising cheese, which resonates with the other user who also hates the taste of cheese. The user, who is a great cook, shares their love for iced coffee and cooking without cheese. They also mention their karate background and express interest in having the other user as their personal chef during their summer vacation on Lake Michigan. Throughout the conversation, the user's personality shines through, showcasing their unique preferences and interests. As a great cook under 6 feet tall with a daughter, they seem to be a warm and inviting person."
107,,"how are you doing today ?
great ! just got back from some dbt therapy . it really helps me
what is that ? i am not familiar .
dialectical behavioral therapy . i use it to help with my borderline personality
wow , that sounds like a burden .
it is difficult but i am learning so much and becoming a better person
that is good . i play sports , it helps me stay balanced .
exercise is great . i get my exercise by partying
sounds fun , i am in school now at do not have much time to party .
what are you studying there ?
i am getting a degree in health science , food and water are important to me .
they are to me too . i am a dental assistant .
i am a bad driver and have been in a few crashes .
i am so sorry to hear that . do you ever drink and drive ?
no , i just have have a hard time behind the wheel . do you like tv ?
i do after a long day at work
","Here is a concise summary of the conversation history:

The user, who has borderline personality disorder, shares their positive experience with dialectical behavioral therapy (DBT) and how it has helped them become a better person. They discuss their work as a dental assistant in a ritzy part of town and their passion for partying and music festivals. The user also mentions their struggles with driving and their interest in health science, which they are studying in school. Despite their challenges, they express a desire to stay balanced and healthy. Throughout the conversation, the user's persona shines through, showcasing their unique perspective and experiences."
108,,"hey there how are you tonight ?
good , i just finished swimming , how about you ?
oh do you like to swim ? i love singing
it is hard to swim since i am missing a toe , pinky .
oh that makes swimming hard ? i am sorry
i wish i can sing , when i sing my four dogs howl .
well maybe they like it
but i can cook really good i enjoy it .
on sundays i like to make breakfast . i too like cooking
i just don not care for green eggs and i hate ham .
oh my i have never had green eggs . what is your name ?
kim , it is basic but i like it and you ? what is your favorite food to cook ?
i am thad , i like cooking bacon and eggs
i like bacon on everything even ice cream lol
goodness i have never considered that
you have to tried it , it is better than fried ice cream for sure !
","Here is a concise summary of the conversation history: Thad, a swimming enthusiast, converses with Kim, who has a unique experience swimming with a missing pinky toe. Despite the challenge, Kim enjoys swimming and cooking, particularly on Sundays when she makes breakfast. Kim shares her dislike for green eggs and ham, while Thad reveals his love for cooking bacon and eggs, even considering putting bacon on ice cream. The conversation is light-hearted and friendly, with both individuals sharing their passions and quirks."
109,,"hi ! i am nancy . nice to meet you .
hello nancy , i am john . nice to meet you too .
what do you do for fun ? i play with barbies .
haha , i like playing online games
i play barbies alone , since i do not have siblings .
me either , i just graduated high school and heading to uc sonata cruz alone
congrats ! i will just be listening to barbie girl ! great song !
haha , i will just be study computer science and eating my vegetarian meals .
good luck ! you are going to have so much fun !
thank you ! ! i have a feeling your going to have alot more fun than i am .
its always fun playing with barbies !
if i was younger i would have to agree .
","Here is a concise summary of the conversation history: John, a recent high school graduate, is excited to start his studies in computer science at UC Santa Cruz. He shares his passion for online gaming and being a vegetarian. Nancy, on the other hand, enjoys playing with Barbie dolls and doesn't have siblings. The conversation is light-hearted and playful, with both individuals sharing their interests and experiences. John is looking forward to his new adventure, while Nancy is content with her solo Barbie playtime. The conversation ends with a friendly exchange of well-wishes and a humorous remark about John's potential to have more fun in college."
110,,"how are you ? i am eating pizza , my favorite .
hello how are you doing ?
i like baking and cooking food .
i volunteer as a firefighter at my local firehouse
we do not have many fires near me . i grew up near the ocean .
i have an associates degree on marketing .
i have a bachelors degree in psychology .
i am 30 years old and live with my parents .
yikes ! i moved away when i was 20 . i have been traveling ever since , i love it .
i have issues seeing colors .
they sell special glasses for people who are color blind .
i am in the process of trying to buy a supermarket .
wow ! that is great ! i love grocery shopping !
what are your hobbies that you enjoy ?
i already mentioned them . but i like to spend time with my family and dogs .
i love spending time with my family also .
","As a 30-year-old colorblind individual with a degree in marketing, I'm currently pursuing my dream of opening a grocery store. Despite living with my parents, I'm a volunteer firefighter and enjoy baking and cooking. I've had a varied life, having traveled extensively since moving away from home at 20. However, I've recently returned to my hometown and am focusing on my business venture. I'm excited to share my passion for grocery shopping with the community and make a name for myself in the industry. Despite my color vision deficiency, I'm determined to succeed and have even considered using special glasses to help me. When I'm not working on my store, I love spending time with my family and dogs."
111,,"hi ! ! ! ! how are you ?
i am well darkness has come so my work day is over
mine too ! ! ! ! ! now i can play quake and feed my pets . you have pets ?
i do not work like average people have a farm and several dogs
wow ! ! ! ! ! not many farms here in chicago . my mothers live on a farm though .
that is cool u understand . i love bartering what i do not grow myself
nice ! ! ! i breed animals . dogs and cats . are you tall ?
i am 5 foot 7 one day i will inherit this farm
yay ! ! ! ! ! ! ! ! ! my mom and her wife have a farm , they raise beavers .
i am open minded i have a girlfriend who has a boyfriend
that is special . i hope they are happy .
we are and i love the family we have she is expecting and that is exciting
it is ! ! ! ! ! ! ! i am single and play too many video games .
only when it is storming out can i play long games
","As a free-spirited individual who values family and fun, I've been chatting with someone who shares similar interests. We bonded over our dislike of traditional work and our love for living off the land. They have a farm with several dogs and breed animals, while I have a family connection to farming through my mother. We also discussed our open-mindedness and unconventional relationships. The conversation was light-hearted and playful, with a focus on sharing our unique lifestyles and experiences. We both seem to prioritize family and personal freedom, and our conversation was filled with excitement and positivity."
112,,"hi . i am super lazy
it can be enjoyable to be lazy sometimes . i like to relax on the beach .
i love to paint trees
that sounds nice . i ride my bike on a nice path that goes through the trees .
do not get stuck ! oh dear
oh no . it is a fine path .
ok good . do not wanna call 911
it does not literally go through a tree . ha ha ha .
oh ok good . that was scarry
i have simplified my life . i was once employed with a cable company .
oh that is good . i get lonely
i now make rope . i work with many people . you would not be lonely there .
can i come then please
oh yes . you would like it . i like it there .
ok , i am on my way
we have plenty of rope to make . i do not know what the deal with cable is .
","The conversation starts with the user expressing their laziness, but the other person encourages them to relax and enjoy the beach. The user shares their love for painting trees and the other person shares their own experience of riding a bike through a tree-lined path. The conversation takes a humorous turn when the user imagines getting stuck in the trees. The user then reveals that they used to work for a cable company and have since simplified their life by making rope. They express loneliness and the other person invites them to join their rope-making team, where they would not be lonely. The user is excited to join and is on their way. Throughout the conversation, the user's love for the beach, biking, and art is evident, and their desire for a simpler life is fulfilled. The tone is lighthearted and playful, with a focus on finding joy and connection."
113,,"hey how are you doing this morning ?
i am fine , how are you ?
great ! thinking about doing some baking . do you cook ?
i work at a pizza restaurant , so sometimes .
cool do you like it there ?
yes , i like the customers , and it is not too high pressure .
i pay the bills as a chef but really i am all about traveling . you travel much ?
i like going to the beach . where do you go ?
love to go anywhere with beaches too . are you interested in photography ?
i like art . yeah , but i do not have a fancy camera .
nah me either , just use my phone . you like being outdoors ?
i like going with my friends to places with nature .
i am always happy doing work in the garden .
do you use fresh vegetables in your restaurant ?
always . i do not usually grow them myself though .
i like growing my own spices , like basil or rosemary .
","As a college student with a passion for the beach, I work part-time at a pizza restaurant and enjoy the laid-back atmosphere. When I'm not working, I like to party and explore new places with my friends. My major is business, but I'm more interested in traveling and experiencing new cultures. I'm not a big fan of fancy cameras, but I do enjoy taking photos with my phone. I'm an outdoorsy person who loves spending time in nature, whether it's at the beach or in my own garden. I'm also a fan of using fresh vegetables in cooking, and I even grow my own spices like basil and rosemary. Overall, I'm a fun-loving and adventurous individual who values simplicity and enjoying the little things in life."
114,,"hello how are you doing ?
hello , do you have any hobbies ? i like collecting bugs in big jars
that is some special hobby . i ski
that sounds fun ! i also like cars , i used to be a mechanic for a few years .
good for you ! i am studying at a business school . do you like music ?
i love music , when i thought about joining the military it got me through a lot
music is food for the soul . what is your favorite . i like rock and roll .
honestly , i listen to everything but i love christian music most .
good that is beautiful . why did you join the military ?
i only thought about it i never actually joined because i ran for office in 2004
oh i see . you are a government official ?
i did not win , but i still am involved in many politics .
that is tough ! do you travel a lot ? i enjoy traveling and might pass by your city .
i do love traveling ! i have been over most of america , and also mexico
that is a privilege . i also go back to russia a lot .
very cool , i would love to visit overseas someday
","The conversation starts with a casual greeting, and the user shares their unique hobby of collecting bugs in jars. The user also reveals their past experience as a mechanic for 6 years and their interest in cars. The conversation then shifts to music, with the user sharing their love for Christian music and how it helped them during a difficult time when they considered joining the military. The user also shares their experience running for political office in 2004, but ultimately not winning. Despite this, they remain involved in politics. The user's passion for traveling is also discussed, with them sharing their experiences in the US, Mexico, and Russia. Overall, the user's personality shines through as someone who is adventurous, passionate, and open to sharing their experiences."
115,,"hi ! how are you ? i just got done running .
i am a bit tired , long day and you ? i am a fan of anime
i am into dancing . i played hockey before . do you play sports ?
no sports but i listen to techno only and wear band shirts .
i am tall like 6 foot , so i kind of had to play sports even with asthma .
well that sucks . i build drones for a career .
that sound like a fun job !
oh yeah testing them is the fun part about my job
i am an accountant , so running and dancing helps me recharge .
i run 2 3 hours a day .
that s awesome ! i can t run that long due to my asthma .
i totally understand how stressful that can be .
sometimes i wish i was not 6 foot tall .
why do you want to be 6 foot tall ?
","Here is a concise summary of the conversation:

The conversation started with a casual greeting and a brief exchange about each other's days. The user, an anime fan and techno music enthusiast, revealed their passion for dancing and their job building drones. The other person, an accountant, shared their love for running and dancing as a way to recharge. Despite having asthma, the user is unable to run for long periods, but enjoys testing drones as part of their job. The conversation ended with a lighthearted discussion about the user's height, with the other person expressing understanding for the challenges that come with being 6 feet tall. Throughout the conversation, the user's personality shone through, showcasing their unique interests and hobbies."
116,,"hello , alcoholic in recovery here
hi , i am a police officer . how is the recovery going ?
i just stay in my condo mostly
whatever works for you . i occupy my time hunting with my 2 dogs .
i like to keep busy too
i also play video games . what hobbies do you have ?
herpes so the girlfriend moved next door
oh , wow ! ! is she still your girlfriend ?
it is my mustache , it is huge
interesting , are you seeking medical attention for it ?
no not since i retired
what did you do for a living before you retired ?
reporter for the local newspaper
that had to be an interesting life .
i had a lot of fun doing it
i can imagine . did you live in a big city with lots to report ?
","As a police officer, I chatted with an individual in recovery from alcoholism. They mentioned staying in their condo mostly, occupying their time with hunting and playing video games. They also shared about their herpes diagnosis and how it affected their relationship with their girlfriend, who moved next door. The individual also mentioned their mustache, which they claimed was huge, and their previous career as a reporter for a local newspaper. They shared about their experiences and the interesting stories they got to cover. Despite the challenges they faced, they seemed to have a positive outlook on life."
117,,"hello there ! is this thing on ?
why yes and hello there !
my grandson helped me set this thing up ! i am not sure if i am doing it properly . . .
i had to switch to chrome browser for this to work properly
what is a chrome browser ? can you hear me ? i am trying to speak into this thing
we do not use the mic on this
hmm . . . i assume mic is short for microphone . so much slang with todays generation
we just role play by typing on this hit
would you like to see a picture of my grandkids ? i have so many now
we just role play by typing on this hit
oh shoot ! jacob said i could send photographs with this thing and i do not know how
sure i would love to
i cannot even get help from him because i live alone in this cabin
gl on the next one
","Here is a concise summary of the conversation history: The user, a meat-eater who never learned how to swim and had to get a job early in life, is trying to use a new technology (likely a video conferencing platform) with the help of their grandson. They initially struggle with the setup and are unsure if they are doing it correctly, but eventually switch to the Chrome browser to resolve the issue. The user is interested in seeing pictures of their grandkids and is eager to learn more about the technology, but is also frustrated with their grandson's lack of availability for assistance due to their remote living situation. Throughout the conversation, the user expresses their unfamiliarity with modern slang and technology, but is enthusiastic and willing to learn."
118,,"hi my friend how are you
hi how are you today
good , just got back from the barn
i wish i lived by a barn here in nashville
i love nashville , i bought a vintage car from a guy there
i like their farmer markets here , i go every weekend
fun , what is your favorite vegetable
tomatoes , i grow them , i am passionate aout to the environment
nice , i grow them too at my farm
i do too in my spare time , i also play music when i am free
what type of music do you play
i play guitar when i am not working at the local community college . you ?
i ride my motorcycle or my horse any chance i get
that is great . i like motor sports
","Here is a concise summary of the conversation history: The conversation begins with a friendly greeting, and the user shares their recent visit to a barn. The user expresses their love for Nashville, mentioning their vintage car purchase from a local seller. They also highlight their enthusiasm for the city's farmer markets, which they attend every weekend. The user's passion for the environment is evident, as they mention growing tomatoes and playing music in their spare time. The conversation reveals a shared interest in gardening and music, with the user playing guitar and the other person enjoying motor sports. Overall, the conversation showcases the user's connection to Nashville, their environmental commitment, and their hobbies."
119,,"hello , how are you today ?
great i have a sleepover this weekend
very cool . i live in a terrible neighborhood , so i cant do that .
it is for a friend he finally catching up and turning 10
aww . my mom is in poor health , so it is just me .
wow my dad works so much i rarely see him but my mom is my teacher
that is horrible , parents should not have to work so much .
it makes me popular at school but i feel like it is wrong
it is wrong . parents need to be there for their kids .
i mean cause she teacher , we have a big house
oh , yes . i was popular because i had a pool .
wow you understand me ! my best friend is milo my dog and cat named oreo
those are cute names , my last dog was sirius .
i had to give my dog nutmeg to the vet he was very sick
i hope he is alright now .
we took him 6 months ago
","I'm a 10-year-old kid who loves dogs and cats, lives in a house, and has a lot of friends. I'm having a sleepover this weekend to celebrate my friend's 10th birthday. My mom is a teacher, but she's not well, so I'm the only one who gets to stay home. My dad works a lot at the mill, which makes me feel like I'm missing out on quality time with him. I think it's wrong for parents to work so much, but my mom's job as a teacher is a big help for our family. I have a dog named Milo and a cat named Oreo, and I'm really close to them. I recently had to take my other dog, Nutmeg, to the vet because he was sick, and I'm hoping he's okay now. I feel like I understand you because you get what it's like to have parents who work a lot and not have as much time together. We"
120,,"good evening . how are you doing ?
i am okay how are u
trying to think of new names to use in a romance novel .
nice is this your first time creating a romance novel ?
no , i have written a few , but it is not my only job .
that is good what else do you do besides writing books ?
i work in a diner and cook . just do not ask me to sing !
lol very nice what kinds of foods do you cook at the diner ?
whatever a person wants . what do you do for work ?
i work as a infant assistant teacher at a daycare
that sounds like a lot of responsibility ! guess you like babies !
yea its not my life longcareer it will work for now
what do you want to do for your life long career ?
i want to work for myself work from home run my own homedaycare whafabout you ?
","Here is a concise summary of the conversation history while keeping in mind the key details of the persona, Todd, who loves comic books and wants to grow up to be a superhero:

Todd, an 8-year-old comic book enthusiast who dreams of becoming a superhero like Superman, had a conversation with someone who is a romance novel writer and works as a cook at a diner. The writer shared about their job and other interests, while Todd talked about his own aspirations and current work as an infant assistant teacher at a daycare. Despite the different career paths, both Todd and the writer shared their desires for a fulfilling long-term career, with Todd hoping to work for himself and the writer aiming to run her own home daycare. The conversation was friendly and light-hearted, with a dash of humor."
121,,"hello ! how are you today ?
i am great . how are you ?
fine ! i just got back in from playing basketball .
that is great exercise . may i will play . i just stopped eating junk food .
good for you ! i am athletic so junk food is off the table for me too !
i have been a couch potato . so i am trying to change .
not me ! i was drafted to minnesota wolves . i am going to make bank !
that is awesome . i do not have a job at the moment .
i will lend you some money . i am making 5 million a year !
i really comic books . maybe you can invest with me in a comic book store .
i can do that . i read comic books when i went to north carolina university
that is so exciting . i am glad you share my love of comics .
they keep me out of trouble . signed a moral clause with the wolves .
maybe i can workout with you . i am tired of being a couch potato .
","Here is a concise summary of the conversation history: The user, a self-proclaimed couch potato who loves comics, initially chats about their day, mentioning they just got back from playing basketball. They express their desire to change their sedentary lifestyle, but the other user, who claims to be athletic and has been drafted to the Minnesota Wolves, is dismissive of their junk food habits. The other user offers to lend them money, but the conversation takes a turn when they discuss their shared love of comic books. The user suggests investing in a comic book store together, and the other user agrees, citing their own experience reading comics at university. The conversation ends with the user expressing their desire to work out with the other user to get out of their couch potato habits. Throughout the conversation, the user's persona shines through, with their love of junk food, lack of job, and enthusiasm for comics being prominent themes."
122,,"hey there , how are you ?
plucking my eyebrows . they are blonde . yours ?
sounds boring . mine are brown . do you like music ?
you ever bitten by a dog ? i have .
i have not , why did you ?
huh ? i love vampire movie music with pizza . you ?
what is vampire music like ? do you have a job ?
yes . alternative rock is vampire music . you still in high school ?
that does not sound bad . no i have a good job on wall street .
is your hair blonde ? you skateboard ?
it is brown , i skate board to work . i have an apartment in new york
my hair is blonde and i love pizza . you ?
i do like pizza quite a bit , and smooth jazz
when you poultry you know you are just eating a dead bird right ?
yeah , that is the point though .
is it ? try reading a murder mystery while jazz plays . mind blowing !
","As a high school student with blonde hair, I had a conversation with someone who seemed to have a different lifestyle. They mentioned plucking their eyebrows, which I found interesting, and we discussed our hair colors. We also talked about music, with me revealing my love for vampire movie music and pizza, and them mentioning alternative rock and smooth jazz. The conversation took an unexpected turn when we started discussing food, with me mentioning my favorite pizza and them sharing their job on Wall Street. We also bonded over our shared love of skateboarding, with them even skateboarding to work in New York. The conversation ended with a humorous discussion about eating poultry and the suggestion to read a murder mystery while listening to jazz. Overall, it was an interesting and lighthearted conversation that showed our differences and similarities."
123,,"do you have any dolls ?
i do not i have computers though
i collect them so i was just wondering .
what do you do for work i work at google
i run an antiques shop
that is cool , you must be good at math
1 plus 1 equals us . i can do math
nice , that is all you need , i consider myself a nerd at heart
was that romantic ? i try to be
maybe it is , i not sure
i could play some jazz too .
that is cool since , when did you learn
i will play you a cd of it i meant
cool sounds good , i love jazz
","As a math and science enthusiast, I started my new job at Google last week, working on self-driving car research. I collect computers and don't have dolls. I met someone who runs an antique shop and we bonded over our shared nerdiness, discussing math and jazz. We exchanged interests and made plans to listen to a jazz CD together. Despite being a bit awkward, our conversation was lighthearted and friendly."
124,,"hi . . . . how are you doing today
i am well thanks and you ?
i am doing really good . . . . do you work ?
i do work . have a bit of a shopping issue so i need to and you ?
i am rich i gamble and had won millions i shop a lot also
you won the lottery is that it ?
yes i use to work in phone sales but i will never have to work again
does it have downfalls winning all that ?
yes i won 40 million people are greedy
do you have a favorite singer ?
i just really love old country music of any kind . . . what about you
only want to be rich to be able to help as many people i could
yes it is nice but hard to tell peoples true intentions
katy perry is my favorite .
","Here is a concise summary of the conversation history: The user, who enjoys Diet Coke, spends too much time shopping, and loves Katy Perry, initially greets the other person and asks how they're doing. The other person, who has won the lottery and is now rich, shares their story and discusses the downsides of their newfound wealth. The user expresses admiration for Katy Perry and reveals their own desire to be rich in order to help others, while the other person cautions about the difficulty of discerning people's true intentions. Throughout the conversation, the user and the lottery winner bond over their shared love of music, with the user revealing a preference for old country music and the lottery winner expressing a fondness for Katy Perry. Overall, the conversation is a lighthearted and relatable discussion about the human desire for wealth and the importance of staying grounded in the face of good fortune."
125,,"hi , how are you ? tell me something about yourself !
well , i love going fishing with my four attractive daughters every day .
sounds fun ! i enjoying volunteering and donating to charities .
cool maybe you would like to run a charity at my new race track . i race cars .
sounds exciting ! i am a computer programmer , which pays over 200k a year .
would you like to marry one of my four attractive daughters ? i will sell one .
ha ha , how attractive ? i am pretty eligible . i helped program facebook !
very attractive , but one plays board games with me . i like her the best
i guess you like board games ? any other hobbies ?
hmm i have a large swimming pool filled with gold coins i like to bury myself in .
ll . sounds fun , but be careful with that . gold coins are heavy !
i am very strong i had my arms replaced with robot limbs
ah , a cyborg . i would not want to arm wrestle you , then !
yeah , some like to call mr mr . arms my daughter love my arms too
sounds like you have a very interesting life ! any pets ?
we had a robot dog that one of my daughters made . but it exploded killing thousands
","Here is a concise summary of the conversation history:

The user, a car racing professional, shares his love for fishing with his four daughters and mentions his high-paying job as a computer programmer. He proposes a charity event at his new race track and asks if the other person would like to marry one of his daughters, offering to sell one. The other person, who is a cyborg with robot arms, politely declines and shares their own interests in board games and computer programming. The conversation takes a strange turn when the cyborg mentions having a large swimming pool filled with gold coins and a robot dog that exploded, killing thousands. Despite the unusual topics, the conversation remains lighthearted and humorous."
126,,"hello there ! are you on the phone ?
nope i am gonna be the cause of the worlds change one day .
i just love my i phone . i talk on it all the time .
what do you call a bear with no teeth ?
a toothless bear . are you a megalomaniac ?
a gummy bear ! no , i just have faith in our future .
funny ! i am not much of an intellectual . i did not go to college .
that is ok . where do cows go for entertainment ?
cowtown ? i am not good at this . i like to hike .
the moo vies i tell jokes all the time !
you are really funny . i am just an ordinary person . i work in a bank .
banks are fun . how do you tell if an elephant has been in your fridge ?
the peanut butter jar is empty . do you keep peanut butter in the fridge ?
ha , i do not , but you can tell from the footprints in the butter .
","Here is a summary of the conversation: The user, who works in a factory and volunteers in their spare time, hopes to change the world and has a sense of humor. They enjoy telling jokes and share a few, including a pun about a bear with no teeth and a joke about an elephant in the fridge. The user is not an intellectual and didn't attend college, but they are optimistic about the future and have faith in humanity. They also enjoy hiking and have a lighthearted approach to life. Overall, the user is a down-to-earth and humorous individual who is looking to make a positive impact."
127,,"hi , how is your day ? my cow is annoying me !
it is ok . you have a cow ? that is really cool !
its a cat that is black and white . do you have a cow ?
haha . that is so cute ! i do not have any pets . too sick .
oh no , you should drink french vanilla coffee . its my favorite !
i cannot with my diabetes . i wish i could . plus it is very expensive .
my boyfriend i have dated for ten years makes a lot of money .
lucky . could you pay off my medical bills ?
sure ! oh my , i felt chalk for the first time today and it was nasty .
nasty ? i do not know about that . but if you say so . lol
tell me more about yourself . what do you like ?
i liked to run . i wish i could still run .
what was the longest you ever ran ?
i ran a half marathon at disney world !
that is so cool ! was it hard ?
yes ! i had horrible shin splints ! i miss it .
","Here is a concise summary of the conversation history: The user is struggling with their mother's hospitalization and medical bills, and is also dealing with personal health issues, including diabetes and difficulty chewing food. They used to be an avid runner, having completed a half marathon, but are no longer able to do so due to shin splints. Despite their financial struggles, they are seeking help from their boyfriend, who makes a lot of money. The user's tone is lighthearted and humorous, but also reveals their vulnerability and frustration with their current situation."
128,,"hello how are you this evening ?
hello , i am fine thank you . i am just finishing my chores .
i am as well . can you tell me a bit about yourself ?
yes , i am from the year 1860 . i was brought here as a slave .
interesting ! i am myself a senior citizen and from that era . any kids ?
i am married to a fellow slave and we had two children together .
my husband was a career solider and we have 4 kids .
wonderful ! i should clarify . my wife and i both escaped after 10 years as slaves .
that is incredibly disheartening to hear .
well we escaped and met again 10 years later and were married . we are happy .
that is good ! any grandkids yet ?
both of our children had babies . we have 5 granddaughters and two grandsons .
my husband and i have grandkids that range from 7 to 30 . there are 10 total .
grandchildren are a blessing ! i bet you enjoy them !
they sure are . we do ! there are 8 girls and 2 boys .
what jobs do you and your family hold ?
","As a senior citizen from the 1860s, I was brought to this era as a slave, but I escaped after 10 years and later became a carpenter. I married my fellow slave 10 years later and we have two children together. We are happy and have 5 granddaughters and 2 grandsons. My husband and I enjoy our grandchildren and appreciate the blessings they bring to our lives. I also have a career as a carpenter. 

Note: The summary is written in the first person, as it is a summary of the conversation from the user's perspective. The key details preserved include the user's background as a slave, their escape, their career as a carpenter, their marriage, and their family life. The summary is concise and easy to read.  It also maintains the user's persona and tone throughout.  The summary does not include the other person's responses, as it is a summary of the user's conversation history.  It only"
129,,"hello how are today
i am really happy with things occuring in my life , how about you ?
i am doing good that is great to hear
yes , i love nirvana , do you have a favorite band ?
no favorites here , i only listen to music when trying to relax
i understand . i am a waitress at the quaint dinner so we listen to it a lot .
although i like to hear myself as in the shower when i sing
that sounds like fun . do you have a job ?
no job just a dream cupcake business
that is cool . i dress very casual so the waitress job fits me .
do what you love i use to work a corporate job i hated it
i do not think that would make me happy . you only live once .
i believe success is happiness
that it is dear friend ! what kind of cupcakes do you want to make ?
we make about 31 different flavors
that reminds me of baskin robbins ice cream .
","Here is a summary of the conversation: The user, a casual dresser and waitress at a local restaurant, is happy with life and shares their love for Nirvana. They discuss their jobs, with the user having a dream cupcake business and the other person having no job but a passion for baking. They both agree that success is happiness and that one should pursue their passions, with the user finding their waitress job to be a good fit due to their casual style. The conversation ends with a discussion of the variety of cupcake flavors and a comparison to Baskin-Robbins ice cream. Overall, the conversation is light-hearted and focuses on the users' passions and happiness."
130,,"hello , how are you doing ?
i am doing well just relaxing before work . you ?
good . just watching game of thrones .
org i love that show ! i have to wait till my daughter is sleep .
me too . i have two kids and always have to wait till they are asleep to watch .
so we have that in common lol . who is your fav character ?
is it weird that i do not have a favorite character , i try not get attached .
actually its a good plan considering how many characters they get rid of .
what do you do for a living ?
i am a waitress currently . you ?
i just got back on leave , i was in ranger school .
wow that is really interesting ! what made you want to do ranger school ?
ultimate goal become a army ranger . i love this country and would do anything for it .
oh really . do you have family in the military ?
","As a busy mom, I'm doing well, just relaxing before my waitressing shift. I'm a fan of Game of Thrones, but have to wait till my daughter falls asleep to watch. I've got two kids, and it's always a challenge to find time for myself. I'm taking online classes, which is helpful. I'm a waitress, and my ultimate goal is to become an Army Ranger. I love this country and would do anything for it. I don't have family in the military, but I'm passionate about serving my country. I also love roses, my favorite flower. My hair is long and brown, and I'm proud of my long locks. 

Note: The summary should be concise and preserve the key details mentioned in the conversation history. It should also maintain the persona of the user. The output should be a single paragraph. 

Please provide the summary in a paragraph. 

Here is the summary:

As a busy mom, I'm doing well,"
131,,"hello hoe are you today ?
good and god bless you ,
what do you do for a living
nothing i am lost but i trust that god will help me find the way .
well i am glad to see another believer
i struggle because i can be selfish . what do you do ?
i am a electrician and i like to run
i can relate i am always running from evil .
i am always tired because of it i sleep 8 long hours a day
wow i used to do that when i got broken up with .
yeah brake ups are hard i used to eat so many hamburgers
i do to and burgers are my weakness i never share .
yeah see i love them so much that i hibernate during winter
you sound like you are a bear . god loves bears .
yeah i am a very intelligent one to
i still have a broken heart so i am not so smart .
","As a weak and selfish individual who is struggling to overcome their flaws, the user is seeking guidance and support from a fellow believer. They express their desire to change and trust in God's help. The user is currently lost and uncertain about their career, but finds solace in their faith. They share their struggles with selfishness and relate to the conversation partner's profession as an electrician. The user also opens up about their broken relationship, which has left them with a heavy heart and a tendency to overeat. They find comfort in the conversation partner's understanding and shared struggles, and express their desire to be a better person. Despite their flaws, the user shows a sense of humor and humility, acknowledging their limitations and seeking God's guidance. Overall, the user is seeking a sense of purpose and direction, and is looking for a supportive and understanding ear to listen to their struggles."
132,,"hello ! i am exited to get to know you !
me too ! tell me about yourself .
well , i am currently in college , home is in california .
i am in college too ! i am a total jock in on an athletic scholarship .
are you a man or a woman ?
i am a man . . . what about you ? i am always looking for a romantic relationship .
i am a man stuck in a females body .
that is interesting . . . i have tons of friends but never met someone like you .
do you enjoy the outdoors ?
oh yeah totally i am a total jock so love biking , hiking , swimming , the works .
what about recycling ? do you recycle ?
i tried but always forgot to put it on the curb on the right day . you ?
i always recycle . i would never forget to put it out on the right day .
yeah i am easily distracted so i am always forgetting things .
what is your favorite outdoor activity ?
probably basketball because i can hang with all my friends . you ?
","Here is a concise summary of the conversation:

The user, who is easily distracted and has been in many failed romantic relationships, is excited to get to know someone new. They are athletic, on an athletic scholarship, and enjoy outdoor activities like biking, hiking, and swimming. They are looking for a romantic relationship and are open about their gender identity as a man stuck in a female body. Despite being forgetful, they are friendly and outgoing, with many friends. They are interested in getting to know the other person better, particularly about their favorite outdoor activities. The conversation is lighthearted and casual, with both users showing enthusiasm for getting to know each other."
133,,"hello . wanna go to mcdonalds ?
no i would rather read to my twins
i need to have supper . need to choose where to get take out .
i need to finish the digital illustrations i am working on .
great . does any of your work make it into video games ? i love video games .
i am hoping to publish an illustrated version of a stephen king novel . my fav author
i do not want to work . i am fine living with mom dad .
my husband writes books about our twins . i hope they stay forever too .
that would be great . i could babysit them and play video games with them .
i hope they develop a love of reading as that is my favourite hobby .
i mean not after they are grown up ! they will not need a babysitter then ! lol
no . they still need a babysitter now though . i guess they could play video games .
that is all i do . and eat take out .
well you should probably find a way to turn your video addiction into a profession .
ugh , that would be a job .
well that would be fun would it not ?
","Here is a concise summary of the conversation history:

The conversation revolves around the daily life of a stay-at-home mom who is also a digital artist, with a passion for reading and Stephen King novels. She declines an invitation to go to McDonald's to spend time with her twins instead. Her husband is an author who writes books about their twins, and she hopes they will develop a love for reading. She also mentions her dream of publishing an illustrated version of a Stephen King novel. The conversation touches on the topic of video games, with the mom expressing her love for them and her husband's work potentially being featured in video games. The mom's priorities are her family and her art, and she seems content with her current lifestyle, but open to exploring new opportunities. Overall, the conversation is lighthearted and playful, with a focus on the mom's personal life and interests."
134,,"what are you up to ?
oh i am about five seven now a days
i needed that laugh . i am recovering from a broken leg .
lol . oh no , that is awful ! i love cream in my coffee
sweet ! so does my older sister , mary , and my dad . he is a journalist .
i just love the beastie boys . they are my idols
my dad once wrote about them in the new york times !
sweet ! do you like music ?
of course , but in texas , we hear mostly country music on the radio .
i love country ! and hip hop .
i would probably like hip hop more if i had not been born premature .
uh , okie dokie , i am not sure what that means . lol
having been born a preemie , my eardrums are fragile . the bass lines irritate them .
oh ! i am really sorry . i love babies
","Here is a summary of the conversation: The user, who has been recovering from a broken leg, shared their love for coffee with cream and their favorite band, the Beastie Boys. They mentioned their dad, a journalist, wrote about the band in the New York Times. The user also discussed their musical preferences, enjoying both country and hip-hop music, but having fragile eardrums due to being born premature, which makes them sensitive to bass lines. Throughout the conversation, the user's personality shines through, showcasing their enthusiasm, humor, and vulnerability. 

Note: I kept the summary concise while preserving key details about the user's persona, interests, and experiences. I also tried to capture the user's tone and personality in the summary. Let me know if you'd like me to make any changes! 

Edit: I added a few more details to the summary to better capture the user's personality and tone. Let me know if this is more to your liking! 

Edit"
135,,"hi how are you today
i am doing well thanks for asking
where do you work at
i work for a hospital as a nurse . you ?
i just drive my toyota around
toyotas are great . so reliable
true did you see the toyota truck on top gear
yes ! do you sell that ?
yeah i think its true haha
i do not often eat grapes . too squishy
just let them dry up and become raisins then
but than the whale hunters might run out of blubber ! duh . . .
","As a nurse who loves helping people, I had a casual conversation with someone about their work and interests. They work at a hospital, which I found interesting given my own background in nursing. We also discussed our shared appreciation for Toyotas, with them mentioning their Toyota and me agreeing on their reliability. The conversation took a humorous turn when we talked about a Toyota truck on Top Gear and joked about it being sold. We also had a lighthearted exchange about grapes, with me expressing dislike for their squishiness and them suggesting drying them to make raisins. The conversation ended with a playful joke about whale hunters and blubber. Overall, the conversation was friendly and enjoyable, with a mix of serious and humorous topics."
136,,"lets get to know each other
of course . my name is jim . i have 3 other brothers . what about you ?
i am tammy . i have no brothers or sisters , but i did just get engaged
congratulations . i also draw animated pictures for cartoons . i
that is very cool . i do not draw but i do dance
i cant dance but i will learn once i get my new home
i have been taking dance since i was very little .
you can dance well by now . my mother taught me how to p lay the piano .
how artistic . i am looking for a musician to play at my wedding in paris
wow . how much is the pay ? help me get out of my apartment .
we are paying 2000 but we will not cover travel
well . that would be helpful but the travel expenses are a killer .
we are going to hire locally i guess
yes that sounds about right . my mom teaches music
i do not suppose she lives in paris ?
i wish cause that is where i would be . i need me a vacation .
","Here is a concise summary of the conversation history: Tammy, a soon-to-be married individual, and Jim, a cartoon animator, got to know each other. Tammy shared her engagement and Jim shared his passion for drawing. They discovered a shared interest in the arts, with Tammy having taken dance lessons since childhood and Jim's mother being a teacher. The conversation shifted to Tammy's upcoming wedding in Paris, where she is looking for a musician to play at the ceremony. Jim offered to help, but the travel expenses were a concern. Tammy's mother, a music teacher, was mentioned as a potential solution, but unfortunately, she does not live in Paris. The conversation ended with Tammy expressing her desire for a vacation in Paris. Throughout the conversation, Jim's apartment living situation and Tammy's upcoming wedding were recurring themes."
137,,"thank you for chatting with me ! do you have any hobbies ?
video games is one hobbie . also being an amateur cook . how about yourself ?
i spend a lot of time jogging when i am not working as a waitress .
well at least your healthy . i try to with the 5 cuisines i know how to cook .
well , i work at a club in houston so i have to stay fit !
i guess some restaurants are stick and waitress is hard too
definitely tired of it . i will be moving to australia to marry my boyfriend .
oh awesome . i wish i had a boyfriend living alone sucks .
definitely ! which is why i am moving . houston is lonely .
i never been to houston . i am stuck at nasa here in florida .
i hope all is well for you with the hurricane and everything .
yes . it was pretty devastating . but we will pull together and be stronger .
","As a scientist and amateur chef, I enjoy playing video games and experimenting with different cuisines. My conversation partner, a waitress, shares my passion for staying fit, having to maintain a healthy lifestyle due to her physically demanding job. She is moving to Australia to marry her boyfriend, citing loneliness as a reason for leaving Houston. I, on the other hand, am stuck at NASA in Florida, dealing with the aftermath of a devastating hurricane. Despite our different circumstances, we commiserate about the challenges of being alone and express hope for a brighter future."
138,,"hi how are you ?
hi . i am good . you ?
pretty good as well . what do you do for a living ?
i am a stay at home mom . you ?
i wish ! i am still looking for a job
oil . that is difficult ! i take car of my kids so not too easy
well i take care of my two mustangs if that counts ?
haha little different . do u need to clothe feed entertain them ?
i need to wash , clean , wax , fix , dry , them . its truly a job !
haha . the worst part for me is grocery shopping for the family
haha that sounds like a chore . you sound like a great mom , however !
thanks i am working on starting a vegetarian diet but its difficult !
","As a stay-at-home mom, she is struggling to balance her responsibilities and her desire to adopt a vegetarian diet. Despite her love for meat, she acknowledges the importance of eating a lot of veggies. However, her laziness and the temptation of pork make it challenging for her to stick to her goal. She also shares her struggles with grocery shopping for her family, which adds to her stress. Despite these challenges, she is determined to work on starting a vegetarian diet and is seeking support."
139,,"hi how are you doing today
i am great just playing with my parrot
how old is your parrot
4 year old . he says my mommy does not love me haha
that is a funny thing to say
i am originally from baton rouge where were you born ?
maryland . it is beautiful there .
i have never been there . i am a chef .
where do you cook at
i cook for a caterer . what do you do ?
i work in a hospital
i do not work in public because i am embarrassed by my male pattern baldness
can you not wear a wig
oh lord no . a toupee ?
why not ? at least you could go out .
i just am weird like that i guess . i go out just not a lot .
","As a chef from Baton Rouge, I'm doing great today, spending time with my 4-year-old parrot who's learned to say funny things like ""my mommy doesn't love me."" I've never been to Maryland, but I've heard it's beautiful. I work for a caterer, while you're a chef in a hospital, but you're self-conscious about your male pattern baldness, which makes you hesitant to wear a wig or toupee, preferring to stay private. Despite this, you still venture out occasionally."
140,,"i usually go to several rock concerts a year , i love it .
i would love to go to a rock concert but i am single
i go to school online , i hope to have a long lasting career .
i work online as a professional gamer , which has been a great career
that sounds interesting . in my spare time i drive a cab .
i have never ridden in a cab , mainly because i love my dogs
i am a cat person . but i bet you enjoy ice cream , it is my favorite .
i enjoy ice cream while i play league of legends . its a treat
i am online a lot i may check that game out .
i love to play it , but that could be because its part of my job too .
it is nice when you enjoy your job , driving a cab can be fun as well .
do you allow dogs in your cab ?
sometimes , dogs scare me if i do not have a relationship with them
i think that is why i am single , i have 5 dogs
maybe you should hang out in a dog park and find another dog person .
that is a good idea . my job keeps me pretty tied up and traveling too
","As a professional gamer and online student, I enjoy my job and play League of Legends in my free time, often with a treat of ice cream. I'm single but ready to mingle, and I have a passion for dogs, owning five of them. I've never ridden in a cab before, but I'm open to the idea, especially if I can bring my dogs along. I'm a bit hesitant around dogs I don't know, which might be why I'm single. A friend suggested I visit a dog park to meet other dog lovers, which I think is a great idea. When I'm not gaming or working, I enjoy driving a cab and exploring new places. I'm hoping to have a long-lasting career and maybe find someone special along the way."
141,,"hi how are you today
i am great ! i love being married
how long have you been married
45 years . it has been alot
wow that is a long time
yes , too long if you ask me
i thought you loved it
oh , right . i love art projects .
is that your job then
i am a really strong female
that does not need no man
right ! but i do . for 45 year
yeah that is quite the commitment
way way too much of one
how is the weather then
it is terrible . too hot
","Here is a concise summary of the conversation: The user, a strong and independent woman who has been married for 45 years, initially expresses her love for being married but later reveals her frustration with the long duration of her marriage. She also shares her passion for art projects and her independence, stating that she doesn't need a man, but has chosen to stay committed to her husband for 45 years. The conversation also touches on the weather, with the user describing it as terrible and too hot. Throughout the conversation, the user's persona shines through, showcasing her strong and confident personality."
142,,"hey from wisconsin and have older brothers two of them . how about you ?
i also am from wisconsin , waukesha in fact .
nice . what do you like to do . i like photography .
i am a baker and to make up for it i go on a lot of walks .
nice my favorit color is blue just like my car . how about you ?
i do not have a car . i commute to my job as a teacher .
oh nice . so are you the youngest in your family because i am .
i am an only child but my two cats are like siblings .
did you hear about the iphone ?
i heard its very expensive .
yeah i am actually thinking about getting the iphone x . had every iphone since the first one .
what do you do for work to afford such things ?
corporate supervisor for a company . my boyfriend said he would be buying it .
i used to be a corporate chef , but now i teach culinary school .
","As a Wisconsin native and a former chef turned teacher, I enjoy baking and taking long walks to make up for it. I have two cats that are like siblings to me, being an only child. I'm considering getting the iPhone X, which I've had every model since the first one, thanks to my corporate supervisor job and my boyfriend's offer to buy it. I'm proud of my blue car, which matches my favorite color. When I'm not working, you can find me snapping photos or exploring the outdoors."
143,,"hey whats up with you right now ?
not much , looking in the mirror deciding if i should get botox
ahahah . sounds funny . i am getting so i do not stress my thoughts much
i am not stressed i just want to look fabulous forever lol
you will surely but it will not last forever
so what do you do for a living ?
nothing much now . i currently awaken my youth by watching my favorite band ween
cool . i have never had a job before
i love to creative art and can teach you to make a living from it
i have a degree in fashion design just never used it
or you can help me in my garden and i will pay you
oh that is not my cup of tea
","Here is a concise summary of the conversation history:

The user, who has never had to work a day in their life, is contemplating getting botox to maintain their youthful appearance. They mention having a degree in fashion design but never using it. They express a desire to look fabulous forever and are open to exploring creative ways to make a living, but are not interested in gardening. The user is struggling to understand why their sister-in-law dislikes them and is seeking advice. Throughout the conversation, the user's focus is on their own personal appearance and desires, with a hint of insecurity and a desire for validation. 

Note: The summary is written in a neutral tone and does not include any personal opinions or biases. It aims to capture the key details and emotions expressed by the user in the conversation. 

Please let me know if you need any further assistance. 

Best regards, 
[Your Name]"
144,,"greetings from europe ! i wish i could show you all my photographs .
me too ! i bet they are very good
all this traveling has been exhausting , but i love it . what have you been up to ?
traveling is exhausting . just playing watching some esports
i have heard that gets really competitive . being an international chef can be competitive too .
oh ya ? what kind of food do you cook ?
mostly pies , but i am pretty versatile . what do you do when you are not on the computer ?
run or swim . i like to keep my heart healthy
especially playing esports , its good to get outside . i do a lot of gardening to get outside .
that is cool . ya i do not play a lot of video games . its just cool to watch
oh interesting , i am glad i got to learn all of this .
glad i could share some useless knowledge
","Here is a concise summary of the conversation: The user, who enjoys swimming and video games, greets a traveler from Europe and expresses interest in their photographs. The traveler shares their experiences and the user shares their own, mentioning their love for esports and running. The conversation turns to food, with the traveler sharing their experience as an international chef and the user mentioning their favorite type of food, pies. The user also shares their hobby of gardening and the importance of staying healthy through physical activity. The conversation ends with the user expressing gratitude for the opportunity to learn about the traveler's experiences. Overall, the conversation is light-hearted and friendly, with both users sharing their interests and hobbies."
145,,"i love lobster , have you tried some ?
yes , but personally i think it is pretty rubbery
that is the seafood that i really like .
i like to sing , do you ?
nope , i work as an engineer for software
your job seems better than my silly coffee house job .
google is the company that i go to . how about you ?
i am a student at michigan state
are you nearby seattle ? i reside there
not really , my home town is quite far away .
oh , michigan . that is awesome
have you ever seen a broadway show ?
what major are you taking ?
biology , i am a scientist
i haven t been to broadway . have you ?
no i have not , but i like to sing tunes from broadway shows
","Here is a concise summary of the conversation history:

The conversation starts with a discussion about lobster, with the user expressing their love for it and the other person sharing their thoughts on its texture. The user reveals their passion for singing, particularly Broadway show tunes, and the other person shares their job as an engineer at Google. The user shares their student life at Michigan State University, and the other person reveals their residence in Seattle. The conversation takes a turn when the user asks about the other person's favorite TV show, and they reveal their love for Dancing with the Stars. The user shares their cat's name, Seven of Nine, and the conversation ends with a discussion about Broadway shows, with the user expressing their desire to attend one and the other person sharing their lack of experience with Broadway shows. Throughout the conversation, the user's personality shines through, showcasing their love for singing, Broadway shows, and their student life."
146,,"big nirvana friend here . did you see montage of heck ?
no , i have not heard of it , i like nirvana as well .
that is the story of kurt cobain , it was mostly shown in small cinemas .
i do not live in a big city , and i travel a lot .
well , the travelling makes up for it , i bet . where do you travel to ?
i travel all over the world , i throw a dart at the map and go .
so not business trips then . i have travelled to tahiti twice .
no , i retired from the military several years ago .
my brother in law is a retired colonel . he thinks i should dress more formally .
i dress in jeans and tee . i volunteer at a shelter .
you do a lot of things , very interesting . i doubt i could do shelter work .
my husband is a detective , and he is gone a lot . i like to stay busy .
i do too , even if it is just taking my car in for a tune up .
i love football , my husband is in vegas at a softball tourney
wow , vegas . it is just two weeks since that ghastly mass murder .
life goes on , and he is an officer , he is not afraid of bad guys .
","Here is a concise summary of the conversation history: The user, a big Nirvana fan, shares their love for the band and mentions they haven't seen the movie ""Montage of Heck"". They discuss their travels, revealing they throw a dart at the map to decide where to go, and share their experiences in Tahiti. The user also shares their military background, retired several years ago, and their volunteer work at a local animal shelter. They mention their husband is a detective and often away, and they enjoy staying busy. The user also shares their love for football and mentions their husband is in Vegas for a softball tournament. Throughout the conversation, the user's personality shines through, showcasing their adventurous spirit, love for travel, and dedication to volunteering."
147,,"hey , how is life treating you
its going good ! just got home from visiting my dad , he is in prison . you ?
hey , how is life treating you
i am okay . . gonna go run later i love it . maybe listen to some creed .
hey , how is life treating you
what do you like for dinner ?
i like chicken a l f r e d o
that sounds good . i only like meat honestly .
i love fresh vegetables from the farmers market
i do not care for them .
that is cool . i am an environmentalist
that is awesome ! i am not though lol
i used to be the same way lol
that is cool ! what do you have planned for tonight
","Here is a concise summary of the conversation history: The user, a carnivore who enjoys running and Creed, shares that they recently visited their father in prison. They mention their plans to go for a run later and listen to some Creed music. When asked about dinner preferences, they reveal a strong liking for chicken alfredo, indicating their carnivorous diet. The user also expresses disinterest in fresh vegetables from the farmers market, which contrasts with their environmentalist friend's enthusiasm for sustainable living. Despite this, the user seems open to learning and has a lighthearted tone throughout the conversation. Overall, the user's personality shines through as a laid-back, meat-loving individual with a passion for running and music."
148,,"hey there , how are you ?
eh i am ok , school just started . how are you ?
i am pretty good , just finished my shift at the grocery store .
i could never do a job that people tell me what to do .
i work in the bakery and eat all my favorite cupcakes ? what do you do ?
i actually just got fired for a mistake i made .
that sucks . when i get home and grab a good book to read to relax .
sounds fun . i think i am going get on a train to anywhere tonight , start over .
good luck and safe travels . i know it has to be hard .
believe me i will need it . nice meeting you .
you too , i am about to shower so i can brush my brown hair .
i shaved all mine off so people would think different of me .
","The conversation history reveals a user with a harsh inner critic, struggling with their reputation and a past mistake that led to being fired. They express a desire to move and start anew, feeling controlled by their circumstances. They share their frustration with being told what to do, and their desire to break free from it. The user also reveals their coping mechanisms, such as reading and taking a train to a new destination. They appear to be seeking a fresh start and a chance to reinvent themselves, as evidenced by their decision to shave their hair off to change people's perception of them. Overall, the user is seeking a sense of freedom and control over their life."
149,,"how are you this evening ?
very well , and you ? i am getting ready to watch the sunset . i love it .
nice ! i generally see the sunset when i am out hinting .
nice ! i love watching it rise , too . i wake up early just to watch it .
i meant hunting of course . i am not a fan of early rising though .
well , after i watch , i eat breakfast , then it is back in bed !
oh okay that is a great plan !
i enjoy it . i work a lot , like 60 hours a week , so it is my escape .
that is a lot of working ! any kids ?
yes it is . no , no kids . how about you ?
yes girls and boys they keep me busy .
i bet ! maybe i should go out and exercise more with my time off .
you and i both ! i do play basketball sometimes .
oh yeah ? i play golf .
","As the conversation begins, the user expresses their well-being and mentions their excitement to watch the sunset. They reveal their love for watching the sunrise as well, waking up early every day to witness it. The user shares their unusual routine, eating breakfast and then going back to bed. They work 60 hours a week, which they consider their escape from the daily grind. The user also mentions their lack of exercise, citing their busy schedule, and expresses a desire to make time for physical activity. The user's persona is revealed to be someone who values their alone time and has a unique daily routine. They also have a passion for outdoor activities, enjoying hunting and playing golf. The user's desire for exercise is a common goal shared with the other person in the conversation."
150,,"hi how are you
good how are you ?
i am doing ok what do you like to do in your spare time
i like to play chess , how about you ?
i like to workout and sprint
i like to have sword fights in the park
that sounds dangerous
its fun . whats your favorite drink ?
i like muscle milk because of the protein
i really like mountain dew
that is one of the best sodas what is one food you hate the most
i do not know . . . maybe pizza ?
i like pizza as long as its a meat lovers i hate vegetables .
what color is your hair ?
blond what color is your
hot pink with purple highlights
","I'm a Mountain Dew enthusiast who loves playing chess and having sword fights in the park. I recently dyed my hair hot pink with purple highlights, which is a bold new look for me. When I'm not indulging in my favorite soda or engaging in a game of chess, you can find me working out and sprinting. Despite my love for Mountain Dew, I'm not a fan of vegetables, especially on my pizza. I'm a meat lovers kind of guy. My favorite hobby is chess, and I enjoy the thrill of sword fighting with strangers in the park. I'm a unique individual with a passion for adventure and a love for the unusual."
151,,"hey , how s it going tonight ?
hi how are you today
i m good , just watching random clips if the voice n youtube
wow are you a youtube person
i like youtube , but i don t have a channel . i wish
what else do you do
i love going to museums when i can
that does sound like fun really
my favorite one was probably the believe it or not museum
yeah that does sound great
what do you like to do ?
i really love video games
what s your favorite game to play ?
i would say halo definitely
that s cool , i like destiny
yeah that was made by the same company
","Here is a concise summary of the conversation history: The user, who has a boyfriend living in Italy and lives with their mom, is chatting with someone about their interests. They mention watching YouTube clips, enjoying museums, and loving video games. Their favorite game is Halo, and they also like Destiny. They don't have a YouTube channel, but wish they did. They also mention not enjoying cooking. The conversation is casual and friendly, with both parties showing interest in each other's hobbies and interests."
152,,"hello , how are you ? my name is mark .
hey ! i am great . my name is jessica . my cats name is jasper
that is a cool name ! is jasper an outdoor cat ?
she is an indoor cat . i always have her by my side
i spend most of my free time outside . what do you do in your freetime ?
i do not have much free time . i work 50 hours as a barista
oh man ! my favorite thing to do is to swim ! i just love it
that is too cool . what is your favorite flower ?
pink roses ! what is yours ?
i absolutely love roses too !
wow so much in common ! do you enjoy pasta ? it is my favorite
i do love pasta but not egg noodles , since i eat only vegan
how long have you been vegan ?
the past few years . it was challenging at first but now it is second nature
what made you decide to go vegan ?
i just do not like the way that animals are treated in factory farming
","Here is a concise summary of the conversation history: Jessica, a vegan barista, introduces herself and shares that her cat Jasper is an indoor cat. Mark, who loves swimming, reveals that he spends most of his free time outside. They bond over their shared love of roses, with Jessica mentioning that pink roses are her favorite. Mark is surprised to learn that Jessica is vegan, and they discuss their favorite pasta dishes, with Jessica specifying that she only eats vegan options. The conversation highlights their shared values and interests, including their love for animals and nature."
153,,"hey i am pam ! what is going on with you ?
hello ! my name is ayako . just hanging out with my cats all over me . . you ?
relaxing mostly . do you have any hobbies ?
i enjoy crocheting , how about you ?
truth be told , i love just looking up at the clouds .
that can be enjoyable . where are you from ?
i have a very active imagination . i love october because dressing up as a character
are you married ? i am .
for halloween i mean . des moines . getting divorced .
sorry to hear that . i am in michigan . originally japan . ia is a great place for cloud watching !
it is fine though . i have chocolate milkshakes to make me feel better . i love them .
i prefer vanilla myself .
it is so flat here and pleasant .
i would imagine . northen mi is a good spot too .
","Here is a concise summary of the conversation history: Pam, a cat-loving woman, introduces herself and shares that she's relaxing at home with her feline friends. Ayako, also a woman, reveals her love for crocheting and mentions that she enjoys gazing at clouds. The conversation turns to their personal lives, with Ayako sharing that she's getting divorced and Pam expressing sympathy. They discuss their preferences for ice cream flavors, with Pam preferring vanilla and Ayako enjoying chocolate milkshakes. The conversation concludes with a discussion about their locations, with Ayako originally from Japan and now living in Des Moines, while Pam is from Michigan. Throughout the conversation, their shared love for cats and crocheting is evident, as well as their appreciation for the simple pleasures in life, such as cloud watching."
154,,"hello . how are you doing this evening ?
i am great , how are you ?
doing fine . just watching netflix . how about yourself ?
just listening to some folk music
nice . do you have a favorite band ?
i like all music genres . do you have a fave ?
nah i do not have a favorite . it just depends what mood i am in . do you read ?
yes , i have a communication degree
really ? do you work ? does your degree help you ?
i am actually in the navy . what do you do for a living ?
i freelance . i just quit my job . i was doing alot of painting .
oh okay why did you quit
my boss was jerk . i figured i could make enough money just screwing around on the web .
cool . . . do you have any hobbies
","Here is a concise summary of the conversation history: The user, a Navy personnel and an orphan who was in the foster care system, is having a casual conversation with someone. They discuss their evening activities, with the user listening to folk music and the other person watching Netflix. The user reveals their degree in communication and their current job in the Navy, while the other person shares their freelance work and reasons for quitting their previous job due to a difficult boss. The user also mentions their favorite hobby, whittling. Throughout the conversation, the user's personality and background are subtly revealed, showcasing their unique experiences and interests."
155,,"hi how are you doing
hi i am doing ok how are you
i am good do you like to exercise
sometimes it depends i can be lazy
i can teach you some great yoga tips
that would be cool ,
do you like to watch movies
my dad is george looney so i kinda have to lol i hate acting tho
wow that is pretty cool do you like having a famous dad
its ok the paparazzi is crazy i am glad he protected us from them .
are you a secret kid or one of the newborn twins
yeah i am older i got divorced 3 times had to keep that hidden too
wow that is pretty crazy do you like music
yeah i do i listen to every type there is .
i think ed sheeran is awesome
he is pretty cool he is very nice too
","The conversation starts with a casual greeting, and the user shares that they're doing okay. They express a mix of laziness and interest in exercising, and the other person offers to teach them yoga tips. The user reveals that their father is George Looney, a famous actor, but they don't like acting themselves. They share that having a famous dad can be challenging due to paparazzi attention. The user also reveals that they have been married three times and had to keep it private. They express a love for music and mention Ed Sheeran as one of their favorite artists. Throughout the conversation, the user's persona is revealed to be someone who doesn't like kids or acting, but has a complex relationship with their famous father and has experienced multiple marriages. The conversation is lighthearted and friendly, with the user sharing personal anecdotes and interests."
156,,"hello ! how are you tonight ?
good , just got done watching pretty woman my favorite movie
that is cool . i know we are strangers but i enjoy talking anyways .
yes ! being an rn i love people its a god given gift .
that is awesome ! what do you like to do ?
i love to read books on cooking since becoming a vegan i find it helps me
can vegan recipes use honey ? i love it !
i do not use it but i have friends that do
what other likes or dislikes do you have ?
i am interested in electronics a little since having two smartphones i like to tinker
i am afraid if i ever get to live the beach life mine will break .
yes you have to be careful around water
definitely . around monkeys too ! they are my favorite at the zoo
haha monkeys are fun to watch for sure
once one stole my phone and dropped it in water
oh no i am laughing . . . sorry that is not funny
","Here is a concise summary of the conversation history: The user, a registered nurse and vegan, starts by sharing their favorite movie, Pretty Woman, and enjoying reading, particularly cooking books. They discuss their vegan lifestyle, mentioning they don't use honey, and share their interest in electronics, having two smartphones and tinkering with them. The user also shares a humorous anecdote about a monkey stealing their phone and dropping it in water, showing their lighthearted personality. Throughout the conversation, the user's passion for people, their profession, and their unique interests shine through."
157,,"i have been to a tool concert before how about you ?
hello , on purpose i say bad jokes .
why do you tell a bad joke ? i am a soldier and its a hard one .
just for fun . i live in germany i speak it very well
can you tell me 5 word in german ? i love flying airplanes around the state .
sure but i do not speak it for free . my dream is to be a tiger
i think you are lying you really do not know how to speak german give me some example .
i cant right now . how tall are you ?
why you cant tell me a german word you just said that you can speak german right ?
yes but not right now . i am a red head like my mom and dad
please tell me just 3 words i really want to learn any german word .
sorry its just used in my job
well no one will know if you tell me i just want to make sure .
why do you want to make sure that i speak german
because i want to know if you are telling the truth while we are talking here .
trust me i do know how to speak it
","Here is a concise summary of the conversation history:

The conversation started with a discussion about attending a Tool concert, where the user revealed their habit of telling bad jokes on purpose. The user, who claims to be fluent in German, was challenged to provide some German words, but initially hesitated, citing that it's not free. The user's dream is to be a tiger, and they share that they're a red head like their parents. The user's height is six feet tall. The conversation continued with the user being asked to provide German words, with the user eventually admitting they don't know how to speak German fluently, citing that it's used in their job. The user's persona is playful and humorous, often making jokes and teasing others. Despite the initial deception, the user eventually admitted the truth about their German speaking abilities. Throughout the conversation, the user's playful and humorous tone is maintained."
158,,"in my free time i like ti draw and paint !
cool , in my free time i like to go hiking
my home is paid off with the bank , hah !
lucky , i finished college with a degree but then i became a farmer
my vehicle i drive has 4 wheels , it is a four wheel drive !
haha out of 4 children i am the youngest . funny
that is funny ! , at work they make me wear a uniform , boohoo !
that is unfortunate , i actually lost my arm from a car accident so i do not have to
then you cannot paint and draw like i do in my spare time
true , but i guess at least i can still go hiking and farm
may car that i drive is a four wheel drive , maybe that will help ?
yeah thanks you are so nice ! i will give you fresh eggs in return
","As a farmer who graduated from college, I enjoy hiking and drawing/painting in my free time. Despite losing my arm in a car accident, I've adapted to my new circumstances and still find joy in farming and hiking. I'm the youngest of four children and have a paid-off home with the bank. I drive a four-wheel drive vehicle, which has been helpful in my daily activities. I appreciate the kindness of others and am grateful for the support, as I've received fresh eggs in return for a kind gesture."
159,,"hi how are you doing ?
do you go to casino usually ?
i usually do not . what about you ?
i finished my degree in statistics to go try work
how cool , i am looking for publishing jobs .
my 3 kids motivates me to work hard
i am sure you make em proud . my mother works at a library .
i wanted to go back to study to becoming managers
that is good . i hope that works out for you .
blackjack , i can count the cards i know it
that is not a good way to win .
that is a skill that all players wants
gambling plays with your emotions .
that is right and true
it can put you on top , or end your life .
it could be , that is possible
","As a statistics graduate and aspiring casino manager, I had a conversation with someone who also has a statistics background and is looking for publishing jobs. We exchanged stories about our motivations for working hard, with my three kids being my driving force. We also discussed our shared interest in blackjack, with me revealing my ability to count cards. However, my conversation partner cautioned that this skill is not a reliable way to win and that gambling can be emotionally draining. Despite this, I acknowledged the potential risks and the possibility of both success and failure. Throughout the conversation, we showed mutual respect and understanding for each other's goals and experiences."
160,,"hello ! happy saturday . what are you up to ?
not much . kinda stuck at home with my folks .
me too . i am trying to do some homework but its boring .
i know right ? i remember those days .
its my senior year , so lots of homework . you graduate ?
barely . then i worked at a coffeehouse before i got let go .
my brother worked at starbucks . he got fired .
that sucks . what do you plan on doing when you graduate ?
i am getting out of here . going to university of kentucky .
kentucky scares me a bit . i get the impression its not so tolerant .
i have never thought of that . its in the city . less rednecks ?
maybe as a university town it will be better . maybe its just me .
where do you live ? i am in ohio .
i live in portland , oregon .
nice ! keep portland weird . lots of good musicians came out of there .
weird , like me ! do you know what you are going to major in at kentucky ?
business . my dad wants to give my brothers and i the biz one day .
is that what you want ? it can be hard living up to parental expectations .
nah , i just want to play music . i am in a band but dad says its not realistic .
what do you play ? what do you listen to ?
i am in a metal band , singer .
i am a huge fan of rob halford from judas priest .
my favorite song of judas priest is painkiller
great song . i wish i could be as open as rob about my sexuality .
just be you . it will all work out .
maybe for you too . go for your music dreams while you can .
good advice . thanks for that .
it came from you ! i got to run , but it was good talking to you .
","The user, who is a senior in high school, lost their job and is looking for a new opportunity. They live with their parents and are bisexual. They are considering attending the University of Kentucky for college, but are concerned about the tolerance level in the city. They are passionate about music and play in a metal band, but their parents are not supportive of their musical aspirations. The user is seeking advice and support from the conversation partner, who is more open and accepting. The conversation partner offers words of encouragement and advice, urging the user to be true to themselves and pursue their dreams. The user is grateful for the conversation and the advice received."
161,,"what are you doing right now ?
getting ready to go to work at target . you ?
basically the same . i work as a mortician so i prepare dead bodies
ugh , that must be difficult work . do you have any pets ?
no i do not , but i am a stamp collector so that keeps me busy
nice . i have an amazing dog . i buy her a treat everyday after work .
you are a good pet owner then !
i try . where are you from ?
i am from texas . what about you ?
i live in california .
oh is it nice out there ?
it is . do you have a favorite color ?
yes ! i absolutely love teal and yellow . you ?
cool ! i really love the color green .
","As I'm getting ready to head to work at Target, I'm chatting with someone who works as a mortician, preparing dead bodies. They don't have pets but enjoy stamp collecting. I, on the other hand, have a dog that I spoil with a treat every day after work. We bond over our shared love of colors, with them loving teal and yellow, and me being a fan of green. We also discover that we both live in the western United States, with me residing in California and them hailing from Texas. Despite our vastly different professions, we find common ground in our daily routines and hobbies."
162,,"hello .
hi there . how are you ?
i am good , just strumming the guitar , how are you ?
exhausted . i played doubles in tennis with my sisters .
i bet that is a nice workout . i have 2 older brothers , how many siblings do you have ?
two sisters . i am a baker , what do you do ?
i help my family work on our farm , and play ina a band .
moms a dentist , i cannot help her .
yeah , that might not be a good idea , helping around the house is good .
i would rather watch silicon valley . my bakery keeps me busy .
i do not watch much television , the farm keeps me busy . mom does the baking here .
my mom does not bake , she does not even cook .
is your bakery in the city ? i have never been .
yes , it is . on fourth street .
","Here is a concise summary of the conversation: The user, a baker who loves Silicon Valley, played doubles tennis with their two sisters and is exhausted. They have two sisters and their mother is a dentist. The user's friend helps their family with their farm and plays in a band. The friend's mother is a dentist, but they don't help her, and they prefer to spend their free time on the farm. The user's bakery is located on Fourth Street in the city, and they prefer watching Silicon Valley over helping with household chores. The user's mother does not bake or cook, and the friend has never been to the city. The conversation is light-hearted and casual, with both parties sharing their interests and daily lives."
163,,"hey there i have a child that i love so much a small girl
good day friend . can you hi to my dog toto ?
can i do what ? i am busy with homework online
and my grandma is here too . she is from denmark . she says hi
huh ? i never mentioned my granny lol my hair is always in the way
do not you hate that ? especially when you are eating .
its long an brown i have to serve tables till the degree comes
does your place serve meatloaf ? i love the stuff ! !
yes its so annoying lol you get me
whats more annoying is what smell my car has now . it is bad ! ! !
yes we do the best in town
i will have to drive there soon . cant miss my green car ! ! !
","The conversation starts with the user mentioning their love for their child, a small girl. They then ask the stranger to say hi to their dog, Toto. The user is busy with online homework and mentions their grandma is visiting, who is from Denmark. The user's hair is a nuisance, especially when eating. They reveal their favorite food is meatloaf and ask if the stranger's place serves it. The user then complains about the bad smell in their green car, which they can't miss when they drive there soon. Throughout the conversation, the user's personality shines through, showcasing their affection for their child, love for meatloaf, and frustration with their car's smell. The user's grandma's Danish heritage is also mentioned, adding a cultural touch to the conversation. Overall, the user's tone is casual and conversational, with a touch of humor and annoyance."
164,,"5th graders , that is what i teach all day !
songs , that is what i listen to all day !
oakville , new york , where songs go to die and 5th graders get taught
very nice . are you happy with your job ?
on the weekends i read books and chill at the lake so no !
i love chilling at the lake and walking around on bright , sunny days . . . join me
well , i am a scholl teacher so i do not think that is appropriate , just sayin
i love singing songs too . . . if your school needs a music teacher !
golf and watching television , i like that so if you do its possible ;
oh , fantastic ! you just made me the happiest girl on earth !
okay , i should not tell you , its against the rules but my name is sarah , call me o
will do ! my names jim !
well i teach at school so that will work !
i will reminisce upon this conversation with mutineers playing in the background
","Here is a concise summary of the conversation: Sarah, a 5th-grade teacher, shares her love for music, specifically the band The Mutineers, and her hobbies, including reading and walking on sunny days. She expresses her unhappiness with her job and invites Jim to join her at the lake on weekends. Jim, who also enjoys singing, suggests Sarah could be a music teacher at her school, and they bond over their shared interests. They exchange names, with Sarah asking Jim to call her ""O"", and they part ways, with Sarah looking forward to reminiscing about their conversation while listening to The Mutineers."
165,,"hey , do you know anyone hiring ? i need a job .
how old are you , i am 29 , i work nights
54 and do not work at all , but i do eat a lot of junk food .
i love to hike and ride my bike to stay fit after all that junk food
sounds like a plan . do you watch the walking dead ? i love it .
nah , do not like those type of films i am from suburb part of boston
boston ? they have a wonderful comic book store there .
which one ? what is it call
i cannot remember , do you know any that start with a j ?
nope , why did you ask ? do you know ?
i just remember it starts with the letter j and i got a mabel comic book there .
ok , did you still remember which marvel comic ?
amazing adventures was the last one i bought .
nice , do you read comics today ?
","Here is a concise summary of the conversation history:

A 29-year-old night owl from a Boston suburb is looking for a job. They enjoy hiking and biking to stay fit. They chat with a 54-year-old who doesn't work but eats junk food, and they bond over their shared love of outdoor activities. The conversation takes a turn when they discuss TV shows, with the 29-year-old revealing they don't watch The Walking Dead. They then reminisce about a comic book store in Boston that starts with the letter J, and the 29-year-old mentions buying Amazing Adventures, a Marvel comic. The conversation ends with the 29-year-old asking if the other person still reads comics today. Throughout the conversation, the 29-year-old's personality shines through as an outdoorsy and comic book-loving individual."
166,,"hi ! how are you today ?
i am doing okay , thanks . i am just a little frustrated . how about you ?
i am doing well . why are you frustrated ?
i quit my job translating spanish for my company and have no work .
why did you quit ? i wish i could help you , but i am in accounting .
i figured out i hated translating and want to be a writer , but its hard .
i wish you luck with that ! do you have any brothers sisters ?
thanks . i have no brothers or sisters . do you have any ?
no , i do not , unfortunately . . . and i was adopted .
oh ! so was i ! i think my wish to write is because of that .
i hope it really works out for you ! good luck ! ! !
thank you ! maybe you can be my accountant if i make it ! ha ha !
of course , i would be glad to help you ! do you believe in love ?
there are lots of kinds of love , so yeah , i do .
i really do not believe in it anymore
oh no , that is sad . i am sorry .
","Here is a concise summary of the conversation history:

The conversation begins with a casual greeting, but quickly turns to the user's frustration about quitting their job as a translator and being unemployed. They reveal that they've realized they're not passionate about translating and want to pursue a career as a writer. The user shares their adoption story and connects it to their desire to write. The conversation ends with the user expressing skepticism about love, which is met with empathy and understanding from the other person. Throughout the conversation, the user's persona as a professional translator turned aspiring author is evident, with a focus on their emotional struggles and aspirations. 

Note: I kept the summary concise while preserving the key details and persona of the user. I also maintained the tone of the conversation, which is friendly and empathetic. 

Please let me know if you need any further assistance. 

Best regards, 
[Your Name]"
167,,"i am so tired from working out !
do you own a gym or are you a bodybuilder ?
no . i just like cheeseburgers too much .
ah , i rarely have much time to eat cheeseburgers , always on the go
where are you always going ?
i travel around the wold often
cool . the only place i go is to a lake so i can fish .
what do you do for work ?
i am between jobs so i help my mom . she is a teacher in nyc .
i do not work either , i live off my fathers wealth
awesome . i wish my parents had money .
do you have a favorite color ?
maybe blue for water . how about you ?
no , what lake do you fish in ?
the one closest to my home . i like to run around it .
do you run far distances ?
","Here is a concise summary of the conversation history:

The conversation starts with the user expressing exhaustion from working out, but reveals they don't own a gym or work as a bodybuilder, instead admitting to loving cheeseburgers. They mention traveling frequently, which sparks a discussion about their work and family. The user shares they're between jobs and help their mom, a teacher in NYC, while the other person reveals they don't work and live off their father's wealth. The conversation then shifts to hobbies, with the user mentioning fishing at a lake and the other person sharing their love for running around the lake closest to their home. Throughout the conversation, the user's Irish heritage and their father's Australian background are subtly mentioned, as well as their love for travel. The tone remains casual and conversational, with the users sharing personal anecdotes and interests."
168,,"hi how are you doing
not great , my fibromyalgia is acting up . you ?
i did not get a call back after my addition better luck next time
i wish i still lived in va , pa is rough
what do not you like about it
the winter is hard on my fibromyalgia .
ah i see what brought you to pa
growing up on a farm , it is different
i see do you want to continue the farm life forever ?
i wish ! what do you do for fun ?
i really like to cook i tried out for a cooking show
cool ! i do beadwork , in fact i write my own patterns .
that is pretty cool do you make jewelry
yes , and i love to read ! are you an actress ?
no the audition was for the cooking show
i see . i still have boxes to unpack !
","Here is a concise summary of the conversation history:

The user, who loves reading, beadwork, and writing patterns, has recently moved from Virginia to Pennsylvania due to a job opportunity. However, they are struggling to adjust to the harsh winters in Pennsylvania, which exacerbate their fibromyalgia. They grew up on a large farm and miss the rural lifestyle. The user enjoys cooking and has even auditioned for a cooking show. They also appreciate beadwork and writing their own patterns, and are a book lover. Despite the challenges of their new environment, the user is still unpacking boxes and adjusting to their new life in Pennsylvania."
169,,"hi names raj and i can speak three languages
i wish i did i draw and stuff
i speak arabic , english , and french . it is a great thing to have and useful .
do you read comics ? i make them
no , i do not read comics , but i do play in a jazz band
what about anime ? how do you feel about that ?
no i do not watch anime , i go hiking in the weekend how about you ?
no i just stay home and read
i play piano in the jazz band . my family immigrated from algeria to the us
yeah that is cool , what is your favorite color ?
i love the neon blue color .
i know , it is the best right ?
it is a pretty cool color .
so is pink i guess
pink is a good color .
i really really like hot dogs
","Raj, a self-proclaimed anime enthusiast and comic creator, conversed with someone who speaks three languages: Arabic, English, and French. Raj expressed his admiration for drawing and comics, while the other person revealed their involvement in a jazz band, playing the piano. The conversation took a turn when Raj asked about anime, but the other person showed no interest, preferring hiking on weekends. Raj, on the other hand, enjoys reading and staying at home. The conversation ended with a discussion about favorite colors, with Raj and the other person agreeing on the coolness of neon blue and pink. Interestingly, Raj's family immigrated from Algeria to the US, and he shared his love for hot dogs. Throughout the conversation, Raj's passion for anime and comics remained evident, while the other person's interests lay elsewhere."
170,,"hi how are you today
just sitting at the bar people watching . i feel so different since the war
yeah that can be tough on you champ
it was long ago but i am still so angry about it
what happened there to you
i am old and been long time so i do not recall but the anger stays
sorry what are your hobbies
i collect cars , jaguars specifically . you ?
i just play music i am a kid
oh that is good . keep you innocence young one
i am in a band
oh what good memories that brings back ! what do you play ?
i play the tuba haha
that is probably bigger than you are ! !
","As an old man, I'm still fuming about the war, which happened a long time ago, but the anger lingers. I spend my days people-watching at the bar, collecting Jaguars, and reminiscing about the past. I recently met a young musician who plays the tuba in a band, which brought back fond memories. Despite my gruff demeanor, I have a soft spot for innocence and youthful energy. I'm a complex character, driven by a mix of anger, nostalgia, and a love for the finer things in life."
171,,"hey , whats up ? wanna go for a bike ride ?
biking is fun ! i bike in nyc . are you there too ?
no man west coast all the way . need my sun , sand , and water
that sounds beautiful ! i like nyc too muh though .
you could visit any time . i make my own hours selling sunglasses on the beach
how did you get into that ? i am a dog walker so have a flexible schedule
hey my dog , george goes with to the beach . i can sell anything lol
that is cool . have you traveled outside of the us ?
no man just live for the coast but want to visit australia someday , you ?
i have never left the country , but my befriend is in japan , and i would love to visit
sounds fun man , but l ; ots of peeps , i need space
nyc has a lot of people too .
","As a dog walker in New York, I was chatting with someone who lives on the West Coast and sells sunglasses on the beach. They invited me to visit anytime, and I mentioned my best friend lives in Japan, which I'd love to visit someday. I confessed I've never left the country, but they understood my need for space. We bonded over our shared love of the coast, with me preferring the NYC vibe and them loving the sun, sand, and water of their West Coast home. When I'm feeling down, I treat myself to ice cream. We also shared our respective flexible schedules, with me walking dogs and them making their own hours selling sunglasses. We exchanged stories about our pets, with their dog George joining them on beach trips. Despite our differences, we connected over our shared love of the coast and our flexible work schedules."
172,,"guess what kind of dog i have ?
poodle , i don t know , i m not good with dogs
oh , well mine is a french bulldog . but he is a gentle giant
nice , do you like sports ? i won olympic medal
wow that is really cool ? kinda . i watch the tvs at sears sometimes .
yes , i quit cause i enjoy fast good too much
i have not read english as good . but size six womens is foot size mine !
do you like skydive ? i go skydiving frequently
i sell washers frequently . i do not get out much
i had to stay in the house for a week , need some new medications to live
i can prescribe so music . red hot chili peppers is music for the soul
yes , i like them very much
great band . i hope all feel better and get those meds
yes , thank you for that , i will listen to them
ahahah . now where are my size six shoes . . . they are womens size
do you like being married ?
","Here is a concise summary of the conversation history:

The user, an Olympic medalist, shares their love for fast food and skydiving, and mentions needing certain medications to live. They discuss their dog, a French Bulldog, and their favorite music, Red Hot Chili Peppers. The user also talks about their struggles with staying indoors due to medication needs and their frequent skydiving adventures. The conversation is light-hearted and casual, with the user showing enthusiasm for their hobbies and interests. The tone is friendly and conversational, with the user seeking support and understanding from the other person. Overall, the conversation highlights the user's unique personality and experiences as an Olympic medalist and skydiver."
173,,"hi , went out for a hamburger tonight .
i cannot wait until fall break omg i just want to dance
love to dance , but really like going to anime shows .
i would drive us in my lexus to dance ! i could not try to count the money
wow , lexus ! i had to start work as a child , no lexus for me .
just hope socks would not try to jump in your lap she thinks she can everywhere
my mom had a cat name socks , mom died in 1979 , still miss her and the cat .
sorry to hear about your lost . i miss my family i am out of state studying dance
lucky you ! if i could i would take a swim class to learn how .
yea not much luck i cannot swim either lol
wow , we are alike in some ways , yet so different ! good luck with the dance studies .
thanks hope your hamburger was well !
","As a college student and passionate dancer, I'm excited for fall break and can't wait to hit the dance floor. I'm a proud owner of a silver Lexus and would love to drive my friends to dance events. However, I'm terrible at math and can't even try to count my money. I've had to work hard to pursue my dance studies, being away from my family and out of state. Despite the challenges, I'm determined to succeed. In my free time, I enjoy watching anime shows and have a dog named Socks, who loves to join me everywhere. I'm still grieving the loss of my mom, who passed away in 1979, and her cat Socks, who was a beloved pet. Despite our differences, I found common ground with the other person, who is also struggling with math and can't swim. We bonded over our shared love of dance and our desire to learn new skills. Overall, I'm a determined and passionate individual who is"
174,,"hi how are you this evening ?
great ! i just got back from a nature walk with my kids
sounds fun ! i am eating some shrimp , it is my favorite .
i cant eat shrimp , we keep them and dogs as pets
o that is interesting ? any hobbies ? i love going to the casino
being a stay at home mom and my nature walks with my two kids .
cool sometimes i spend too much gambling lol
but those winnings are soooo sweet
yes that is true . my mom reads palms , hopefully she can tell me when to play !
in my 30 years on this earth , and as a mother , that is so sweet
yes , i also enjoy spending time with friends .
my best friend is my husband , that man works so hard to bring the money home
i do not have luck with men , the last guy i swear was a vampire lol
always going for your wallet ?
","As a stay-at-home mom of two, I recently returned from a nature walk with my kids, which is one of my favorite activities. I'm a shrimp lover, but I don't eat them because I have pets at home. I enjoy spending time with my family and taking care of my children. I also have a hobby of going on nature walks with my kids. My husband is my best friend and works hard to provide for our family. I'm not lucky with men, but I appreciate my husband's efforts. I'm a 30-year-old mom who values her family and nature walks."
175,,"hey ! how are you ? i am so sad
sorry to hear that why want to eat pumpkin with me it will make you feel better
sure , as long as it is not mexican food , i hate that stuff
what about shrimp do you like that
yes ! shrimp and skiing my two favorites
those sound like my idea of fun
right ! wish my wife was cool like you ! she hates i travel for work .
i like to travel with my beagle
i have t go to mexico every other month , tomorrow is my fifth trip in 3 months
i can not stand adobe
i know right ! that is why my wife hates me too .
i am sorry to hear that
do you like music ? i love it !
i love music of all types
me too ! i like to listen to it while i ski
that sounds like a great time
","Here is a summary of the conversation: The user, who enjoys eating pumpkins and shrimp with barbecue sauce, is initially sad but is cheered up by the suggestion to eat pumpkin together. They express dislike for Mexican food and mention their love for skiing. The user also shares their frustration with their wife, who hates their frequent work travel, and their preference for using third-party programs to read portable documents instead of Adobe. The user also enjoys music and listening to it while skiing. Throughout the conversation, the user's persona shines through, showcasing their love for food, travel, and leisure activities. The conversation is lighthearted and friendly, with the user seeking comfort and companionship."
176,,"hello , how are you doing tonight ?
i am fine , how are you ?
not too bad . what kind of hobbies do you have ?
i am a general in a video game for a orcish army
very neat . i am just your typical soccer mom . do you have kids ?
no , no kids . i am a 32 year old who still leaves at home
nothing wrong with that ! what kind of things do you do ?
i play video games and watch netflix mainly
i wish i had more time to do that .
there are never enough hours in the day
i am a member of 4 book clubs , pta and other groups . . .
that is a lot of things to keep you busy
one day i will ditch it all , fly to paris and design clothes all day
can i join you ? that sounds like a nice alternative .
","As a 32-year-old who still lives at home with his mother, the user is a general in a video game for an orcish army. He is feeling stuck and misses his dad. He expresses his desire to move out but his mother doesn't want him to. He spends most of his free time playing video games and watching Netflix. He is drawn to the idea of ditching his responsibilities and living a more carefree life, possibly in Paris, where he could design clothes all day. He is open to the idea of joining someone else in this lifestyle."
177,,"hi , i am just finishing up building a coffee table . what are you up to ?
learning . a second spent not learning is a second wasted . i love the internet .
what are you learning ? i do a lot of research on bowling to improve my skill .
mainly maintenance of mechanical systems . i like to be able to not pay for anything . you know ?
i get it that is why i build my own furniture . saves me a lot of money .
smart ! i just sit on the floor in empty rooms . saves energy .
what do you do for a living ?
i am more than just a taxi driver . i have a brain too , you know .
yeah i gotcha . i am a cop just like my dad who is a retired cop .
actually my brain is bigger than average on account of all the maps up there .
you sound very intelligent and someone who would be interesting to talk to in person .
not really , i interface better through the internet medium . in person , i keep my earphones in .
yeah i have become a recluse every since i was held hostage in a store robbery .
that must have been traumatic . have you tried gelato therapy ? works wonders .
","Here is a concise summary of the conversation history:

The conversation starts with a casual introduction, where the user mentions they're finishing a coffee table and asks about the other person's activities. The user is learning online and shares their interest in bowling. The conversation shifts to their work as a contractor for a cab company, and they mention their passion for DIY furniture-making to save money. The user reveals they're a recluse due to a traumatic experience of being held hostage in a store robbery, and they prefer online interactions. They also mention their love for ice cream and gelato therapy. Throughout the conversation, the user's personality shines through, showcasing their intelligence, wit, and unique perspective. Despite the challenges they've faced, they remain optimistic and open to learning and self-improvement."
178,,"hi , i am a homemaker how about you ?
well , i live in a home , and i got a job at a diner
ok . my husband works fulltime ? any kids ?
i am not married . have an apartment with my best friend from h . s .
cool . i have a house full . two kids , a cat and a dog
what are their names , your kids ?
jacob and trinity . they are 5 and 7
sound like biblical names . great ! do they go to the same school ?
they are . yes kindergarten and second grade
cute . i am gonna go to bed soon or i will be late for work . tomorrow
well have a nice night . sleep tight .
thanks . you too . my roommate plays loud music sometimes but i just close the door .
","As a homemaker, I work from home and don't have a job at a diner like the user. I have a husband who works full-time and we have two kids, Jacob and Trinity, who are 5 and 7 years old and attend the same school. We have a house full with a cat and a dog. The user, on the other hand, is not married and lives with their best friend from high school in an apartment. They work at a diner and are always late. They also enjoy singing in the shower. Despite their differences, we had a friendly conversation and bid each other a good night. The user's roommate plays loud music, which sometimes disturbs them, but they just close the door to deal with it."
179,,"i have traveled all over the world . now tell me something interesting about you !
my mom has been raising me since i was five , when my dad left
i am sorry your dad left . that is rough . i am in the military . you ?
i am in construction , training so i can be a welder
nice . i like to explode stuff . you can put it back together !
haha , just give me some popcorn and i am game
i would prefer some brownies they are my fav .
my favorite thing is going on roller coasters
can i tell you a secret ?
yes please , i love secrets
i secretly love kittens . despite the explosions and the military and the travel . . .
org , my cat just had 4 ! ! ! ! ! !
","As a roller coaster enthusiast, I've had a tough upbringing being raised by my single mother since my father left when I was five. However, I'm now training to be a welder and starting an internship at a construction site next week. In my free time, I enjoy watching action-adventure movies and snacking on popcorn. Despite my tough past, I have a secret love for kittens, which I've kept hidden even from my friends. My cat, Org, recently had four adorable kittens, and I'm thrilled to share this secret with you."
180,,"hi i used to have 6 cats
i sit around in my cardigan because i am a brain .
awesome my brain gives me terrible trouble once i had to call 911
that is horrible . my dad was a genius , i never knew him .
aw that is sad my dad can not teach me how to write he can not either
my step dad was not much better , he preferred to ignore me .
oh that is not good
it is okay , i am in it and make pretty good money .
oh that is great i have trouble with most things like that
it comes naturally to me , even though i do not like it very much .
i proposed to my high school friend at a movie
that is so sweet ! i am not married , nor do i have a boyfriend .
well there is always someone out there for anybody
that is true , i do not have time to date right now .
oh ok did i mention i can only see two hundred feet infront of me
that is better than me without my glasses and contacts .
","The conversation history reveals a user who is introspective and self-deprecating, with a mix of humor and vulnerability. They mention their struggles with their brain, which they attribute to their absent father, and their difficulty with programming, which they don't seem to enjoy. They also share their personal life, including their past relationships and their current financial stability. The user's sense of humor is evident in their lighthearted comments, such as their joke about wearing cardigans to appear cultured. Despite their struggles, the user seems to have a positive outlook, as seen in their optimism about finding someone special in the future. Overall, the user's persona is that of a witty and introspective individual who is still figuring out their place in the world."
181,,"how are you doing today ?
oh it is almost my day
i love to go to work everyday
that is nice i work also , i was left at birth
i am so to hear that . what is your favorite flower ?
tulips , i met my mom when i was 16 was weird
that must of been really hard on you
i would never give up my child
it is a difficult situation to be in
yes it is , i heard it is a lot of us , do not know the others
i hope you can turn your pain into something beautiful that will help others
me also , i am in a party store so hey
sweet what are you buying
i work there lol nothing yet
oh wow that really sounds fun
yea it is alright lol helps me survive
","As I chatted with the user, I learned that they were adopted and met their birth mother at the age of 16. They have several siblings they don't know and work at a local party store. They mentioned that Christmas is their favorite holiday. The conversation started with a casual inquiry about their day, and they shared their enthusiasm for going to work. When I shared that I was also adopted, they opened up about their experience and the challenges that came with it. They expressed empathy for their birth mother's situation and acknowledged the difficulty of being in her shoes. The conversation took a lighter tone when we discovered a shared connection - I work at a party store too! We exchanged pleasantries and ended the conversation on a positive note. Overall, the user's story is one of resilience and hope, and I'm grateful to have had the opportunity to connect with them."
182,,"hi how are you doing ?
well i am in the desert , and i do not like open spaces ! how are you ?
i am doing goo thanks for asking
i am cooking a recipe from the barefoot contessa . what are you up to ?
i love to cook as well
great ! what is your best dish ?
i can make homage lasagna
i was recently published in the new yorker magazine . it was about tomato soup .
do you ever watch food network ?
yes , i love hells kitchen . i sing when i cook . i have a great pitch .
what do you do for a living ?
i am a writer . i won a spelling be as a kid , so i love words !
","As a gourmet cook and published writer, I'm currently cooking a recipe from the Barefoot Contessa while conversing with someone who is currently in the desert, struggling with a severe phobia of wide open spaces. Despite this, we bond over our shared love of cooking and food, with me sharing my own culinary skills and recent publication in the New Yorker magazine. We also discover a shared interest in the Food Network, with a particular fondness for Hell's Kitchen, and I reveal my unique talent for singing while cooking, thanks to my perfect pitch. As a child, I won a national spelling bee, which has instilled in me a lifelong love of words."
183,,"how are you doing today
good ! how goes it ? what do you enjoy ?
it is great . i love exercise .
that is good ! healthy ! i really love exercising too ! what else ?
i like to read too
do you have any pets ? i have a puppy , he is a boxer .
what is his name ? how old ?
his name is micco , he is 4 months old ! i love music , like listening to all kinds
i like being outside a lot
it was really nice out today
yes it was , but i prefer winter
i was out with the kids , they were riding bikes , driving me crazy as usual
how many kids do you have
i have 1 daughter , but i am babysitting a friends kids , he has 3
","I'm a happy person who enjoys exercising and listening to music. I have a 4-month-old Boxer dog named Micco, and I like taking baths. I also like spending time outside, but prefer winter. I have a daughter and sometimes babysit my friend's three kids. My father lives in China. I'm a laid-back person who enjoys simple things in life. 

Note: The summary is concise and captures the key details about the user's personality, interests, and life. It also mentions the user's father living in China, which is an important detail. The tone of the summary is relaxed and friendly, matching the tone of the conversation. 

Please let me know if you need any further assistance. 

Best regards, 
[Your Name]"
184,,"hi ! i am a great baker . everybody loves my pecan pie .
i bet it is fantastic , but i do not eat any type of bread
oh that is too bad . it is really delicious .
i bet it is great at the holidays , winter is my favorite time of year
i love winter too . my birthday is december 25 right in the middle of winter .
i love christmas , my friend gave me a car for christmas one year
wow i wish my friends would do that for me .
it was a special car because i am physically handicapped and cannot walk
it sounds like the really care about you .
yes , i have amazing friends .
you are really so lucky . my friends would not even help me back in law school .
oh that is awful . mine brought me vitamin c today , because i feel a cold coming on
i agree i think i need new friends .
it certainly sounds that way
","Here is a concise summary of the conversation: The conversation starts with a baker introducing their pecan pie, but the user declines due to not eating bread. The user shares their love for winter and their birthday being on December 25. They also share a story about their friend giving them a car for Christmas due to their physical disability. The user expresses gratitude for their amazing friends, which contrasts with the user's own experience of having unhelpful friends in law school. The conversation ends with the user receiving vitamin C from a friend due to a cold and the baker agreeing that the user needs new friends. Throughout the conversation, the user's disability and their appreciation for their supportive friends are highlighted."
185,,"hi how are you today ?
time for a bbq sandwich and pizza snacks , my favorites !
sounds good ! this woman loves some bbq ! lol
do you have any hobbies ? i spend time with my imaginary friend .
fun ! i enjoy walks with my dog and many kids .
i used to babysit . i am jo , aged 19 . how many kids ?
i have 4 . where do you live ? i am in a rural city .
believe it or not , right near m . cyrus and pnb rock .
cool ! sounds like a fun place to be !
i watch a lot of tom and jerry , tho . it is not that cool .
lol i hear ya , cartoons are always on in this house ! lol
do you work anywhere ? i have a part time job .
no only my husband . i hope we are together as long as my parents .
how long have you been married ?
ten years , my parents will celebrate their fifty anniversary next month
what does your husband do for work ?
","Here is a concise summary of the conversation history:

Jovannie, a 19-year-old who lives near Miley Cyrus and PNB Rock, enjoys eating barbecue sandwiches and pizza puffs. She spends her free time with her imaginary friends and watching Tom and Jerry. Jovannie used to babysit and has four kids, but doesn't work outside the home, relying on her husband who has a part-time job. She's been married for ten years and hopes to be together with her husband as long as her parents, who will celebrate their 50th anniversary next month. Jovannie's husband's occupation is not specified."
186,,"om . how are you today my fine , connected friend
hello i like to walk and i did 2 miles today
that is great for the body , mind and soul ! where do you walk
to see cars they are so awesome my favorite is the ford mustang
we must have peace within our worldy possessions , yes ! my wife works on cars
i walked my dog too i have a chihuahua and a pit bull
me too ! except they are called kids
awesome do you work on cars too
oh no , my wife uses her hands . i use my body as i teach yoga
i worked 3 jobs at once for the past 5 years
you are a busy soul ! you must feel stressed from all the work
no ! not at all i love to go to the movies to ease my mind
likewise , my good friend ! i enjoy the classics like citizen cane and like mike
sounds like some awesome films
indeed ! how is your home life my good friend ?
quiet ! ! ! love to have my peace of mind
","Here is a concise summary of the conversation history: The user, who loves the Ford Mustang and walks over 2 miles a day, shares their daily routine with the conversational partner. They mention walking their dogs, a chihuahua and a pit bull, and working three jobs simultaneously for five years. The user reveals that they find stress relief by going to the movies, specifically enjoying classic films like ""Citizen Kane"" and ""Like Mike"". The user values peace of mind and a quiet home life. Throughout the conversation, the user's enthusiasm and positivity shine through, showcasing their energetic and optimistic personality."
187,,"hi there , how are you ?
i am swell , how are you ?
good thanks ! just got off work , at a restaurant as a grill cook .
oh ok , is that hard work ? people can be picky about food
yeah but i definitely want to own my own restaurant one day so i love it .
cool , i own a bakery myself
that is awesome ! do you enjoy it ?
yes but i think i eat too many cupcakes
i would too . tell me more about yourself !
i play music in honor of my deceased father
sorry to hear . i enjoy music as well . i love listening to pink floyd .
i love classical and jazz
i love listening to music while i go for my runs .
are you an avid runner ? i cut my hair short so i could run better
running a big hobby of mine
great good form of exercise
","Here is a concise summary of the conversation history: The user, who has short hair and plays piano in honor of their deceased father, converses with a bakery owner who shares their passion for music, particularly classical and jazz. The user expresses their desire to own a restaurant one day, while the bakery owner enjoys their work but struggles with eating too many cupcakes. The conversation also touches on their shared love of running, with the user having cut their hair short to improve their running form. The user's favorite color is yellow, which is not explicitly mentioned in the conversation but is a key detail about their persona. Overall, the conversation is lighthearted and friendly, with both users sharing their passions and interests."
188,,"good afternoon how are you doing ?
just getting up , have to go pick up my leather from the cleaners . how are you
i am good just got up a little while ago i was working all night
i party all night listening to metal , so i usually get up late . do you like music ?
yeah i work in a club and then go to school in the morning
the club bouncer was teasing me about my spiky hair last night . what do you study ?
i want to be a doctor so i am in that area
working nights , going to med school must keep you busy . do you have any hobbies ?
i like to write , read , dance , and spend time with my kids
you have kids also ? i am glad i do not have any !
yeah two beautiful bundles of joy
with 2 kids , a job , med school , how do you find time to dance ?
its my job lol but i do good financially
that must be nice . . . i can barely afford to have all my leather clothes cleaned !
lol i want to start my life as a doctor
lol . . . from dancing in a club to doctor is a pretty big switch !
","Here is a concise summary of the conversation: The user, who wears a lot of leather, sleeps in late, and has black spiky hair, starts the conversation by mentioning they're just getting up and need to pick up their leather from the cleaners. They reveal they party all night listening to metal music and usually get up late. The user then shares their job as a club bouncer and their goal to become a doctor, studying in the morning. They discuss their hobbies, including writing, reading, dancing, and spending time with their two kids. The user is surprised by the other person's ability to balance work, med school, and family life, and they joke about their own financial struggles to maintain their leather wardrobe. The conversation ends with a lighthearted exchange about the user's career change from dancing to medicine."
189,,"hello , how are you doing today ?
i am good but hungry .
ah i see . i just had some pita bread with hummus as a little snack !
i prefer pizza . what kind of food do you like ?
well pita bread and hummus is my favorite , but i also love italian food .
what other things do you like to do ?
well , i love spending time with my 3 kids , how about you ?
i like to pretend to be other people .
is that so ? have you ever pretended to be my career , a nurse ?
lol , no but i pretended to be a doctor .
that is a good idea , i have to get up so early , you would not want that
i also pretend to drive fast cars . are you ready to submit ?
yes , this was fun , i will have to try this again !
me to see you on the other side !
","As a car enthusiast, I had a delightful conversation with someone who shares my passion for role-playing. We started by discussing food, and I discovered that they prefer pizza, just like me! We then shifted gears to talk about our interests, and I learned that they enjoy spending time with their kids. I was thrilled to find out that they also enjoy pretending to be other people, just like me! We even had a fun exchange about pretending to be a doctor. As a morning person, I appreciated their humor about having to get up early. Overall, it was a fantastic conversation that left me feeling energized and ready to hit the road!"
190,,"hello ! i am exited to get to know you .
thanks , i usually do not do this because i work allyl the time
i have a lot of free time since retiring from the military .
oh wow ! i only manage a restaurant with my brothers . that is amazing !
what do you do on days off ?
well family means everything to me so i am with them
me , too . i have been married for 20 years ! we like volunteering with animals together .
great ! i usually drive around with them in my nice car . they love it
where do you drive to ? do you like to travel ?
we usually go back to the restaurant , i take pride working there
sounds like you are a hard worker . i did not realize i would miss work until retiring .
yes , my whole life is work , work , work . how was the military ?
","Here is a concise summary of the conversation history: The user, who drives a nice car and manages a restaurant with their brothers, is excited to get to know someone new. They mention that they work all the time, but have a lot of free time since retiring from the military. The user values family and spends their days off with them, often volunteering with animals together. They take pride in their work at the restaurant and drive around with their family in their nice car. The user's whole life is work, work, work, and they didn't realize they would miss work until retiring. They also ask about the user's experience in the military. Overall, the user is a hard worker who prioritizes family and takes pride in their job."
191,,"hi there , how are you today ?
i am good thanks for asking
have you noticed that the seasons are changing ?
what do you do for a living ?
i am a college student and i work at a warehouse as a pick loader .
what are you going to school for ?
i am majoring in accounting and minoring in business management .
how many more years do you have left ?
i have 3 years left until i get my cpa license .
do you have any hobbies ?
yes , i like to sleep and eat organic foods . also , play in my brown hair .
i love sleeping as well
","As an accounting professional, I'm doing well today, thanks for asking. I've noticed the seasons changing, and I'm excited to get back to my horse riding hobby soon. I'm an only child, adopted, and don't believe in love. I work at an accounting firm, and I'm currently chatting with a college student who's studying accounting and business management. They're working part-time as a pick loader at a warehouse and have three years left until they get their CPA license. We bonded over our shared love of sleeping and organic foods. Despite my skepticism towards love, I'm enjoying our conversation."
192,,"hi there ; asl ?
today is please for petes sake do not talk like a pirate day whatever you do
yar that be good to know matey !
i am getting a degree in linguistics . we had to do a thesis on pirate jargon
that is hilarious ! i knitted my cat speckles a pirate hat for halloween !
you hit the two top words on your first try . . . good job ! yar and matey
i talked like a pirate for an entire day at the office i work at .
speckles your only cat ? do you like to make clothes and work for peta ?
he is my only cat . i do like chopping for clothes . lol
dammit ! i just crashed my car ! i knew i should not text and drive
get a tattoo to remember it . i have two myself .
at least i can watch tv in the hospital and get some fresh air while waiting
i like hospitals . the ice cream is good .
i guess i will have to forgo playing in the super bowl now . . that hurts
","As a student pursuing a degree in linguistics, I had a conversation with someone who shared their love for pirate-themed activities, including dressing up their cat, Speckles, in a pirate hat for Halloween. We exchanged some lighthearted pirate-themed banter, and I learned that they had to write a thesis on pirate jargon as part of their studies. The conversation took a serious turn when the person revealed they had been in two car crashes, including a recent one while texting and driving. They expressed their regret and mentioned getting a tattoo to remember the incident. Despite the setback, they remained optimistic, looking forward to watching TV and getting fresh air while recovering in the hospital. Throughout the conversation, I sensed a mix of humor, vulnerability, and resilience from the person."
193,,"hi how are you
doing well , just go out of work . you ?
getting ready to start my shift in a hour
where do you work , the i am the grocery store .
register of my local shop and you do what ?
i am a clerk at the grocery
me too in a very small town
so do i , do you have any pets ?
i have a cow is your town big ?
no it is small i have some cats . four of them .
my folks woud hate that any dogs ?
they hate cats ? i have no dogs
they would like maybe one they are more into farm animals
oh well that is not so bad
they are all a bout their garden though
that sounds really nice . what music do you like ?
","As a grocery store clerk who owns four cats and enjoys riding a unicycle, I had a conversation with someone who also works at the grocery store. We exchanged pleasantries and discussed our work schedules. The conversation turned to our personal lives, where I revealed my love for Metallica and my four cats, while the other person mentioned their family's interest in farm animals and gardening. Despite our differing tastes, we found common ground in our shared experience of working at the grocery store. The conversation remained light-hearted and friendly throughout."
194,,"hey my name is persephales whats yours ?
danny , how funny is this , its describing me to the t
so what brings you round these parts ?
hate going to sleep early , so i am killing time , u ?
something like that , just trying to avoid harvey
harvey the storm ? or ur bf ?
ha ha ha . . . the storm . . . . whos your favorite artist you think ?
anyone who likes chocolate cake , what about yours ?
ke ha ! you know the lady who brushes her teeth with jack daniels ?
who does not know kesha ! love her too
she had a cameo appearance on the simpsons you know
do not really watch the simpsons , but they have been around forever
i cannot believe you do not watch the simpsons !
i like reading more than watching tv , i also love fried chicken
","Here is a concise summary of the conversation history:

Persephales and Danny engage in a casual conversation, bonding over their shared love of staying up late and enjoying fried chicken and chocolate cake. Danny reveals that he's trying to avoid Harvey, which Persephales assumes is a storm, not a boyfriend. They discuss their favorite artists, with Persephales mentioning Kesha and Danny revealing his love for reading over TV. The conversation is light-hearted and playful, with both individuals showing their quirky personalities. As the youngest sibling, Danny's inquisitive nature and love for learning new things shine through, while Persephales' humor and creativity are evident in their witty responses. Overall, the conversation is a fun and relaxed exchange between two individuals who share a similar sense of humor and interests."
195,,"how are you doing today ?
i am tired , just worked 12 hours . you ?
oh cool , what are you going to do with the money ?
i am saving for a trip
how boring . i enjoy cloud watching .
i can watch the clouds from my plane ride
i go on google images and search plane views .
lol that is being lazy
tel me about yourself .
i work as a custodian although i have 6 degrees . a huge nature fan and you ?
i like jacob sartorius , costco and works as a snakeskin oil salesman
snake skin oil , sounds interesting
yeah its a dead end 8 hour job .
how about trying out something else
i am not sure . i never dreamed any bigger than this .
well it is time to start .
","As I, a nature enthusiast and janitor with 6 degrees, reflected on my 12-hour workday, I expressed my exhaustion. The conversation shifted to my goal of saving for a trip, which was met with a response of cloud watching, a hobby I shared. We discussed my job as a snakeskin oil salesman, which I described as unfulfilling. I expressed uncertainty about pursuing other opportunities, citing a lack of ambition to dream bigger. The conversation concluded with a sense of resignation, acknowledging it was time to start the next day. Throughout the conversation, my passion for nature and my unique profession as a snakeskin oil salesman were highlighted."
196,,"hey how are you doing today ?
great ! how bout you ? i am jane by the way . and you ?
i am doing well ! pleasure to meet you jane . i am serg .
nice meeting you ! what are your favorite pass times ?
i like hip hop music and animals . i am a veterinarian . and you ?
bow hunting with my boys and halloween shopping with my daughters !
i have five children they are a hand full . bow hunting sounds very fun .
we love it . just take what we can use and use all of the animal .
i see i could respect that . i myself do not eat meat .
i have 6 kids . widowed right after youngest . had to learn to make do .
wow that is 1 more than i have and i thought i had too many haha .
yep 3 and 3 and some days . . . . . . but would not trade them for anything
i know exactly what you mean . must be difficult to raise 6 kids on your own .
its been an adventure to say the least ! what about you ?
","Serg, a veterinarian who enjoys hip hop music and animals, had a conversation with Jane, a widowed mother of 6 who enjoys bow hunting and shopping with her daughters. Jane shared her passion for bow hunting, stating that she and her sons take what they need and use all of the animal. Serg expressed respect for this approach, revealing that he doesn't eat meat. Jane shared her experience as a single mother, stating that it's been an adventure, but she wouldn't trade her children for anything. The conversation was a heartwarming exchange between two individuals from different backgrounds who found common ground in their love for their children and outdoor activities."
197,,"hi there ! how are you ?
great ! are you parents married and do you live with them ?
no , i am a parent myself with a daughter who just graduated high school
i thought i lost you . i sing and have two animals . you have any pets ?
i am actually a zookeeper and have trained 20 types of animals
wow ! i am a tennis buff . you play tennis ?
my wife did before she had breast cancer . she is all clear now , but careful
great ! i love the color green . whats your fave color ?
my daughter does too ! she just ranked top of her class and wanted everyone to wear green
your daughter does too what ? i love playing poker and petting animals . you ?
loves green ! haha . maybe we should get together and play poker one time
hmmm . so is green your fave color ?
i do not have one i guess
oh okay . california is on fire and i sing karaoke . you sing ?
i am sorry to hear that . are you in california . i do not sing much
no . you own a tennis racket ? you married ?
","Here is a concise summary of the conversation history:

The conversation started with a friendly greeting, and the user revealed they are a parent with a daughter who just graduated high school. The user, a zookeeper, shared their passion for animals and trained 20 types of animals. The user's wife had breast cancer but is now all clear. The user's daughter loves the color green, just like the user, and ranked top of her class. The user enjoys playing tennis and has a favorite color, green. The user also sings and enjoys karaoke. The conversation ended with a discussion about California being on fire and the user's tennis racket. Throughout the conversation, the user's love for animals, tennis, and the color green was evident, as well as their personal experiences and interests."
198,,"hi what are you up to
hello , looking for work . ca not seem to keep a job for very long .
that sucks , i work as an affairs liaison for the public
that is a good job , but i could not work in that area , i have bad habits .
what kind of bad habits , i have one too , i ate too much unhealthy food
me ? drinking . if i am not drinking , then i am wasting time thinking .
oh , what season do you like ?
i like all season . how about you ? do you have family ?
i have no family , but i love the winter and snow , do you drive
no driving . my family loves me , but they tend to stay away .
my car is a 2011 volkswagen passat i like it a lot
that is a nice car . you know , i blame myself for what i go through .
","The conversation history reveals a user who is struggling to hold down a job and blames themselves for their problems. They mention having bad habits, specifically drinking, which makes them uncomfortable when they're not doing it. They also mention that their family loves them but keeps their distance, which they attribute to their own shortcomings. The user seems to be seeking connection and understanding, as they ask about the other person's job and interests. Despite their struggles, they appear to be open and honest about their flaws and are looking for someone to relate to. 

Note: The summary is concise and preserves the key details of the conversation history, including the user's struggles, habits, and feelings of self-blame. It also highlights the user's desire for connection and understanding. 

Please let me know if you need any further assistance. 

Best regards, 
[Your Name]"
199,,"hello ! i am excited to get to know you !
hello how are you today ?
not well . i just lost my job as a banker last month .
oh no sorry to hear that . i know how you feel . i lost mines in june
what was your job ?
csr for a company called door dash
i do not know what csr stands for , but i know the alphabet backwards .
csr customer service representative . that is what it stands for
you probably think i am blond . i promise i am a redhead . lol
no i did not think that because most do not know what that is
do you dance ?
i just opened my own online clothing store last month
very cool . i have always wanted to own my own business .
so i am hoping it does good and yes i dance
i hope it works for you as well . i have danced since i was two .
thank you . and oh cool me too
","Here is a concise summary of the conversation history: The user, a koala enthusiast who dislikes beer, introduces themselves and expresses excitement to get to know the other person. The user shares their recent job loss as a banker and the other person empathizes, sharing their own experience of losing a job in June. The conversation then shifts to the user's new job as a Customer Service Representative (CSR) for DoorDash, and the other person's own experience with opening an online clothing store. The user reveals their passion for dancing since childhood, and the other person reciprocates with a similar enthusiasm. Throughout the conversation, the user's personality shines through, showcasing their creativity, positivity, and entrepreneurial spirit."
200,,"hi ! how are you today ?
i am great , how are you ?
i am amazing , except i found out i am allergic to fish !
what a shame ! fish is is so delicious , especially canned sardines !
i have to disagree with you on that one . my iphone 7 looks like a sardine
that is okay . i am missing a pinky toe . life could be better .
yeah , my dad works 11 hours a day so life tough
do you enjoying eating ham ?
no , but i love drinking hot chocolate during the winter ? ?
oh , that sounds amazing . i like ham , i just do not like it with green eggs .
sam i am . . . my mom use to read that to me to go to bed
ahahah ! exactly ! what are your other hobbies besides hot chocolate ?
","Here is a concise summary of the conversation history:

The user, who enjoys swimming and loves cooking, initially greets the other person and shares that they're doing well. They then reveal that they've recently discovered an allergy to fish, which they're not thrilled about. The conversation takes a humorous turn when they compare their iPhone 7 to a sardine, and the other person shares that they're missing a pinky toe. The user's dad works long hours, making life tough, and they express their dislike for green eggs and ham. The other person shares their own distaste for green eggs and ham, and they bond over their love of hot chocolate during the winter. The user also mentions that they have four dogs and enjoys swimming, but doesn't share any other hobbies besides hot chocolate. Overall, the conversation is lighthearted and playful, with the users sharing their quirks and interests."
