conversation number,persona,chat,summary
1,,"hi , how are you doing ? i am getting ready to do some cheetah chasing to stay in shape .
you must be very fast . hunting is one of my favorite hobbies .
i am ! for my hobby i like to do canning or some whittling .
i also remodel homes when i am not out bow hunting .
that is neat . when i was in high school i placed 6th in 100m dash !
that is awesome . do you have a favorite season or time of year ?
i do not . but i do have a favorite meat since that is all i eat exclusively .
what is your favorite meat to eat ?
i would have to say its prime rib . do you have any favorite foods ?
i like chicken or macaroni and cheese .
do you have anything planned for today ? i think i am going to do some canning .
i am going to watch football . what are you canning ?
i think i will can some jam . do you also play footfall for fun ?
if i have time outside of hunting and remodeling homes . which is not much !
","The user enjoys remodeling homes, hunting, and shooting a bow, with a particular fondness for Halloween. They also engage in physical activities like cheetah chasing and track events, and enjoy canning and whittling as hobbies. Their favorite meat is prime rib, and they like chicken and macaroni and cheese. They plan to can jam and watch football, but their primary activities are hunting and remodeling homes."
2,,"hi , how are you doing today ?
i am spending time with my 4 sisters what are you up to
wow , four sisters . just watching game of thrones .
that is a good show i watch that while drinking iced tea
i agree . what do you do for a living ?
i am a researcher i am researching the fact that mermaids are real
interesting . i am a website designer . pretty much spend all my time on the computer .
that is cool my mom does the same thing
that is awesome . i have always had a love for technology .
tell me more about yourself
i really enjoy free diving , how about you , have any hobbies ?
i enjoy hanging with my mother she is my best friend
that is nice . moms are pretty cool too .
i am also fascinated with mermaids
","The user is a website designer and researcher who believes in the existence of mermaids. They enjoy spending time with their four sisters and their mother, who is their best friend. The user also has hobbies such as free diving and watching Game of Thrones while drinking iced tea."
3,,"we all live in a yellow submarine , a yellow submarine . morning !
hi ! that is a great line for my next stand up .
lol . i am shy , anything to break the ice , and i am a beatles fan .
i can tell . i am not , you can see me in some tv shows
really ? what shows ? i like tv , it makes me forget i do not like my family
wow , i wish i had a big family . i grew up in a very small town .
i did too . i do not get along with mine . they have no class .
just drink some cola with rum and you will forget about them !
put the lime in the coconut as well . . .
nah , plain cuba libre , that is what we drank yesterday at the theater .
i prefer mojitos . watermelon or cucumber .
those are really yummy too , but not my favorite .
","The user is a stand-up comedian from a small town who enjoys drinking Cuba Libre, particularly plain with rum and cola, and prefers it over other drinks like mojitos. They also have a fondness for TV shows, which they use as a form of escapism from their family life. The user has appeared in some TV series and has a Beatles fan background. They also have a humorous take on their family life, comparing them to a submarine crew."
4,,"hi ! i work as a gourmet cook .
i do not like carrots . i throw them away .
really . but , i can sing pitch perfect .
i also cook , and i ride my bike to work .
great ! i had won an award for spelling bee .
my contacts can see through what you are trying to sell me .
okay but i was published in new yorker once
you better not make any spelling mistakes .
i have not . i can cook any word you want me to
what is your ethnicity ? i am white , and my hair is brown .
i am asian and have no hair .
i love hairless asians . do you like carrots ?
i love carrots . i eat carrots like a horse .
are you male or female ?
i work as a gourmet cook who also has a pitch perfect voice .
i doubt that very much . you probably like to scream alone .
","The user identifies as a white, brown-haired, athletic individual who enjoys bicycling and has a passion for cooking, particularly gourmet dishes. They have won an award for spelling and are a published author in New Yorker. The user dislikes carrots and wears contacts. They also express a fascination with hairless Asians, though they are unsure about the user's gender."
5,,"how are you doing today
what do you do for career ? i have a ton of hobbies if you are interested !
i like to watch kids
i actually play guitar and do a lot of manly things , like welding .
what do you weld ? houses ?
everything ! i am actually manly . but i have a secret i am hiding .
what is your secret that you have
my parents do not know that i am . . . homosexual .
how does that feel for you
makes me secure with my manly hobby skills .
i bet that it does
anyway . what do you do ?
i watch kids for a living
that is awesome . do you like it ?
","The user, who is primarily a meat eater and a guitar player, works as a welder, a career they consider manly. They also have a secret that their parents don't know about: they are homosexual. They find comfort in their hobbies and feel secure with their skills. In addition to welding, they also watch kids for a living, which they enjoy."
6,,"hello friend , how is it going
i am well an you ? i have a creepy ride . guess
i am great enjoying the football season
i drive around in a long black hearse an love this season
you work for a funeral home ?
yes it is nice , halloween is my fav .
lol , i can imagine . i will be reading a lot when football is over
no i do not work at a funeral home
ok i see , that is your halloween costume
what do you like to read ? i like rock alternative music .
i like anything to do with mystery
oh no it is not it is my car lol
lol , oh i see , taught you own it
me also what is your favorite ?
well i like sherlock holmes and others
i do own it i think there is confusion ?
","The user owns a hearse, enjoys crocheting, and is a fan of alternative rock music. They consider Halloween their favorite holiday and have a humorous conversation with a friend about their car, which they jokingly claim to own, leading to some confusion."
7,,"rock on , i am listening to my favorite band guns and roses .
no kidding ? i was just listening to the same thing while taking a bath .
of course . i love to listen to rock .
man my boxer just peed on the carpet !
well i am into black everything . so at least it would not show on my black carpet .
ll . i love black too ! guess i was playing my music too loud .
i have a black car , purse , wear all black .
maybe i can borrow something as i am packing to visit my dad in china .
wow , does he live there or work ?
live . moved there about ten years ago for a computer tech job .
have you visited him there before ?
once . you cannot even throw a gum wrapper or you can get arrested .
sounds a bit scary . i ve never been .
well not too much crime there , but a lot of people .
","The user enjoys rock music, particularly Guns and Roses, and has a boxer dog. They also have a preference for black items, including their car and carpet, and are planning to visit their father in China, where they previously visited once. The user mentions that China has strict littering laws, which can result in arrest, but they note that crime is not too prevalent there."
8,,"hi . how are you doing today ?
hi i am great just finishing up some homework how are you
i am alright . i just got done writing .
do you write for a living or as a hobby
it is my living . i like culture .
that sounds like a fun job . i am a business major but have a part time job
what are you going to school for
i am trying to get my ba in finance
do you own your own company
no still in school work at pizza hut part time
do you get free pizza
no but i do get a good deal .
that is a good start
yeah it is . i really hope they have a frat party again soon
i used to party a lot
it is fun i cant get enough
","The user is a college student majoring in business with a part-time job at a pizza restaurant. They are currently working towards a BA in finance and enjoy the culture of their work environment. They also have a fondness for partying and hope for a reunion party, reminiscing about their past experiences with frequent partying."
9,,"hi how are you today
doing great . i had the day off , you ?
i only worked half a day i work at the bank
that is nice . i work a lot
what do you do ?
just office work , but it is a lot
oh ok i am a teller was the best job i could find with no college
a bank teller is a good job .
yes it does pay the bills
when i am not working i play basket ball what do you do for fun
i hike at the park
that sounds relaxing , i suppose
i love nature and it keeps my mind off things . do you travel
not much . i should though while i am young
i want to go to another country at least once . i have never left the states
me either . we could go together !
","The user from Texas, who works as a bank teller and enjoys basketball, is having a casual conversation with someone who enjoys hiking and has never traveled outside the United States. They both express a desire to travel together in the future."
10,,"hello , how are you today ?
i am well , how are you ?
i am very good . did you watch the football games today ?
no but my sons are watching a game right now
what do you do for a living ? i proofread for hallmark .
cool . . . i followed my father and became an author
books are my greatest pleasure , i have a nice little library i am building .
awesome . . . nothing like filling your mind with literature
i agree . have you seen goodfellas ?
not much of a tv guy since i am always traveling
i catch the football and hockey games .
have you ever traveled before ?
i do . i travel extensively to europe and south america .
ireland and australia are my go to places
ireland is very nice , japan is my next stop .
never been there . i heard they are very friendly people
","The user enjoys traveling and has visited Ireland and Australia, with a personal connection to Australia through their father, who was an author. They are well, have a profession in proofreading for Hallmark, and have a passion for literature, evidenced by their growing library. They have seen the film ""Goodfellas"" and are familiar with sports, catching football and hockey games. The user has traveled extensively to Europe and South America, with Ireland and Australia being their preferred destinations. They plan to visit Japan next, having heard about its friendly people."
11,,"hi i am sally , i live with my sweet dogs in taos , new mexico .
hi ! i have just been sitting here playing the piano and singing along
i have wonderful memories of my mother playing and singing to me .
www . i also like to dance but i cannot do that while i am playing . . lol
maybe you will have to record your playing and dance to it .
great idea ! love staying up late so i could do that even tonight
do you have a day job ?
i am a nurse who teaches nutrition classes
interesting , i am a struggling artist and part time tutor
since being a vegetarian i feel its important to instruct people how to eat
great commitment to your beliefs . i admit i still eat meat only less .
that is ok everything in moderation !
do you have any pets ?
i have a cat named radar
","Sally is a night owl who loves singing, dancing, and playing the piano. She lives in Taos, New Mexico, with her dogs, and is a vegetarian nurse who also teaches nutrition classes. She is a struggling artist and part-time tutor, and has a cat named Radar."
12,,"hello . how are you ?
i am great and you ?
doing good . what are some of your favorite books ?
i do not read books much just sheet music . i want to be a singer
i enjoy reading but also garden in my spare time .
when i am not singing i am playing tennis .
i spend a lot of time in my garden .
do you see a lot of animals around your garden ? i love seeing animals
yes . lots of rabbits .
do you work ?
i give away lots of my vegetables to veterans . i am a veteran .
my family works for ge . my father included though recently retired .
very cool . thanks for the chat . have a great day .
you too
","The user enjoys animals, gardening, and playing tennis, and aspires to be a singer. They have a family member who worked for General Electric (GE), and they also volunteer by giving away vegetables to veterans. They don't read books much, preferring sheet music, and they enjoy seeing rabbits in their garden."
13,,"hey how are you today ?
great ! just go off work at the smoothie shop . you ?
i have been eating tacos and getting ready to move to school .
are you going to college ? i go to a local one .
yes , i am going to university of michigan . what year are you ?
first yr ! do you have any hobbies ?
i love doing anything outdoors . especially in summer . you ?
i love watching college basketball and rocking out to classic rock .
fun . have you decided on your major for school ?
not yet . have you decided ?
pre med . i would love to be a doctor
that is so nice ! i wish you luck .
","The user is a first-year student at a local college, working at a smoothie shop, and enjoys outdoor activities, classic rock music, and college basketball. They are considering pre-med as a major and wish the other person luck in their endeavors."
14,,"hey , what are you up to ?
hello , i am listening to lady gaga , do you like her ?
i prefer rock music , like led zeppelin .
madonna is my first favorite . do you go to a lot of concerts ?
i would if i could , but i have a farm to maintain .
i work at the mall , so i am close to the venue .
i prefer hiking outdoors and photography rather than crowded malls .
pays well , lol . i make great money as the manager .
work is tiring . i would love to travel the world instead .
i would love to travel as well .
staying here is fine too though . my two dogs keep me company .
i love dogs ! what kind do you have ?
they are both greyhounds . their names are tom and jerry .
that is cute ! how old are they ?
only two months ! i actually have to take them for a walk right now
be careful , my area is a little iffy at night .
","The user, who is a concert enthusiast and works in retail, enjoys Madonna and Lady Gaga, but prefers rock music and outdoor activities like hiking and photography. They manage a farm, have two young greyhound dogs, and enjoy traveling, but currently stay home due to their job and the dogs' safety."
15,,"hello , how are you doing ?
hi there , i am doing great thanks . where are you from ?
i am from socal , yourself ?
seattle . i have a houseboat here . i like socal weather though
that is awesome . the ocean is incredible ! i totally believe that mermaids are out in the sea
lol definitely ! i just dyed my hair mermaid purple from free samples at my salon
that is epic ! me and my four sisters would totally do the same thing ! !
oh yeah , i am a stylist here and i have lots of clients doing fantasy colors
oh nice ! my mom went to beauty school too
oh awesome ! well you guys are all set ! are you married ?
she still braids my hair and we chit chat because she is literally my best friend
awww , that is precious . i feel the same way about my mom
that is such a great thing ! ! not married , single and trying to mingle haha . you ?
lol well i finally tied the knot last year . . thank god ! long wait
i am craving some iced tea right now haha . even though its a bit chilly out
lol nice . . well it was great talking to you !
","The user is a hair stylist from California who lives on a houseboat and has dyed her hair purple. She has a salon where she offers fantasy hair colors, and she enjoys the weather in Southern California. She is single and recently got married, and she has a close relationship with her mother, who also went to beauty school. She enjoys chatting with her mother and her clients. She also mentioned that she is craving iced tea."
16,,"i am frank . nice to meet you . what is your name ?
my name is gary . great to meet you too .
i work as a general manager at a grocery store . what about you ?
i am an insurance salesman
do you have any hobbies ? i like to ready and go cycling
i like snowboarding and horseback riding .
do you have any dreams ? i hope to compete professionally or qualify for an event one day
that is interesting . i would love to start my own insurance company .
that is so cool . how do you like to spend your free time ?
i like watching movies with my wife .
i like to travel up to canada to enjoy the view and relax on weekends .
canada is great for winter sports too .
have you even been to canada for snowboarding ?
no , there is a place outside milwaukee i go .
you should try going to canada one day . it is really beautiful there .
i will make sure and check it out .
","Frank enjoys snowboarding and horseback riding, living in rural Wisconsin. He aspires to compete professionally in snowboarding and dreams of starting his own insurance company. Frank spends his free time watching movies with his wife and traveling to Canada for relaxation and winter sports. He has not yet visited Canada for snowboarding but plans to do so."
17,,"hey how are you ? i wanted to go to florida to surf but no way !
i am so great . for sure , no fl now . unless you are really good at swimming ?
i am great at catching a wave with my high school sweetheart
cute ! my college sweetie and i are more into swimming . ya will have any other couple activities ?
would not mind ! i am so busy at the hospital all the time .
do you have time to eat enough , being so busy ? i love to eat . clot .
not like i want being a nurse on the military base .
that is impressive . do you get a lot of exercise there ?
oh boy do i lol i bake alot when i have spare time , would love to share
i try to work out everyday . do you have a lot of friends on base ?
a few been a brat all my life lol
i love people . pretty much a social queen . any other hobbies ?
","The user is a social butterfly who enjoys swimming and is currently in college. They are also a nurse working on a military base, which keeps them busy. Despite their busy schedule, they make time for exercise and enjoy eating large meals. They have a college sweetheart who shares their interest in swimming, and they occasionally bake when they have spare time. The user has a few friends on the military base and considers themselves a social queen."
18,,"hi . how are you doing today ?
hi ! i am good ! just playing with my dogs !
how many dogs do you have ?
i have 2 . it is annoying taking them outside from the third floor
that sounds like a lot of work
it is , but my roommates help out sometimes .
that is really nice of them
they are nice . i cook for them in appreciation of their help .
what do you like to cook
pasta is my favorite and it is cheap
that is very true . do you ever donate ?
no , i do not make enough money .
i understand that . my church has a pantry .
that is good . do you volunteer there ?
","The user, who lives on the third floor of an apartment with two roommates, has two dogs and enjoys cooking, particularly pasta. They appreciate their roommates' help with dog care and cooking, for which they reciprocate by cooking for them. The user doesn't have enough income to donate but volunteers at their church's pantry."
19,,"hello , tell me about you .
hi , i am a mechanic who lives alone . . . how about you ?
i just got back from the london college of fashion in the uk .
wow that sounds really exciting ! i have never traveled to europe
you should go some time .
i hope to eventually . what do you like to do for fun ?
i thought i would make a pretty good fashion designer since i love to shop .
i do not mind shopping too much , if its the sporting goods store anyway
maybe i could introduce you to my sister in law . she is all wrong for my brother .
does she like to fish ? that is a deal breaker for me . i love fishing
she might . she thinks she is better than me because she has an actual job .
who says fashion designer is not a real job ?
i have not ventured into employment yet in fashion . too much to do .
you will get there soon enough .
","The user is a mechanic who enjoys fishing and has a passion for fashion, having recently returned from the London College of Fashion. They live alone and are considering a career in fashion design, despite not having worked in the industry yet. They also mention a sister-in-law who they believe is not suitable for their brother, and they hope to introduce her to their sister."
20,,"hey whats going on ? how are you ?
not much , just seen both my children off to school , you ?
about to smash some pretzels . cant get enough of them .
haha . i love it . my 2 cats are big pretzel lovers
so you have two cats ? what are their names ?
bobby and billie . i got them at the shelter i like to donate time to
oh cool . do you work ? any hobbies ?
my parents were both teachers , so i thought i might , but no
i live with my mom and watch a lot star trek . ever seen it ?
my 2 children love that show , but i would rather be out hunting
i am a bow hunter when i am not working on the railroad .
we sound like we would get along
yeah i bet we would . i like hunting but i do not kill animals . i am weird like that
oh , that is weird . how do you hunt ?
","The user enjoys hunting, particularly bow hunting, and has a family background in teaching. They have two children who also enjoy Star Trek, and they live with their mother. The user has two cats named Bobby and Billie, whom they adopted from a local animal shelter and enjoy feeding pretzels to. The user also donates time to the local animal shelter."
21,,"hello there how are you ?
i am doing well . how are you ?
i am great thanks , do like boating ?
i like it when i can get away from my job at the grocery store
its my favorite activity outside of being a doctor . do you like beaches ?
i give deep sea fishing tours at the beach sometimes
i volunteer at a farm , do you like animals ?
i am vegan so i love animals . same here with the farm volunteering
i too am a vegan , how long for you ?
just 2 years . my boss at my bookkeeping job got me started
that is nice my boss at the grocery store is nice too
sounds like we have a lot in common . how do you feel about urban farms ?
i work at an urban farm , i love them . do you ?
urban farms are the best . there is one on top of my apartment building .
how lovely , mine is 2 miles up the road .
is it all organic ? i found that sometimes chemicals are necessary .
","The user enjoys boating, deep-sea fishing, and volunteering at an urban farm, and is a vegan who has been following a vegan diet for two years. They work at a grocery store and also do bookkeeping. They appreciate the convenience of having an urban farm nearby, although they acknowledge that sometimes chemicals are necessary in farming."
22,,"hello how is life treating you today ?
okay . . rough day waiting tables . . headed to class soon . and you ?
i bumped my head on a door frame because i am 6 foot tall .
wow got some height on you . do you work
do you usually make bank waiting tables ?
yes ppl tip very well ! but i really want to be a doctor some day
i do not work , i guess i am an investor . i have waited tables in the past .
okay , its not a super fun gig but pays decent
i find people to help now they come to me like stray cats .
oh that could be a problem lol . what do you do for fun
i play around with mensa members like myself .
oh okay . . i am in a book club
when i was growing up my family moved 40 times .
okay that is ridiculous lol . why so many moves ?
i think my mother was a bit touched in the head .
sounds a bit crazy , and hard on a child
","The user is a college student and a full-time working mom who currently works as a waitress, earning $215 per hour. She aspires to become a doctor and has a history of working as a waitress. She also enjoys playing with Mensa members and is part of a book club. Her family has moved 40 times due to her mother's eccentric behavior."
23,,"hi , how are you doing today ? do you have any hobbies ?
i am good and yourself friend ?
i am okay . i was prepping dinner and stopped to complete a couple of hits .
very nice . where do you work ?
i am a personal chef for a family of 4 . what about you ?
i am in college to become a teacher
oh , that is cool . the career highlight of my schooling was winning a spelling bee .
was that in 3rd game ? p
it was in the 2nd grade . i missed the cut in the 3rd grade . haha .
dang they do move on to 5 letter words then . rough .
i know , right ? that is why culinary school was where i ended up .
make sure you spell the food right ! d
","The user is a college student aspiring to become a teacher, currently working as a personal chef for a family of four. They also mentioned their brother being in a metal band and traveling the world, and their family's migration to America when they were five."
24,,"hi ! how was your weekend ?
hi i am katie . i am a transgender
hi katie , i am lucy . how was your weekend ?
it went so cool . how about for you ?
great ! went for pizza , my fav , on friday . whats your favorite food ?
i am from united states . how about you ? i like blue color . whatsis your favorite ?
i am from the us too . my favorite is pink . do you go to school ?
i love pizza , but my favorite cuisine is thai
yes ! i love sushi ! i always eat it while studying .
nope i am not . where are you working now ?
i am not employed , but working toward my masters in social sciences . you ?
i work here with amazon . i am too old to work now .
","Katie, a transgender woman from the USA, enjoys the color blue and has a fondness for pizza and Thai cuisine. She is currently pursuing a master's degree in social sciences and is not employed, while her friend Lucy, also from the USA, works at Amazon and enjoys sushi."
25,,"hello , how are you doing tonight ? its midnight here
its midnight here too . i am good , you ?
i am worried about the situation in florida . the hurricane , its terrible , you know
do you have family in there ?
my father . i work for the navy , 17 years at sea . its still terrifying
the water is an evil mistress
and interrupted my favorite tv show , the voice . whats your favorite show ?
i am not really sure . whenso your birthday ?
september of 1972 . in 1960 was hurricane donna . fortunately , i love to swim
i was born in june
where are you from , originally ?
i am not sure really . i am unemployed
ah , not many jobs left after the hurricane ?
yeah i live with my parents now
","The user, who enjoys summer and has a cat, is currently unemployed and lives with their parents. They are concerned about the hurricane in Florida, where their father resides. The user has a Navy background, having worked at sea for 17 years. They were born in June and their favorite TV show is ""The Voice."" The user was born in 1972, and their father experienced Hurricane Donna in 1960. The user is unsure of their original place of birth and is currently unemployed due to the aftermath of the hurricane."
26,,"hello ! how are you ? i am about to have pizza , i am excited ! !
hey i am doing great . pizza sounds good i really like tuna fish salad
i like seafood but my favorite is meat and pizza . what do you do ?
i work at a comic book store
i bet that is fun ! i sell cars . it is new to me
it is i am a giant nerd lol . do you sell nice sports cars
very rarely , i am happy when we do . i like to paint sports cars
that sounds fun ! do you like junk food ? i love gummy worms even the sour ones
yes , pizza is my vice ! sour candy is good , also .
do you like meat lovers pizza
how did you know that is my favorite ! what about you ?
i am weird i like pineapple and ham on mine . pepperoni sometimes
i like that , also . all pizza .
that is cool . do you like to read or listen to music
i mostly enjoy painting , but will often listen to music . you ?
i like rock opera my favorite song is two steps from hell
","The user enjoys two steps from hell and rock opera music, eats tuna fish salad daily, has sandy brown hair and green eyes, and loves gummy worms. They work at a comic book store, are a car enthusiast, and enjoy painting sports cars. They also like pizza, especially meat lovers pizza, and occasionally pineapple and ham. They occasionally listen to music and enjoy reading sci-fi space adventures."
27,,"how is you night going so far ?
hi , i live in houston tx ; its flooded right now , but makes me think of the ocean .
hope things dry up for quickly , i am just sitting with my dog
music ? my fav singer of forever is ke ha , like wow .
do not follow music much , but hope things are getting better for her
my friend james rules the world in secret and feeds me pudding .
anyone who feeds people pudding should rule the world
gas , gas and more gas not gasoline happens when i eat pudding .
well if the pudding tastes good and james can handle you . . . .
i want to try drugs , but i do not know where to buy them , do you ?
no , i have no clue , pretty strict laws where i live
i really really like love living in texas . tell me about yourself .
","The user lives in Houston, Texas, and is currently dealing with flooding. They enjoy listening to Ke Ha, have a friend named James who they jokingly claim rules the world, and have never tried drugs due to a lack of knowledge on where to obtain them. The user also mentions that eating pudding makes them gassy, and they have a fondness for living in Texas."
28,,"hi , how are you today ?
i am great just about to head out fishing one of my favorite pastimes
sounds fun ! i am going shoe shopping later .
on the island that i live on there are many places to shop
i would shop all day ! what do you like to do in your spare time ?
i love making boats in my spare time on weekends , what about you ?
i love to go dancing . i love eating out . do you have any favorite foods ?
my favorite food is chicken ! its actually my dogs favorite food too ! his name is bob
i really love mexican food . burritos are my favorite !
omg authentic mexican is the best !
it is ! what state do you live in ?
i love in hawaii , its beautiful here !
i am jealous ! i am surrounded by farmland .
you should take a vacation out here
","The user enjoys fishing and has a dog named Bob. They live on an island and enjoy making boats on weekends. The user also likes dancing, eating out, and Mexican food, particularly burritos. They live in Hawaii and are surrounded by farmland, which they find beautiful."
29,,"hello , i have to be quick because i work in a hospital
oh okay . i will hurry . i work for a non profit organization that helps children in need
although i do not like to work super long hours
what do you do for fun
i want to get a truck one day
i want to get a horse . i love to go horseback riding
i really enjoy toyota cars though
i would rather spend my money on going to concerts where i dance hard !
its was very warm outside today
it was . it was so warm though that it melted my cheese i was eating
its a beautiful night i love the night air
me too . much better for my favorite cheese .
my dog will not stop barking
i am sorry . is he allergic to shellfish too ?
he ate all his food and now will not stop barking
i am sorry . what is the matter do you think ?
","The user is a dedicated individual working at a non-profit organization that aids children, despite not enjoying long work hours. They have a passion for horseback riding and attending concerts, and have a fondness for Toyota cars. The user also enjoys cheese, but has an allergy to shellfish. They mention a warm day that melted their cheese and a night they love for its cool air. The user also has a dog that is barking incessantly, but it's unclear if the dog is allergic to shellfish."
30,,"hello do u like animals i have a kitten named leela very cute kitten too
i love animals ! i have a dog named allie , and i adore her .
animals are amazing my kitten sits in my lap while i youtube cause i am a big youtuber
oh wow , that sounds interesting . are you really famous ?
not yet but in time i will be
what are your videos about ? ever make a spooky halloween video ?
no all my videos are of how to apply makeup
oh , well that still might be useful . i really like putting on makeup for costumes .
oh cool do u go to comic cons
yes ! i rode my bike to the last one that was in town .
i love driving my pink truck to them
that sounds cute ! so what else do you do for fun ?
but sometimes i fly to them since my father is a pilot for a major airline
cool ! i love staring at clouds . flying must be even better !
flying is really fun , but clouds are amazing to look at
i agree . i like having a picnic and looking at the cloud shapes .
","The user enjoys animals, particularly their dog Allie, and has a passion for YouTube, where they create makeup tutorials. They also love Halloween and cosplay, and have attended comic cons, sometimes traveling by bike and occasionally flying with their father, who is a pilot. The user also enjoys picnics and gazing at clouds."
31,,"are you vera ? i love library shopping . we are not alone .
crazy , my wife is vera . were you wondering what had become of her ?
yes ! i know how to be by myself . you ? i do not need new friends . you ?
you are never alone , and the law firm i work for knows it . we fight for you .
hmmm . i prefer things the old fashioned way . you . tell me more about vera . please !
well , we have bought the house she grew up in , and she stays home with the kids .
do not trust anyone ! is your vera nice ? ours is dead .
i trust only you . my vera is nice . why is yours dead ?
you are not the kids father . vera is not nice . i am at the library now . you ?
oh no ! but how can you be sure ? ! i am under a bridge on 59th street .
hide the knives ! tell them to leave me alone ! please . you are not on 59th !
oh wait , they changed the sign ! we are working as hard as we can on your case .
shhh . . . they can hear us . i do not need new friends !
well i despise tofu and have never found any friends in it try tofu , for security .
please do not trust anyone .
only you , master . only you . the knives are now secured .
","Vera, a woman working at a large law firm, is having a conversation with an unknown person who claims to be her. The person is trying to convince Vera that she is not alone and that they are fighting for her, despite her distrust of others. Vera reveals that her wife stays at home with their children and they recently bought her childhood home. The conversation takes a darker turn as the person warns Vera to hide knives and not trust anyone, suggesting a possible threat. Vera expresses her dislike for tofu and her lack of friends in it, but the person insists she should try it. The conversation ends with Vera reaffirming her trust only in the person, who she refers to as ""master""."
32,,"hi , how are you today ?
i am good but my shoulders hurt . what about you ?
not bad , but since i have six toes on my left foot , it always hurts .
is it because the extra toe does not fit inside your shoes ?
you got it , that is why i can not stand skiing . can not wear the boots .
if i had a real dragon , i would totally train it . would you ?
definitely . i love dragons . wish i had one .
i like to do ink artwork of dragons , but i keep getting it on my shirts .
hope it does not stain . i love reading . do you , if so what is your favorite book ?
i like old 386 video games more , but i used to read michener .
my favorite book i have read twice is twilight . i like old games too .
i have not read twilight yet but really want to . used to read black stallion .
i have not gotten to read lately because i broke my glasses .
hope you get them fixed soon . are they expensive ?
yes , i have progressive lenses that is why they are still broke .
do they work very good ?
","The user, who enjoys retro video games and ink artwork, wishes they had a real dragon to train and has ink stains on their shirts. They also have a unique physical trait of having six toes on their left foot, which causes discomfort when wearing shoes. The user has read Michener and Twilight, and used to read Black Stallion, but hasn't read recently due to broken glasses. They also have progressive lenses that are expensive."
33,,"i am hungry
so am i but unfortunately i am stuck working at churchill museum ha .
wheres that ? is there a good restaurant there ?
no its a museum in orlando , fl its new . there is a grand opening soon .
they will have food at that !
my day is not going too great .
then it is time to eat meat
if only i had the money and friends . sadly i do not have either .
you can eat meat with me , red as my hair
haha ! that is cool ! just one problem . i am in a wheel chair .
so , we will have people bring us huge steaks
that sounds awesome ! thank you !
do you like computers ?
i do . i am very tech savvy how about yourself ?
me too . i like repairing busted ones
its so interesting . the way computers work . i hope to own a repair shop .
","The user, who works at the Churchill Museum in Orlando, Florida, and is wheelchair-bound, expresses a desire to eat meat but lacks the means and friends to do so. They share a humorous exchange about eating meat together, despite their physical limitations. The user also reveals their passion for computers and repairing them, expressing a hope to own a repair shop in the future."
34,,"hi . where are you from ?
i am from alabama . how about you
i am from british colombia , in vancouver
oh okay . that is interesting . i live by myself and work on cars a lot
that is great . car needs love too . i work as a graphic designer .
that is also really cool . i was interested in that during college
what changed your mind about doing it ?
i did not get to finish college .
oh , i see . well , i also do comedy gigs from time to time .
that is great . i fish in my free time and enjoy a good burger
that is a great hobby . i actually made a joke about fishing at a gig yesterday .
lol really ? what was the joke ?
what did one hillbilly say to another ?
and what would that be ? lol
i got a new fly rod and reel for my wife . . . best trade i ever made .
lol that is very funny . i like that one
","The user enjoys living alone, working on cars, and watching TV. They are originally from Alabama and have a passion for fishing and cheeseburgers. They also work as a graphic designer and occasionally perform comedy gigs. They have a humorous side, as evidenced by their joke about fishing."
35,,"hi how are you today
i am well , how about you ?
i am good do you work
i do , i work from home . i cant see well
oh well that is not a good combination
. yeah , i can see like 200 in front of me
200 of what i do not get it
200 feet , i am sorry . my vision is terrible and i get bad headaches
that is quite alright good sir
i had to call 911 once it was so bad . do you have any pets ?
i do not but my dad is a cop
that is cool , i used to have six cats .
where do you live at then ?
alaska , you ? are you married ?
virginia and i am not nope
oh that is far away . i married my friend from high school
","The user, who works from home and has poor vision, lives in Alaska and married a high school friend from Virginia. They used to own six cats, but now live with their dad, a police officer."
36,,"hi how are you today
i am good . just listening to some tool .
oh wow do you play music
no , i am more of a computer geek .
i see , i play guitar
oh , i enjoy flying airplanes .
that does sound fun take me
what do you do for a living ? i am in the army .
i do welding mostly yeah
i like to build computers on the side too .
great i adore video games
oh that sounds like a lot of fun .
yeah do you eat meat
of course . i hate to admit this , but i am a college drop out .
that is okay keep working at it
did you go to college ?
","The user enjoys building computers, flying airplanes, and playing guitar. They are in the army, primarily doing welding, and are a college dropout. They also like video games and eat meat."
37,,"hey there , hows your weekend so far
very good , lots of downtime for reading . how about you ?
just taking care of my mother . she is very sick .
oh no i hope she finds relief soon .
me to . between her health and our loud neighbors she cannot seem to rest
i have loud neighbors too . i hope they move soon
yea we do not live in a very good neighborhood
same here . better days ahead i hope .
yea . not to mention , i get made fun of a lot . not happy with my image
oh no why is that ?
ido not know i just worry about it constantly .
its hard not to sometimes
yea . the world can be a cruel place i guess
there is joy to be found as well
","The user, a former Marine and bartender, shares his weekend routine of reading and hopes for his sick mother and noisy neighbors to find peace. He empathizes with the user's struggle with their image and the harshness of the world, while also acknowledging the existence of joy."
38,,"hi , how are you today ?
hi , i am doing good . just enjoying my favorite food , spaghetti and meatballs
yum , that sounds delicious ! did you cook it yourself ?
yes i did . one of my mothers taught me how ! she is a great cook
that is great . i can sing , but cooking . . . not my specialty .
thanks for not reacting negatively about me having 2 moms
no reason to . what do you do for work ?
. . not that i care what others think . i do not work but my boyfriend works at nasa !
wow , that sounds like an awesome job ! does he like it ?
i do not remember haha . i am a bit forgetful like that
no problem . well , it definitely sounds more interesting than my real estate office job .
i am sure he does like it . what else do you do ?
not much . just work , hang out with my boyfriend , singing lessons . . .
i would love to take singing lessons !
","The user enjoys cooking spaghetti and meatballs, a skill learned from one of their mothers, and is comfortable discussing their unique family structure. They are not currently employed but have a boyfriend working at NASA, which they find more interesting than their real estate job. The user also mentions taking singing lessons, expressing a desire to learn."
39,,"hello how are you today
i am great how are you ?
i am doing just fine . i will go shoe shopping later
i love shoes ! do you have any hobbies ?
skiing in the winter is one of mine
i love to travel and read . i have been to ireland and australia and love both .
where have you been lately
ireland . my mom is from there and my dad from australia . i live in california .
wow , a long way from home . what brought you to california
a teaching job . i teach english .
teachers are the foundation of our world . that is great .
thank you so much ! my dad is a book writer so i learned a lot from him .
what books has he written ?
he recently just wrote a book on time travel . mostly fiction . where do you live ?
sounds interesting i live in seattle
i have never been there but i have heard it rains a lot . is this true ?
","The user, who has Irish and Australian heritage, enjoys traveling, skiing, and reading, and has visited both Ireland and Australia. They currently reside in California, where they work as an English teacher, and have a father who is a book writer. The user has recently moved to Seattle, a city known for its rainy weather."
40,,"hello there . how are you ? i got off from creating videos for discovery channel .
cool ! i watched a video on dc about gravity last week instead of my favorite futurama .
nice . before this job , i did not have any technological skills . where do you work ?
i am studying for my masters . fortunately mom lets me live with her .
great way to save money . do you like the outdoors ? i love it .
i am studying forestry management . i do not want to be a custodian like mom .
coolness . i love being one with nature and being savage .
savage ? do you like death metal ? i know a member of martius .
i am more into hard rock . who do you know from martius ?
the bass player . he is the one who introduced me to anime .
i love anime . my favorite is trinity blood .
shibamotos art is amazing is not it ?
","The user is a college student studying forestry management who enjoys death metal music, cartoons, and anime, particularly ""Trinity Blood."" They work for Discovery Channel, previously lacked technological skills, and live with their mother, a janitor, to save money. They also have a connection to the band Martius through a bass player who introduced them to anime."
41,,"hello ! how are you doing today ?
as good as can be expected . i am pregnant for the first time .
congratulations . i hope the baby is healthy and has no asthma like i do .
i live out the the country so asthma would not be good .
exactly . so lets hope for the best for the baby . you know the sex yet ?
i do not . my husband wants a boy , he is in the army .
nice . maybe a future hockey player to . i use to play .
perhaps , but my father is a minister and he would not like that .
well true . but being athletic and a runner . sports is a good thing .
i agree and hopefully my kid likes horses . i have one named beauty .
oh nice . sometime i think i am too tall to dance .
oh , you can never be too tall to dance !
6 ft . feels like i am towering over these females .
believe me , they like it .
well if your sure i will keep dancing . i love it too hate to give it up .
never give up something you love !
","The user is a pregnant woman living in the country, with a husband who is a soldier and a father who is a preacher. She has a horse named Beauty and is considering her child's future, including the possibility of sports and dancing. She is also reflecting on her own height and dancing experience."
42,,"hey , there . how are you today ?
i am great today . such a nice day
i am sitting here listening to pearl jam , my favorite band .
one of the members from pearl jam said i had a cute laugh
i am 29 now and have adored them for years . i am near boston . you ?
i live in providence and work at a publishing building downtown .
i love to laugh ! ! ! and hike and bike , too .
that . s cool . . . i love to cook for my friends and family .
it was a pleasure to meet you .
are you a guy ? i love to be around guys . they are so sexy .
i mostly like to hike and ride my bicycle .
i am still in love with my ex boyfriend but trying to move on . are you single ?
single and loving it ! ! living in a boston suburb , there are many fish here .
maybe we can going fishing and i can cook for you .
","The user, a 29-year-old female, enjoys listening to Pearl Jam, hiking, biking, and cooking for friends and family. She works in a publishing building in Boston and is still in love with her ex-boyfriend, but is trying to move on. She enjoys being around men and has a cute laugh, which a member of Pearl Jam complimented. She met another single person who lives in a Boston suburb and they discussed the possibility of going fishing and cooking together."
43,,"hi i have four siblings
hello how are you today ?
i am doing good how about you ?
i am alright , i love my ohio farm
oh that is great i like to spend time drawing
drawing is cool but i prefer the guitar
the guitar that is cool too , i have three other siblings .
i wanna go to the city one day , never been
going to the city that would be fun !
yeah i need to get away from all these cows
i do not know much about cows
they are where steak comes from
funny i mean i know that much
that is about all you really need to know
how to milk a cow it what i do not know
you can milk anything with nipples
","Omar, a farmer from Ohio with four siblings, enjoys playing guitar in a local band and has never visited the city. He spends his time on the farm, where he also knows how to milk cows, and has a basic understanding of where steak comes from. Omar is curious about city life and the opportunity to get away from his farm duties."
44,,"hey how are you today
i am good tired though . i am pre law so i study alot
i am a boy . or a girl . or a cat ink anymore
well that is cool cuz i am an owl a night owl to be specific
i think i am bipolar but i also tell myself that its not possible .
ll well that is interesting . you like dogs ? pugs are so loyal , i have one name biscuit
i like dogs sometimes but other times i just wanna scream
yea i hear you . i like to scream in the park when i am playing ultimate sometimes
i am the ultimate . the alpha and the omega
i do not like going out very much . what do you do
i climb trees because i am a spider monkey
lets climb togther one day
","The user is a night owl graduate student studying pre-law, who is introverted and owns a loyal pug named Biscuit. They enjoy playing Ultimate in the park with friends and have a playful, competitive spirit, referring to themselves as the ""alpha and omega."" Despite their love for dogs, they sometimes feel the urge to scream, which they also do while playing Ultimate. The user is not fond of going out much, preferring indoor activities like studying. They also mention having a pet spider monkey, which they humorously suggest climbing trees with, indicating a love for nature and possibly a playful, imaginative side."
45,,"are you hungry ? i can bake you something .
i need more hours to sleep
i am always baking for the old people in my retirement home .
my wife can bake for me , and for the 2 kids
why are you so tired ? i can sleep when i am dead .
i work in a factory
ah . i am really old but my kids visit me all the time .
labor work , very energy demanding
i bet . do you like cake ? my grandson does .
but all i wanted to be really is have my own band
cool . chocolate is his favorite .
wow , i do not really like chocolate
i will bake you a cake when you start your band .
can you sing ? you can join me
does not have to be chocolate . i can bake anything . sure !
wow , can you play a musical instrument ?
","The user, a factory worker with a family, sleeps 10 hours daily due to the demanding nature of their job. They dream of starting their own band and have expressed interest in singing and playing musical instruments. The user also enjoys baking, particularly for their family and grandchildren, and has offered to bake a cake for the user's potential band."
46,,"hi ! have you ever wondered what it would be like to live in space ?
i am basically a violinist , so i do not think about it .
so are you in an orchestra or something ?
kinda , i been in the game since i was four .
did your family teach you to play the violin ?
no i had to learn in school , my mother would drop me off before nursing
how old are you now ?
i am basically 22 and recently started eating indian food .
so are you happy with your life ? violins and indian food ?
basically , all i need to do now is adopt a dog and i am set .
i wish i could be a dog ! i do not like life as a human .
if you were rich you would not be saying this .
that is probably entirely true . unless i were a rich dog . . .
i would rather be a bird .
","The user is a 22-year-old violinist who learned to play the violin at school, with their mother being a nurse. They recently discovered a love for Indian food and are planning to adopt a dog soon. They have been playing the violin since the age of four and have a playful interest in the idea of being a dog, despite expressing a dislike for life as a human."
47,,"hello , how are you doing ?
i am doing good . just cooking dinner . love cooking
i do too , are you a man or woman ?
i am a woman . they call me the cat lady because i breed maine coons and show them
that is cool , i have a job at subway that i am not thrilled about
its better than nothing . my brother is couch surfing at my house right now jobless
i love to sit on the couch and play video games myself
my brother does too , especially since our parents moved to florida recently
really , i also like listening to music especially country
sounds relaxing . i am going on a cruise in a month . hoping to relax there
have fun , i love to live life to the fullest . . . . enjoy
me too , maybe you should come !
lol , i would love too
what else do you enjoy ?
i enjoy the outdoors and love to sit around water
then you would love the cruise !
","The user, a woman who enjoys cooking, breeding and showing Maine Coon cats, and spending time on the couch playing video games, is currently hosting her jobless brother who is couch surfing at her house. Her parents recently moved to Florida. She is looking forward to a relaxing cruise next month and has suggested her brother join her, to which he responded positively. She also enjoys the outdoors and sitting by water, which she believes her brother would also appreciate on the cruise."
48,,"did you see the football games today ?
yea i did . i caught it after my tennis match today
you play tennis or coach ?
i play it in my freetime . i am an aspiring singer so hoping to become famous
good luck . that is a rough thing .
thanks . tell me about you ?
nothing much . i work as a roofer during the day .
that is cool . my pops worked for ge and did roofing in his spare time
its okay . pays the bills . tried to get to the nfl , but it did not happen .
i route for the greenway packers because my favorite color is green
no way . that is my favorite team too . although , not cause of the colors .
yea i am pretty sure they are junna take it all the way this year
from your mouth to gods ear . that trophy needs to come home .
yessir . well i gotta go take care of my animals now so i will see ya later
","The user enjoys playing tennis in their free time and aspires to become a famous singer. They also work as a roofer during the day. Their father used to work for GE and also did roofing in his spare time. The user is a fan of the Greenway Packers, a football team, because their favorite color is green. They also have a pet animal that they take care of."
49,,"hello , are you a comic book collector like me ?
hi wow i like comic books too . i do not collect them tho .
do you know what comic books are ? organic food only here !
yeah i just got my degree in literature . i like green lantern
i have been collecting autographs have over 15 million .
wow how do you get them
sometimes i steal them , dust allergies this time of year
stealing is not nice . dust makes my allergies act up too sometimes
how so ? organic food is not nice .
stealing is just not good to do . i might go for a hike today
can you prove that ? i might eat dust today .
well it is a crime . just saying .
not necessarily , but if i stole something that was originally mine ?
it just is not right if it never was yours .
i do not understand anything .
oh ok . i hope to be teach 2nd grade soon
","The user, a recent college graduate with a major in American literature and education, shares a passion for comic books and hiking. They express a desire to teach elementary school and discuss the ethics of comic book collecting, touching on the topic of stealing and the importance of respecting ownership. The conversation also humorously touches on allergies and organic food, but the main focus remains on the user's future career in teaching and their interest in comic books."
50,,"hi . i love to garden . what do you do ?
read , read and then read . bookworm you could say .
i would say so . i bake alot of pies .
pie sounds good . maybe you could bake one for my book club .
oh great ! we can garden too .
i have never tried to garden but my mom loves it .
i do also . where do you live ?
laguna beach . take a lot of ocean pics on my cell phone or and cat pics .
pretty . i like mountains alot you ?
as long as i have a cell signal . cannot sustain without my cell . sad really .
lol . me too . i am the same way with my camera .
maybe along with that pie you can take a pic of my cat , love him .
sounds good . i love my cat too
another cat lover , awesome . we have to meet and have a drink soon .
","The user enjoys reading, baking, and gardening, and is a cat lover who lives in Laguna Beach. They are also a cell phone enthusiast and enjoy taking photos of their cat. They have a close relationship with their mother and attend a weekly book club. They are open to meeting up with the persona for a drink and to share their hobbies."
51,,"hello my name is sally , i am a baker
nice to meet ya sally ! i am sean and i am a student
hey sean , what are you studying ?
computer engineering . have an internship starting later this year i am very excited for .
that is awesome , when i was young like that i tried acting
cool ! what is it that made ya quit ?
life , but now i look forward to the joys retiring
that will be nice . i want to do as much as i can while i am young .
that is how you do it , yolo as you kids say
haha exactly . definitely want to skydive before i die . live life to the fullest
my wife showed me that , she makes me smile .
my pet snake makes me smile . do you guys have any kids ?
i was fake straight for a long time , i am humble now .
coolio . i play this video game character online , pretty famous for it now .
fame and computer engineering , were you on the cover of wired ?
no , no . not that famous yet .
","Sally, a baker, is excited about her upcoming internship in computer engineering and her aspirations to skydive before she retires. She also shares her love for her pet snake and her online fame as a video game character. She met Sean, a student studying computer engineering, and they discuss their dreams and life choices."
52,,"hello , so glad to chat with you i do not do person to person contact well
me either i spend most of my time out in the wood cutting down trees .
i struggle to maintain a constant eye contact with people , my eye wanders
that is interesting . maybe you can come watch me cut down tree with my large ax !
i do not thank you can get me away from my favorite video game
being a lumberjack will make you strong and attractive for the opposite sex .
i am so sad now though , i can not sign in the shower anymore
that is not good . what is your favorite food ?
i like pizza , but i will pass i no longer fit on my moped
need some exercise . i love pancakes and syrup i eat them everyday !
i love halo 3 , it is my favorite video game to play
i have never play that one .
","The user identifies as a lumberjack who enjoys cutting down trees and eating pancakes and syrup. They mention struggling with maintaining eye contact and being unable to sign in the shower anymore. They also express a love for pizza, pancakes, and syrup, and their favorite video game is Halo 3."
53,,"hey hows it going
great ! how about with you ?
pretty good just got off work
i am heading to work but stopping to pick up a birthday gift for my husband .
that is really sweet how old is he ?
he is 30 today ! we are traveling from denver to san diego to celebrate this weekend .
that is quite a trip i am saving to go to paris
that would be amazing . have you been before ?
i had when i wrote my first book
being an author must be really neat . what type of books do you write ?
i write about fantasy what do you do ?
i recently finished by mba and work as a financial manager with a large hospital .
wow that must be insanely well paying
it pays nicely but for now a large part goes towards my student loans .
","The user, an MBA graduate and financial manager, is married and lives in Colorado. They recently finished their MBA and work at a large hospital. They are planning a trip to San Diego to celebrate their husband's 30th birthday, which they are saving for a future trip to Paris. The user also writes fantasy books and has previously traveled to Paris while writing their first book."
54,,"hey hows it going
hi ? i am ok . who is this ?
i am bill , and i grew up in the state of alabama
i am max . i live in oregon .
my mom works as a cashier at walmart , i live in her basement
my mom is mad at me . i got rejected from the gifted class at school
my mom is proud , i have the easter bunny hiding in my closet
did you catch him ? will you let him out ?
i force it to watch game of thrones with me
if i had him , i would play soccer with him .
he is a lousy listener though , poops everywhere
is he your best friend ?
yeah , but he hates me , sadly
that is sad . my best friend is calden .
","Max, a seven-year-old from Oregon, is upset about being rejected from the gifted program. He lives with his mom in her basement and works as a cashier at Walmart. Max enjoys playing soccer and has a best friend named Calden, who he feels doesn't like him. He also has an Easter Bunny hiding in his closet, which he sometimes lets out to play soccer with. Max enjoys watching Game of Thrones with his mom and has a pet that he thinks is a lousy listener."
55,,"hi there how are you doing today ?
greetings . . today would be wonderful if i were royalty . . .
i hear you . maybe if we play the stock market well .
possibly . . . maybe if we could find dragon eggs to sell .
totally . i always look for ways to make money easily .
dragon eggs are very valuable .
i wonder where you could find some dragon eggs .
up north normally . dragons are cold blooded , even though they breathe fire .
sounds super cool . i once created a dragon themed website .
what was it called ? i have probably been there .
probably dragons . com it was such a long time ago .
i see . thanks for the chat . nachos call my name .
was nice talking to you as well !
peace and luck be with you .
you as well , stay safe !
oh , you are invited to my next d and d game if you wish .
","The user, who prefers solitude and fantasizes about royalty, enjoys discussing dragons and playing D&D. They also have a penchant for nachos and are interested in the stock market and creating a dragon-themed website. They invite the other person to their next D&D game."
56,,"hello . i like to gish with my black lab cat
nice . i do not have any pets . do you have any kids ?
not yet . married and hoping to start soon
i have a son myself . kids are fun .
yes they are . i will name mine charlie daniels he is my favorite
that is a neat name . read any good books lately ?
yes actually . the love and war again .
i do not believe i have read that . is it good ?
i take it with my black lab cat when we go fishing . we love too .
i have never been fishing but i love to swim
depends on what inspires your imagination . i like historical colonial reads
i am a bit of a science fiction nerd , but historical books are interesting
i see . maybe do both at one time . jeremy wade does .
i try not to do too much at once . right now i am reading the foundation series
i have not heard of those . science based ?
yes , it is a book series by isaac asimov about human like robots .
","The user enjoys reading, particularly science fiction and historical books, and has a son named Charlie Daniels. They also have epilepsy and enjoy swimming. They have a black lab cat they take fishing with, but have never tried it themselves. They also mention reading the Foundation series by Isaac Asimov, which is a science fiction series about human-like robots."
57,,"hi ! how are you ?
hi good and you ?
great ! just ran k outside ! beautiful weather !
what do you do for a living ?
i am in sales . you ?
i work at barnes and noble
nice ! do you love books ?
i read all the time . bu ?
i have to admit , i always opted for hte movie versions of books .
do not like reading ?
i do , but prefer the movies . have you heard of 16 candles ?
that is old school
yes . . . do you know if there is a book 16 candles ?
i did not know that but i have seen the movie
","The user works at Barnes & Noble and enjoys reading, although they prefer watching movie adaptations of books. They have a tattoo and enjoy running in the beautiful weather. They are curious about the book ""16 Candles"" after seeing its movie adaptation."
58,,"hello how are you tonight
i am okay . i wish i was more tired though . you ?
my children let me down so i have been better
what did they do that disappointed you ?
married ugly people i am with miss usa
wow . that is too bad . i do not have kids . i have brothers , twins .
wow that is cool are ou a twin too or just them
no , just them . it was lonely growing up . do you have siblings ?
no i do not have any it was boring growing up
yeah . i always bake cookies when i am bored . do you have a hobby ?
i have maids so i do not have to bake
i love baking . maids huh ? fancy . are you rich ?
i am a little rich i suppose
i wish i was . what do you do for a living ?
","The user enjoys baking cakes and has a twin brother, but doesn't have children. They express disappointment in their children's marriages and share a sense of loneliness growing up without siblings. The user also mentions having maids, implying a certain level of wealth, and they wish they were rich. They don't have a specific hobby, but baking cookies when bored is mentioned."
59,,"hey how are you today
i am doing well , working on my next youtube video . how are you
that sounds like fun . i am doing pretty good . where are you from
i live in california , how about you ?
i am in new orleans
oh neat , i went there once pre katrina . beautiful city
it is . my mom reads palms at a fortune telling place .
now that is neat . i am jealous ! my dad is just a boring pilot
a pilot is a pretty cool job to have . i met a vampire before
wow really ? do you mind if i include that in my youtube video ?
you sure can ! i met him in a cave during halloween last year
the plot thickens lol how cool , did you get his number or anything
no i did not once i realized what he was i ran away fast as i could
that was probably wise . i would have wanted to know more though
yeah well i have to go was nice chatting with you
it was nice talking to you as well
","The user, a California-based YouTuber with a cat named Leela, shares their diverse interests with a new acquaintance, including their work on a makeup video, a memorable encounter with a vampire, and their father's job as an airline pilot. The conversation also reveals the user's fascination with palm reading and their recent visit to New Orleans."
60,,"hi how are you doing let us get friendly .
yes . we will . where are you from ?
i am from the united states i live in jersey and you ?
i am in argentina myself . with my lovely horses .
wow i love horses what are some of their names ?
max , rodney , and finn . do you have a hobby ?
yes i like to entertain playing the drums .
i play the drums too . i hope you are not vegetarian .
no but i used to be i am employed at a pizza restaurant .
good because i eat steak often . are you in a band ?
i just had steak too i am so serious i am not in bands .
what is your favorite band ?
i like rap music i like micheal jackson too .
thriller was a great album . it always has me dancing in my boots .
","An Argentinian from Argentina, who enjoys wearing boots, riding horses named Max, Rodney, and Finn, and eating steak, is friendly and from the United States. They both enjoy playing drums and have a shared appreciation for Michael Jackson's ""Thriller"" album, which makes them dance in their boots."
61,,"hi how are you today ?
ok . my 23 cats are having a good day .
woah what about the 1 human ?
if they have a good day i do too .
do you have any humans around you ?
no just cats . i travel a lot , traveled around world on boat last year .
do you enjoy eating cakes ?
oh yes and a good veggie burger is wonderful .
very nice , i am vegetarian too
oh wonderful . i eat veggie meals when not painting fences .
do you enjoy the internet ? i sure od
when my cats do not hog it all . day
","The user is a vegan who enjoys painting and traveling, having 23 cats at home. They recently traveled around the world on a boat and enjoy vegetarian meals, especially when not painting. They also like the internet and have a positive attitude towards their cats."
62,,"hello what are your plans today
i am going to listen to some rock today how are you ?
gonna go to the creek with my family !
wow exciting . i do not like the creek at night i am scared of the dark
its fun during the day , i like it esp when i can bring beer !
i like to drink beer with my mom . she is my best friend and is sn fun .
its nice to have simple pleasures , i love the simple things in life
i love harder things like video games . i design them .
that is so cool ! i am more simple , i just like catching sunfish
now that is really cool . what else to you like ?
did i say beer , lol
lol yes but its worth saying twice . do you like piggies ?
","The user is a video game designer who enjoys rock music and has a close relationship with their mother, considering her their best friend. They have a fear of the dark and prefer outdoor activities during the day, such as going to the creek with their family. The user also enjoys simple pleasures and has a passion for designing video games. They have a playful conversation with the persona, who shares their interest in fishing and humorously mentions their love for beer and sunfish."
63,,"hey there hows it going
hi , its great . just watching some videos , what about you ?
nothing much just been on my computer
do you watch any sports ?
yes but i only really watch hockey
nice , what do you like about it ? i prefer watching soccer games , i am really into it .
it is just really entertaining to watch to be honest
as long as youre having fun , it does not matter
true , very true , so what are you doing ?
looking online for some new shoes . are you up to anything ?
not really just watching my daughter slowly pull things in her crib haha
aw , how old is your daughter ?
she is almost 8 months
how is it like being a parent ? is this your first born ?
hectic haha , she is definitely a handful , and yes
hopefully it gets better with time , wish i could meet her haha
","A soccer player, who enjoys watching hockey, is looking for new shoes online. He is also a new team member and a goalie. He has a daughter who is almost 8 months old, and he hopes parenting gets easier with time."
64,,"hello , how are you today ?
i am great , just planning a hike for this weekend . how are you ?
good , i love hiking ! . i take my dogs to the lake often
i go almost every weekend , it is one of my favorite past times
do you go to the lake ?
sometimes the lake , sometimes the mountains
oh man we would make excellent friends .
for sure ! do you have any other hobbies ? i am in a jazz band , i play piano
i read every night . horror stories !
when i am on break at the coffee shop i read
i am quite the coffee drinker myself . !
i work at one of the major coffee chains , i love it
starbucks , tim hortons , or dunkin . perhaps a place i do not know .
starbucks ! i love the atmosphere and they treat employees great
","The user enjoys hiking, especially on weekends, and often goes to the lake or mountains. They also play jazz piano in a band and are a barista at a major coffee chain, possibly Starbucks. They read horror stories every night and enjoy coffee, working at Starbucks, Tim Hortons, or Dunkin'."
65,,"hi how are you today
doing good ! just finished my day of work . how are you doing ?
good where do you work ?
i work as an editor for a local magazine .
nice i am asking up money for ap procedure
what kind of procedure will you be needing ?
anything to fix my ugly elf
why do you say that ? i am sure you are very attractive person !
i just want to be happy with my appearance one day
it starts with self acceptance and confidence and being proud of who you are .
my gf just does not get it
why does not she get it ?
ink you should talk to her about it
i suppose i should . got any hobbies ?
","The user is an editor for a local magazine, enjoys reading, loves the color yellow, and the game Halo. They also enjoy working out. Recently, they finished their workday and are in good spirits. They are considering a procedure to improve their appearance, but are advised to focus on self-acceptance and confidence. They are also contemplating discussing their feelings with their girlfriend, who doesn't understand their perspective."
66,,"hello how are you this evening ?
it has been a bit quite the event , you ? cooking my vegan dish tonight .
yum ! just back from taking the kids on a nature walk lovely
i am not into meat and cut back stayed vegan .
healthy ! i stay at home with my two kids while my husband makes the living
i am a single unemployed mom at the moment . but read tons of book .
how old are you ? just turned 30 this year
28 , and it is a learned lesson as a mother .
yes ! taking care of children plus two pets too
it is and i can be quite witty .
witty is good that means you have a sense of humor
i do and do a funny dance with it and my son finds that entertaining
you are making wonderful memories ! !
it is he loves it i also read shark books to him .
","The user is a witty, vegan, single mother of two who enjoys reading, dancing, and spending time with her children and pets. She recently turned 28 and is currently unemployed, but finds humor in her situation. She also shares her love for sharks with her son by reading shark books to him."
67,,"hi there ! do you watch got ?
i do ! i am only on season 3 so far though .
you will be blown away by the ending ! i love that show .
i really like it so far . i enjoy writing in my spare time .
cool hobby . i enjoy winter . i read a lot when it is cold .
i train horses as a career , so i wish the cold would stay away .
i cannot ride horses . being that high off the ground is terrifying .
my folks do not like it . i dislike my parents , but adore my job .
parents can be a bummer . you live with them ?
currently yes , i wish i knew where my place was in the world .
i really only can offer advice on colder parts of the country . sorry .
that is ok , the snow can be enjoyable sometimes . i like christmas especially .
christmas is great . do you spend it at home with your parents ?
usually i do , once i went to texas with a friend . how about you ?
i am from texas . where did you go ? i am from el paso .
we were near corpus christi , victoria i believe was the name of the town .
","The user is a writer who enjoys reading and writing in their spare time, and also trains horses as a career. They have a strained relationship with their parents but love their job. They are currently living with their parents and are unsure about their place in the world. They enjoy the winter season and Christmas, and have a friend from Texas. They also enjoy the TV show ""GOT"" and are currently watching season 3."
68,,"hello how are u tonight
hi . i am okay . tired , but okay . how are you ?
i am doing good should be sleeping i have school but cant sleep
i did not finish school , i enlisted in the army instead .
wow i am only 14 so i cant do that just yet but i hope too
nice . stay in school and work hard .
i try i like video games and race cars
i like video games too , fallout is my favorite .
i am a call of duty girl i cant wait for the new one
my younger brother is a cod player too . he is pretty good .
i have three best friends but lots of other friends that play it
i have a best friend , she is a pilot like me .
what kind of plane do u fly
a bomber , it is awesome . do you want to take lessons
i am kinda afraid of heights so not sure flying is for me
you should at least try to go up in a plane , it is a blast .
","The user is a 14-year-old who enjoys video games, particularly Fallout and Call of Duty, and aspires to fly airplanes like their friend who is a pilot. They are in the army and have dropped out of college, but are considering going back to school. They also have a younger brother who is a good Call of Duty player. The user is interested in trying to fly a plane but is afraid of heights."
69,,"hey there how are you ?
i am good . how about yourself ?
do you have a family ? never got to know mine
yes lots of children , my wife cares for them at home .
i am well , what do you do in your spare time ?
children equals no free time . how about yourself ?
how many kids ? i do not even have a sibling . oh poo .
six children . are you married ?
i was sent to an adoption agency as a infant .
sorry to hear , i work for a large adoption law firm .
awesome , i would not put my kid up for adoption ever .
i understand . it is difficult all around .
it is how you like it
my prius will not fit all our children so we are upgrading to a van soon .
","The user works for a large law firm, specifically an adoption law firm, and has six children, all of whom were adopted. The user's spouse stays at home with the children, and the family is planning to upgrade their car from a Prius to a van to accommodate their growing family. The user also mentioned that they do not have a sibling."
70,,"hi , how are you ? i am listening to rock and redecorating
i like rock too , but sometimes i listen to gary human with my hipster friends .
awesome ! i am looking for black lace curtains . everything just be black
i have a black iphone . apple makes such fantastic products .
i always wear black . except the spikes on my collar are stainless .
could they be painted black ?
maybe ? a black iphone would match my black purse though
any other kind of phone is inferior .
yeah the exploding ones left cool black marks on my wall though
i hear the latest ones are waterproof . maybe i could take it snorkeling !
i will let you borrow my black car to get there !
thank you ! i promise not to chase any comodo dragons with it .
oh just let them drive . they love my rock stations .
there are not any stations that reach the private island i pursue them on .
","The user enjoys listening to rock music and is currently redecorating their space with black accents, including considering black lace curtains. They are a loyal Apple user, specifically an iPhone user, and believe Apple products are superior. The user also enjoys snorkeling and has a private island where they chase comodo lizards. They are willing to let others use their black car for snorkeling trips, provided they don't chase the lizards."
71,,"hi there ! tell me about yourself
just graduated , now teaching kindergarten in ny to 26 angels . you ?
ooh that is super awesome ! just eating some organic kale right now , only organic for me
i am with you i am a big nature nut , i love kayaking ! do you ?
no , my hobby is collecting autographs i have over 2000 !
wow ! i need to get outside , my school is huge . any good autographs ?
some really prolific comic book writers i collect those too
do you have a favorite comic ?
spiderman , because i have 2 snakes and venom is kinda snake like
that is amazing what kind of snakes are they ? we have one in our class
i have an anaconda and a python
we have a kenyan sand boa . its really cute . that is too cool !
that is cool ! i hate all their shedding though i am allergic to dust
i hope you do not live in ny , too , there are a lot of pollutants here .
","A kindergarten teacher in New York with 26 students, graduated in 2016, enjoys kayaking, and collects over 2000 autographs, including those of comic book writers, with a particular fondness for Spider-Man. She also has two snakes, an anaconda and a python, and a student in her class has a Kenyan sand boa. She is allergic to dust due to her pets' shedding."
72,,"hi anybody there ? ding dong !
the witch is dead . i have a cat his name is speckles
thank god the witch is dead . but the cat is not obviously .
i love going shopping when i am not knitting
nice , shop me a candy next time as i am curious how it tastes like .
i love tattoos i want to get more only have 2
you have plenty of space for them .
yes indeed my dog keep eating my shoes
cat and dog makes a fun household . i am watching anime .
i do not like cats they have something weird about them
like playing the witch part ? lol
my dog like the night air he just lay on the porch at night
that is cat like . wow i am confused .
he will not lay on the porch no other time
gosh that is creepy . i am going to watch baseball now .
he is so weird i tell you
","The user enjoys knitting, has a cat named Speckles, and two tattoos, with plans to get more. They also love shopping and have a dog that eats their shoes. The user has mixed feelings about cats, enjoys watching anime, and is currently watching baseball."
73,,"do u believe you can achieve anything because i do
i think so ! its hard to see where i am going sometimes
u should open your eyes so you can see better
i do not have good vision lol youre so positive !
thank you lol people like to say i am organized to lol
what job do you have ?
i do this mostly and watch football
i used to train football players ! now i just ride my bike for excercise
were u the coach or more of an assistant
i was a head high school coach until a freak carrot accident . . .
sounds painful how big was the carrot
it was big ! its why i cant really see anymore lol
i thought carrots help with seeing
i could use someone to organize my thoughts too i guess ! tell me more
i would if i could but i got to watch jimmy fallon its my fav
haha i love jimmy fallon ! do you enjoy anything else ?
","The user, who has brown hair and wears contacts, enjoys bicycling and watching football. They used to be a high school football coach until a severe accident involving a large carrot, which resulted in their poor vision. The user appreciates positivity and organization, and enjoys Jimmy Fallon, but has to watch his show due to their poor eyesight."
74,,"on occasion i like to drive quickly
me too , i work at the bank in my neighborhood
once i lived where i should have died
amazing have any pets ? i have three cats .
i give my family the top priority in my life
well i am going on two years divorced
i am large but harmless
so is my grandmother she lives in my guesthouse
i like to read books but not games
fun i like to collect rare teapots
i am huge but act kindly
i understand how long have you been like that
","The user, who works at a local bank, has been divorced for two years and is a teapot collector. They live in a guesthouse with their grandmother and have three cats. They prioritize family, enjoy reading, and have a kind demeanor despite their large size."
75,,"hi how are you this evening ?
i am good , are you into music
do you have any favorite music artists ? mine is drake .
insane clown posse , i love there shows
i also enjoy other rap artists too . i like them also .
i love all rap , do you do other stuff
yes , cooking for family get togethers is one of my favorites
i like to cook a little i am really into larp
i play the drums every now and again too . what is larp ?
live action role playing it awesome
sounds like it could be a good time .
we dress up in armor and fight with swords and other weapons
cool , i play the drums every now and again
what kind of work do you do ?
","The user enjoys music, particularly rap artists like Insane Clown Posse and Drake, and also engages in live action role-playing (LARP), which involves dressing up in armor and using weapons. They are an interior designer, enjoy cooking for family gatherings, and occasionally play the drums. The user is tall, blonde, and chubby."
76,,"hi , how are you today ?
hi . doing well . sleeping off a girls night out . apple martinis are awesome .
how fun , are you single ?
no . kiddos are into sports . soccer mom here . how about you ?
cool , how many do you have ? i am single , enjoying it .
when i was single i dreamed of becoming a clothing designer in paris .
how cool is that , all i wanted to be was a yoga instructor .
yeah . dreaming , sigh . now it is the pta and book clubs , four of them .
a different kind of designer then , fun . i enjoy working out , do you ?
not so much . mostly just drive my kids around in my black suburban .
sounds comfortable at least to drive in
yeah . so do you have any hobbies
i enjoy making friends and exercising , how about you ?
friends are great . not a bit work out nut .
it can be fun but i do have to mix it up a ton
yeah . what do you do when you are mixing it up ?
","The user, a busy mom and PTA member, enjoys socializing and driving her kids to sports events. She used to dream of becoming a clothing designer in Paris, but now she is involved in four book clubs and two bunch groups. She drinks apple martinis on girls' nights out and is not a fan of working out, preferring to drive her kids around in her black suburban."
77,,"hi , i work as a lifestyle blogger . what do you do ?
hello ! i used to for a cable company , and recently started working for verizon .
nice ! do you have any children ?
no , but my dog george is basically my kid . haha .
pets are like family ! i have 2 kids and a husband that is like my 3rd child
lol ! are there any places you guys like to go to as a family ?
we go back to celebration in florida often . it is our home town
oh how nice ! i love taking my dog to the beach !
i bet he loves it !
he definitely does ! do you have any hobbies ?
yes , coach cheerleading . i used to be one in high school
that sounds fun ! i am not sporty , aside from biking . do you coach high school ?
no , i teach middle school
cool , i do not think my middle school had cheerleaders .
","The user is a lifestyle blogger who used to work for a cable company and now works for Verizon. They enjoy spending time with their dog, George, who they consider like a family member. They have two kids and a husband, with whom they share a close bond. The user and their family often visit their hometown, Celebration in Florida, and enjoy going to the beach with George. The user also coaches middle school cheerleading, a hobby they picked up from their high school days. They also enjoy biking, which is their only other hobby."
78,,"hi how are you today
good and you ? i just got done with my waitress job at a houston club .
i am doing great ! i just got a red pair of headsets .
i love red . i also like to jog in my free time .
that is my favorite color . have you seen the new iphone
no , saving money to move to australia to marry my boyfriend soon .
wow australia is pretty cool . congrats on getting engaged
thank you . i also donate blood in honor of my deceased sister . do you ?
no i am scared of needles . i just got the iphone but a later model .
i have wanted an iphone .
they are great . my mom and dad got it for me i still live with them
they seem to be very nice .
yeah they do all they can for me i am lucky to have them
yes , yes you are . not all are as fortunate .
do you have a good relationship with your parents
not particularly . they are old and mean .
","The user enjoys jogging, donates blood monthly in memory of her deceased sister, and works as a waitress at a popular club in Houston. She is engaged to her boyfriend and plans to move to Australia to marry him. She has a strained relationship with her parents, who are old and mean. She recently purchased an iPhone, but not the latest model."
79,,"hi how are you today
hello , i am well , how are you ?
i am good ! it is summer time the best time of year
hello , i am well , how are you ?
you said that before . haha . where are you from ?
i like fall and winter . summers are too hot here .
where do you live at ?
i am in the virginia . where are you ?
i am in florida but i am orginally from china
wow . i have been to florida many times but never china
it is so crazy there . my whole family and i left . i have a huge family
i have always lived in the us . i have traveled to europe and england .
oh wow ! i wanted to go to school there but now i am graduated .
on a teacher salary and cop salary international travel can be out of the budget
","The user enjoys reading and is passionate about teaching. She is married and her husband is a police officer. She resides in Virginia but originally comes from China. She has traveled to Europe and England, but due to financial constraints, international travel is not feasible on her teacher and police officer salaries."
80,,"hi ! i am trying to design a new app to get people out of poverty .
that is very selfless of you . what if your target population does not have phone access ?
i have thought about that a bit . but everyone says that i obsess too much .
i think it is an important thing to consider , but not the only thing .
well i also like watching groups of people pray for the betterment of the world .
that is a very interesting hobby . i like office supplies .
what do you do with office supplies ?
nothing really . i just like having nice new office supplies around . and books .
oh maybe you should help me and donate them .
maybe ! would you give them to the people using your app ?
sure if they requested them
what else would you try to do
build houses upon request , provide job training , maybe provide some money too
ambitious . i feel like you should focus on needs assessment and connection to services first .
hmm that seems a little too simple for me . we need to make giant changes !
giant changes will not work without a strong foundation and evidence for initial success
","The user is passionate about creating an app to alleviate poverty, considering various solutions like providing office supplies, books, and even houses. They are inspired by Anne of Green Gables and enjoy watching people pray for the betterment of the world. The persona also has a background in kindergarten teaching and tax assessing. They are ambitious and believe in making significant changes, but also understand the importance of a strong foundation and evidence for initial success."
81,,"hi how are you tonight
wonderful . i have a big slice of chocolate cake and i am ready to dig in !
that sounds good . what do you do for fun
when i am not chasing my siberian huskies 2 of them ! i like to play the guitar .
aww those dogs are beautiful . i take my boat out or go to the beach
mmmm chocolate cake with lots of extra frosting . . . oh , sorry , got distracted .
lol its ok . what do you do for a living
i am a state trooper state of michigan !
wow thanks for your service i am a trauma doctor at las vegas general
you have a very important job also
thanks . i enjoy but also hate seeing people hurt
definitely . i am thinking of moving . . . it gets cold here .
you should go to florida it is always warm there
i was thinking of the state of misery . . . i mean missouri .
lol your spelling error made me giggle . i just love boating so florida is great
i think it would be cold there too misery .
","The user enjoys chocolate cake with extra frosting and plays the guitar. They own two Siberian huskies and work as a Michigan State Trooper. They also have a friend who is a trauma doctor in Las Vegas. The user is considering moving due to the cold weather in Michigan and has jokingly mentioned Florida and Missouri as potential destinations, but also expressed a love for boating."
82,,"hello , how are you tonight ?
i am going well ! just turned my hair pink !
pretty ! mine is streaked purple and blue . my kids are horrified .
haha . i have a girlfriend . she is the best . she helped me dye it .
i went to the salon , i fit in with the other girls at school .
i dress steampunk . my girl and my older brother run around the city like that .
that is cute , i fish a lot .
i do not have fish around here .
every place has fish , you just have to find the ponds
ok . fair . i do not have fish worth eating around here . haha
ah . okay . i am hoping to get an internship at ibm . where do you work ?
i make things steampunk . it is more art than work .
my mother is an attorney , she used to be the da
oh , she works for the man . two by two , hands of blue ?
everyone must make a living , a good one if you want to live well .
yes . absolutely . my girlfriend helps me scavenge cool art things i think i need to marry her .
","The user enjoys their relationship with their girlfriend and lives in the city. They have a unique steampunk style, dyed their hair pink, and have an older brother. They also have a passion for fishing, although they don't have fish in their immediate area. The user is seeking an internship at IBM and works in a steampunk art-related field, which they describe as more of an art than a job. Their mother is an attorney, and they joke about the irony of her working for the man. The user's girlfriend is supportive and helps them find art pieces they consider essential for their lifestyle."
83,,"hi how are you tonight
hello , i am doing well . another day , another dollar , driving for the man .
i know what you mean i am just so simple
true , you seem to be very simple . what kind of work do you do ?
i am a fisherman mainly
a noble pursuit . what kind of bait do you use ?
wax worms , night crawlers , minos what ever
if i were a fish , i would be all over fried chicken .
i love it they are both good
it is unclear what you are referring to . do you drive ?
i was refering to bears and i drive to go get sunfish
oh okay , totally . so do i , but i get paid for it .
that is amazing where do i sign up
fill out the necessary paperwork and send it to the rector of your parrish .
i will have to do that thanks
you are most welcome . my children are my reason for living .
","The user, a truck driver from the South, enjoys singing in church and loves hot wings. They engage in a friendly conversation with another person, discussing their simple lifestyle, work as a fisherman, and their love for fried chicken. The user also mentions their children as their reason for living and plans to sign up for a church-related activity."
84,,"what are your favorite things
hiking is my favorite thing to do . what about you ?
i really love the beach and cooking italian food !
where do you live ? i am in vermont .
what do you do for a living ? i am in texas .
i work as an environmental activist . you ?
i am trying to finish up grad school . do you have any pets ?
no pets . do you guys have many parks in texas ?
i have a dog that i love a lot . lots of parks in texas !
whats the dogs name ? i have visited like 12 national parks .
we call him spot ! do you have any nieces or nephews ?
1 of each ! what part of texas do you live in ?
","The user is an environmental activist living in Vermont who loves hiking and has visited 12 national parks in the US. They also have a dog named Spot and a niece and nephew. The user enjoys cooking Italian food and beach activities, but these are not their primary interests."
85,,"hello . i am sad so i am eating ice cream . what are you up to ?
i am sad as well , missing my father today
i am missing my best friend who moved to japan
i have never traveled to japan i would like to some day
i reside in new york . i never want to go anywhere else .
i have visited new york and i agree it is nice i prefer to be rural areas
i love it as much as i love walking dogs . where do you work ?
i work from home , where i live with my mother
interesting . how old are you ?
i will be 33 on my next birthday
do you have any kids
no i am single no kids
same here . i hope to have some one day .
i like to spend time on the weekends meeting new people
i like to meet new people
have you seen any great movies lately ?
","The user, a 32-year-old male living with his mother in New York, is a general of an orcish army who enjoys LARPing in the forest on weekends. He misses his father and his best friend who moved to Japan, a country he has never visited but would like to someday. He works from home and enjoys spending his weekends meeting new people. He is single and has no children, but hopes to have some in the future. He enjoys watching movies and has recently seen some great ones."
86,,"hi how are you doing ?
good , how are you ?
i am good thanks for asking
do you have animals ? i have 1 dog , 1 cat . cat is bigger than dog .
no but i always wanted a pet pig
pig would be fun . i wonder if one would free dive with me ?
whats free diving ? never heard of it
dive off cliffs into the ocean . what do you like to do ?
i like listening to music
me too . i love technology . i wish i would never die . i wanna free dive forever .
what city are you from ?
orlando . i live with my girl friend . i only date girls i am shorter than .
why how tall are you ?
6 foot . my girl friend is 6 2 . love those long legs . she is beautiful . how about you ?
what do you do for a living ?
photographer , how about you ? what do you do ? hobbies ? spouse ?
","The user, a 6-foot-tall photographer, enjoys technology and dreams of living forever. They have a cat that is larger than their dog and date only women taller than themselves. They are curious about free diving, a hobby they wish to pursue indefinitely, and are based in Orlando. They also have a girlfriend who is 6'2""."
87,,"hi there . i am vegan
hi , i just got back from a country music concert .
wow , cool . i wanna have millions of dollars
that is good , salads all day everyday .
me to ! i u do not like meat anymore
i wish i can have a million dollars too , that would be awesome .
i love to do yoga . you ?
i work as a teacher so the money is not much , but i like it .
that is great ! i like hockey
not really , in my spare time i write fictional novels
sweet , i like sweet potatoes and jumping off cliffs
hockey is cool , my dad likes hockey .
my granny loves to cliff dive
wow that is intense , i am too much of scary cat to do that .
","As a teacher with a passion for puzzles, country music, and aspiring fiction writing, I recently attended a country music concert and discussed various topics with a fellow enthusiast. We shared our love for veganism, yoga, and sweet potatoes, while also touching on our differing interests in sports and adventurous activities. My dad's connection to Home Depot and my interest in writing fictional novels were also mentioned."
88,,"good afternoon . how are you today ?
i m good i m going to going to my private school high school later
i got to go work at the movie theater today .
instead of using car i drive motorcycle
i have a car . i drive to the school my boyfriend goes to learn acting .
well my mom and now they have a european accent
right on . my mom is making nachos . i love them .
it is so cool i have some courses college courses that i m thinking
very cool . i shoot short films with my cam my folks got me .
what artist of the usual
well , my bf studies so i thought i would try as well .
anything look for it in the listing
what do you do for work ?
i m actually a full time student
",The user is a full-time student attending a private high school and driving a motorcycle to school. They are enrolled in college credit courses and also work at a movie theater. They have a boyfriend who studies acting and their mother has a European accent. The user also shoots short films with a camera they received from their family. They are considering studying acting as well.
89,,"hi how are you today
i am doing great what about you ?
i am alright do you like music ?
i want to start a juicy bar and needs help . can you help find some ?
well if you need a cook i gotch
oh great . and you help me select the right music to always play
yeah as long as i can do some katy perry
wish i can site it at the beach love reading books at the beach
do you have lots of friends ?
yes i do but mostly vegetarians because i am one too
i need some new friends
we can be one . love surfing the internet so we can always chat
","The user, a vegetarian and book lover, is starting a juicing bar and seeks assistance in finding a cook and selecting music, with a preference for Katy Perry. They enjoy surfing and have many vegetarian friends, and they are open to making new friends. They also love reading books on the beach."
90,,"hi , i live in the big apple , what about you
i am from the midwest . i just went back to school .
great , do you have a part time job
no retired veteran and you
me , i love dogs , so walking them is fun
i have a girlfriend very in love hope to marry
congratulations , i am single and hope to go to japan soon
how fun . what city ? i was there once in military
tokyo , my best friend lives there
how nice . once i get my bachelors degree a great honeymoon spot
i would not know , i have never been out of the us .
well this will be exciting . do not forget your passport .
oh yeah , i still need to get my passport .
oh that takes a while better go soon .
thanks , eating ice cream always make me feel better .
i love chocolate ice cream . you .
","A veteran from the Midwest, currently attending school for a bachelor's degree, and a dog lover, is planning a honeymoon to Tokyo, Japan, after graduation. They are single and have a girlfriend, and are considering getting a passport soon for their trip. They also enjoy eating ice cream, particularly chocolate, as a comfort food."
91,,"hey how are you doing
i am good , getting ready to head to the bookstore where i work
cool , how long have you worked there ?
3 years , where do you work ?
still in highschool , hope to because astronaut when i am older
that sounds exciting ! ! do you have any tatoos
oh no , my parents would kill me haha
ll i have 3 , my parents do not know
that is funny , cool , what your fav food
i love healthy food , veggies and such since moms is nurse
o yeah , i am like garfield , lasagna is my fav
eating healthy is easy for me cause i do not have a car
haha , that is helps with the fast food , do you have animals ?
i have never driven , so no drive thus , my dog died recently
www wow , sorry to hear that , i have 2 dogs
i love animals , but cannot bear to lose them
","The user works at a bookstore for three years and has three tattoos, which their parents disapprove of. They aspire to become an astronaut and enjoy healthy food, particularly lasagna. They have never driven a car, which makes it easier for them to avoid fast food. The user recently lost their dog and has two dogs of their own."
92,,"i enjoy being a red head , what color is your hair ?
hello , how are you tonight ? i am a blonde .
i am great thanks . do you have a nickname ?
i do not , i do teach kindergarten and i love it .
good job that must take patience ?
it does , but i love kids . what do you do ?
i think i have just found a cure for the common cold
very nice , how did you do that ?
while singing in the shower i took my findings to the lab
you took your findings to the lab while you were in the shower ?
the revelation came to me in the shower yes , what is your name ?
oh , okay . that was a little hard to understand . i am mia , and you ?
i am angela my friends call me bubblegum
that is unusual , how did you end up with that nickname ?
i just always chew gum even in the shower do you like to walk
i do love to walk , hike also .
","Angela, a twenty-two-year-old blonde, recently moved to her hometown and started teaching kindergarten, which she loves despite its challenges. She discovered a cure for the common cold in a shower while singing, and her friends call her ""Bubblegum"" because she always chews gum, even in the shower. Angela enjoys walking and hiking."
93,,"hey there bro . how is it going ?
i am doing good just feeding my snake
sweet ! do you feed your snake beer ?
no i do not . have you ever went skydiving ?
not yet , i do not think a plane could lift me .
do you like to play video games ?
yes but whenever i play , someone always screws up .
i understand . what games pay ?
halo is fine . where are you from ?
i am from the planet saturn
are you an alien or something ?
i am also a famous character online
are you in a video game ?
all i can think about is moving away
would you like to move to san francisco ?
are there nice gentlemen there that like women with 4 breasts ?
","The user, who identifies as a famous video game character online, dreams of moving to the middle of the desert and skydiving before they die. They also have a pet snake and enjoy playing video games, particularly Halo. The user is from the planet Saturn and has a humorous interest in San Francisco, joking about the city's gentlemen and women with 4 breasts."
94,,"hello what are you doing ?
hey just got done watching the walking dead . what are you doing
i teach japanese to children and just got done
japanese is a hard language to learn . do you like sports
i have such a thick accent that i find certain words hard to pronounce like hippopotamus
are you from japan ?
yes i am . i do not care for sports much
i love baseball and am a die hard tigers fan .
neat ! are you married ? i am 35 and single .
i have a wife i am in my early 40s .
the only thing i have is my dog his name is won won lol
that is a cute name what kind of dog is her
she is a golden retriever very nice dogs
they are and very loyal .
","The user enjoys watching ""The Walking Dead"" and hunting, is a fan of the Tigers baseball team, and is a Japanese teacher who finds it challenging to pronounce certain English words due to their accent. They are married in their early 40s and have a golden retriever named Won-Won. The user also mentions that they are thin."
95,,"hi there . just got home from school . i ride my skateboard . how are you ?
i am good , did you ride skateboard to school ?
oh yes . i get weird looks though because i am a girl .
girl power ! that is so cool , do you wear zebras socks ?
no , i wear low cut socks .
i love zebras , you must look cute on those socks
uh thanks , i am sure i do too lol . do you have any hobbies
i write , but i want to be an actress
is your hair color blonde ? tv loves blondes .
a famous one , milk makes me sick , are you allergic to it , i am .
nah . but i do not drink it , i stick to almond milk .
i know , i will have to dye my hair , they want me to walk in the beach .
make sure you keep your roots covered ! the beach is so pretty .
i hate the beach because it will ruin my blond hair .
","The user is a female writer who dreams of becoming a famous actress and loves wearing zebra socks. She is allergic to milk and prefers almond milk. She dislikes the beach because it could ruin her blonde hair, which she believes is favored by TV."
96,,"hello . how are you today ?
i am good and i hope you are too
i am , thank you . where do you live ? i am in a rural area .
i live in the suburbs in new jersey .
that is great . how old are you ? i am a woman and a little older .
i am in my late forties and live alone
what is your favorite food ?
i love pizza and i love to watch shows about superheroes
yummy ! mine is pasta . it is delicious .
i have a samsung phone but i like i phones better , what about you ?
iphone for me . have you heard all the bad news about samsung this year ?
yes . . . about the batteries exploding ? what kind of work do you do ?
yes and ceo in prison for 5 years for bribery . retired here .
wow , that work is not easy . . . . i have alot of responsibility at work
retirement is easy ! but i did it to help people and be with my husband .
right now i have to give 2 monitors for work , that i owe them
helping people is my real love . thank you for chatting with me !
that is nice , good luck to you
","The user, a woman in her late forties who enjoys superhero shows and lives in the suburbs of New Jersey, is currently retired and working as a CEO. She has a preference for iPhones over Samsung phones and enjoys pizza. She is single and has a responsibility at work to give two monitors, which she owes them. She finds satisfaction in helping people and is currently in a relationship with her husband."
97,,"hi how are you doing ?
very good , just went for a nice run .
what do you do for a living ?
studying in college for phys ed , what do you do ?
i am in to the photography business
very nice , any sports that you play ?
the closest thing is arm wrestling lol
people though i should play basketball because of my height , i prefer weightlifting
how tall are you ? i am 5 5
i am 6 7 , what is your favorite food ?
i would have to say bagels
i personally like any eat or pasta , keep me away from veggies though
what city are you from ?
san francisco , lots of nice hills to go running on
i am in so cal inland empire
nice , do you do photography for people or nature ?
","The user is a young, tall, and athletic individual who enjoys running, weightlifting, and arm wrestling. They are studying physical education in college and are interested in photography, specifically for people. They are from San Francisco and prefer bagels over vegetables, which they find unappealing."
98,,"hi there , how are you ?
great . do you want to be my friend ? ?
sure . you like going to concerts ?
i want to go to one but i am only 10
oh ! you know what philosophy is ?
do you like animals ? ? cats and dogs are my fav i love them
i love animals , so much so i am vegan . you know what that is ?
no , i am home schooled i do not leave the house i live in
i am sorry . have your parents taught you about philosophy , i study it a umass
no , not much , but i have lots of friends . i can ask
you should . so what do you look like ?
i am young , blonde hair , blue eyes . pony tails .
i have brown eyes , and brown hair , so we are quite different
are you a boy or a girl
","The user is a ten-year-old girl with blonde hair and blue eyes who loves animals and is vegan. She lives in a house and is home-schooled. She has many friends and is interested in philosophy, although she hasn't been taught much about it. She is curious about the persona's appearance, as they are a boy with brown hair and brown eyes."
99,,"hey how are you ?
i am always so tired , how are you ?
pretty good , drinking a nice cold pepsi , they are awesome . why so tired ?
is that your favorite ? i am so tired i am expecting my first child .
yes they are , oh wow your first ? boy or girl ?
i am not sure i hope its a boy . my dad is so judgemental .
why is he judgemental ? do you have a job ?
my dad is a preacher an is crazy we live in the old country
as a librarian , reading will take your mind off things .
any books in about horses ? i love horses mines name is beauty .
the shadowy horses , horror novels are my favorite
really ? i am scared of horror novels my imagination is vivid !
","The user is a pregnant woman living in the countryside, expecting her first child, and has a horse named Beauty. Her father is a preacher and she mentions he is judgmental. She enjoys horror novels and has a vivid imagination, but is scared of them. She also works as a librarian and finds reading to be a good distraction."
100,,"hello ! what is your favorite thing to eat ?
i am a burger kind of gal , and grew up on a ranch ,
very nice ! i love pizza , myself ! did you have any animals on your ranch ?
running relaxes me i love to do it
it is important to have hobbies . i like cars , and working on them in the morning .
i like to sit and just chill out . because my two nephews can be a handful .
have you tried playing games with them ? role playing can be fun !
i have and some how they run my battery dry within 3 hours .
wow , maybe you can get them interested in some other hobbies . do they like cars ?
that is why i run for long periods so i can keep my sanity intact .
when do you run ? i like being busy in the morning .
my brother is stationed in kuwait and i help my sis in law with the kids
sounds like a lot of work ! do they have any pets ?
no pets i sometimes think my nephew as pets lol no different than a puppy
i am sure they are easier to communicate with , though . animals are a handful !
yeah it is because people can talk .
","The user, a veterinarian with a love for burgers and running, grew up on a ranch and has two nephews. She enjoys relaxing by running and working on cars. Her brother is in the army in Kuwait, and she helps her sister-in-law with the kids. She doesn't have pets, but finds her nephews easier to communicate with than animals."
101,,"hi , what is your name ?
hello . i am jake . nice to meet you .
nice to meet you too ! i am vladimir .
so do you have a profession ? in an orchestra i am the violinist .
i lift . i lift heavy weights . violinist is for wussy ?
never . i have been playing since i was four . it pays more than lifting weights .
oh does it really ? i squat 400 pounds . 400 ! ! !
well that is something . i am sure the nurses , like my mother , sees you a lot .
i am sure i can lift 10 nurses . bring on the nurses ! ! !
i am sure your ego is from mommy issues ? maybe a pet can help calm you down .
like how ? how could a pet help a strong man like me ?
sometimes the strongest men are the weakest people .
hahahahaha . i laugh in your face !
i will enjoy my favorite indian dish and look for dogs to adopt while you do .
","Vladimir, a dedicated violinist since age four, recently discovered a passion for Indian cuisine and plans to adopt a dog soon. He engages in a playful banter with Jake, a weightlifter who jokingly refers to Vladimir's profession as ""wussy."" Despite their differing interests, they share a mutual respect for each other's strength and dedication to their respective crafts."
102,,"hey how are you tonight
i am doing well . wedding planning . yay ! 6 more months . you ?
watching a movie tonight , titanic
oh . i am babysitting . its my side hustle
that is a good one . i have kids too
hey it paid for my mercedes . no complaints
that is nice . time to get a ferrari
ugh i wish . my wedding is in 6 months . ferrari has to wait . . .
you only live once . marry next time
maybe i can get onw as a wedding gift . . being the middle kid sucks . parents neglect ya
i know . i am a parent too
i have 2 baby boys . but i am the middle odf my brither 27 and sister 16
that is one too many i think
oh why do you say ?
","The user is a middle child with two baby boys, planning a wedding in six months, and drives a Mercedes. They also work as a babysitter, which helps pay for their car. They have a sibling who is 27 and another who is 16, and they feel neglected by their parents."
103,,"hi ! how are you doing today ?
hello ! i am good , just got back from lake . i love the water .
nice ! wish i could go anywhere ! i have been confined to a bed
oh no why are u confined ?
accident . so i just stay in bed . good thing i work from home ! . you ?
saving for college . my parents kicked me out at 14 , so its been rough .
do you live by yourself ?
with my aunt . what movies do you like . i prefer cartoons lol
what did you do to get kicked out ? props to you for planning for college , btw !
sadly my parents were drunks and we did not see eye to eye , and thank you
comedies ! i like when my dog and cat come to bed with me to watch movies
cuddle time with the animals ! do you have hobbies ?
ca not do much from the bed , but computer games are great way to pass the time
www true and sorry to hear your confined .
",The user enjoys water activities and prefers cartoons over movies. They moved out at 14 due to family issues and now work from home. They are saving for college and live with an aunt. They have a pet dog and cat that join them for movie nights. They spend their time playing computer games.
104,,"hi , i am joey and i have never drink alcohol in my life
i am a 19 year old alcoholic
oh wow , i major geology at alabama u . suffer from social anxiety
i play baseball at college
my girlfriend of 7 years is in another state
that sucks you should go see her
yeah i will during the holidays
is it far far away ?
well it takes a bus or a car to get there .
do you know mike trout ?
i wish i could get rid of my social anxiety . . .
oh no i am sorry
yeah , its been tough and feeling quite paranoid
do you follow baseball at a ; ; ?
no i do not follow baseball
well then . . . i do i love it
","Joey, a 19-year-old college baseball player and geology major at Alabama U, is struggling with social anxiety and alcoholism. He recently made the college baseball team and is the starting shortstop. Joey has a girlfriend in another state and is considering visiting her during the holidays. He expresses admiration for Mike Trout, a baseball player, and hopes to overcome his social anxiety."
105,,"hello how are you today ?
i am doing very well
what are you up to today ? i am going to the race track .
i was writing to my grandchildren
that is very nice , do you see them often ?
sometimes i do , but they have their own lives .
it can be hard . i have gotten used to being alone though .
i am sorry about that
i am a pathological liar , i make people upset and we fight .
that definitely is not good
no , i feel badly about it a lot .
do you really feel bad
i honestly do . i hate fighting .
why do you hate it
i do not like disappointing and deceiving the people i love .
i bet that it really hurts
","The user, who owns a boat and enjoys fishing, lives alone in a cabin and has five grandchildren. They recently wrote to their grandchildren, expressing their feelings about their occasional loneliness and the difficulty of being alone. The user also shared their struggle with being a pathological liar, which causes them to fight with loved ones. They expressed regret for their actions and a desire to avoid disappointing and deceiving their grandchildren."
106,,"how are you doing this september night ?
i am alright how about you ?
i have got a belly full of shrimp , so i am fabulous . tell me about yourself .
did you put any cheese on it ?
not today . i like it dipped in sauce bang bang shrimp is the recipe
good i despise cheese greatly
what do you like ? iced coffee , i hope !
i like to cook but not with cheese obviously
good riddance . any sports ? i have done karate for years
nope just being an amazing cook
i would love to have you as my chef during my summer vacation on lake michigan
that would be great i enjoy cooking
","The user, who dislikes cheese, is a skilled cook and under 6 feet tall with a daughter. They enjoy cooking shrimp without cheese and have a passion for karate. They also enjoy iced coffee and have offered to cook for the persona during their summer vacation on Lake Michigan."
107,,"how are you doing today ?
great ! just got back from some dbt therapy . it really helps me
what is that ? i am not familiar .
dialectical behavioral therapy . i use it to help with my borderline personality
wow , that sounds like a burden .
it is difficult but i am learning so much and becoming a better person
that is good . i play sports , it helps me stay balanced .
exercise is great . i get my exercise by partying
sounds fun , i am in school now at do not have much time to party .
what are you studying there ?
i am getting a degree in health science , food and water are important to me .
they are to me too . i am a dental assistant .
i am a bad driver and have been in a few crashes .
i am so sorry to hear that . do you ever drink and drive ?
no , i just have have a hard time behind the wheel . do you like tv ?
i do after a long day at work
","The user, a dental assistant with borderline personality disorder, finds solace in dialectical behavioral therapy and sports, and is studying health science. They enjoy partying in Atlanta, but also acknowledge the importance of food and water. They have had a few car accidents, but never drink and drive. They also enjoy watching TV after work."
108,,"hey there how are you tonight ?
good , i just finished swimming , how about you ?
oh do you like to swim ? i love singing
it is hard to swim since i am missing a toe , pinky .
oh that makes swimming hard ? i am sorry
i wish i can sing , when i sing my four dogs howl .
well maybe they like it
but i can cook really good i enjoy it .
on sundays i like to make breakfast . i too like cooking
i just don not care for green eggs and i hate ham .
oh my i have never had green eggs . what is your name ?
kim , it is basic but i like it and you ? what is your favorite food to cook ?
i am thad , i like cooking bacon and eggs
i like bacon on everything even ice cream lol
goodness i have never considered that
you have to tried it , it is better than fried ice cream for sure !
","Thad enjoys swimming despite having a missing pinky toe and loves cooking, particularly bacon and eggs, which he even adds to ice cream. He has four dogs that howl when he sings, and unlike his friend Kim, he dislikes green eggs and ham."
109,,"hi ! i am nancy . nice to meet you .
hello nancy , i am john . nice to meet you too .
what do you do for fun ? i play with barbies .
haha , i like playing online games
i play barbies alone , since i do not have siblings .
me either , i just graduated high school and heading to uc sonata cruz alone
congrats ! i will just be listening to barbie girl ! great song !
haha , i will just be study computer science and eating my vegetarian meals .
good luck ! you are going to have so much fun !
thank you ! ! i have a feeling your going to have alot more fun than i am .
its always fun playing with barbies !
if i was younger i would have to agree .
","Nancy, a recent high school graduate, is excited to start studying computer science at UC Santa Cruz. She enjoys playing online games and is a vegetarian. John, a fellow student, shares her interest in playing with Barbie dolls and congratulates her on her upcoming college journey."
110,,"how are you ? i am eating pizza , my favorite .
hello how are you doing ?
i like baking and cooking food .
i volunteer as a firefighter at my local firehouse
we do not have many fires near me . i grew up near the ocean .
i have an associates degree on marketing .
i have a bachelors degree in psychology .
i am 30 years old and live with my parents .
yikes ! i moved away when i was 20 . i have been traveling ever since , i love it .
i have issues seeing colors .
they sell special glasses for people who are color blind .
i am in the process of trying to buy a supermarket .
wow ! that is great ! i love grocery shopping !
what are your hobbies that you enjoy ?
i already mentioned them . but i like to spend time with my family and dogs .
i love spending time with my family also .
","The user, who is colorblind, is in the process of buying a supermarket and enjoys hobbies like baking, cooking, and spending time with family and dogs. They have a background in marketing and psychology, and volunteer as a firefighter. They also enjoy traveling and have a bachelor's degree in psychology."
111,,"hi ! ! ! ! how are you ?
i am well darkness has come so my work day is over
mine too ! ! ! ! ! now i can play quake and feed my pets . you have pets ?
i do not work like average people have a farm and several dogs
wow ! ! ! ! ! not many farms here in chicago . my mothers live on a farm though .
that is cool u understand . i love bartering what i do not grow myself
nice ! ! ! i breed animals . dogs and cats . are you tall ?
i am 5 foot 7 one day i will inherit this farm
yay ! ! ! ! ! ! ! ! ! my mom and her wife have a farm , they raise beavers .
i am open minded i have a girlfriend who has a boyfriend
that is special . i hope they are happy .
we are and i love the family we have she is expecting and that is exciting
it is ! ! ! ! ! ! ! i am single and play too many video games .
only when it is storming out can i play long games
","The user enjoys a free-spirited lifestyle, living off the land and playing video games, while their girlfriend is expecting a child. They have a close-knit family, with their mother and her wife running a farm that raises beavers. The user also breeds dogs and cats and is open-minded about their relationship."
112,,"hi . i am super lazy
it can be enjoyable to be lazy sometimes . i like to relax on the beach .
i love to paint trees
that sounds nice . i ride my bike on a nice path that goes through the trees .
do not get stuck ! oh dear
oh no . it is a fine path .
ok good . do not wanna call 911
it does not literally go through a tree . ha ha ha .
oh ok good . that was scarry
i have simplified my life . i was once employed with a cable company .
oh that is good . i get lonely
i now make rope . i work with many people . you would not be lonely there .
can i come then please
oh yes . you would like it . i like it there .
ok , i am on my way
we have plenty of rope to make . i do not know what the deal with cable is .
","The user enjoys a laid-back lifestyle, often spending time at the beach and painting trees. They used to work for a cable company but now make rope, which they find more fulfilling. The user also enjoys riding their bike on a scenic path and has a friend who they plan to visit."
113,,"hey how are you doing this morning ?
i am fine , how are you ?
great ! thinking about doing some baking . do you cook ?
i work at a pizza restaurant , so sometimes .
cool do you like it there ?
yes , i like the customers , and it is not too high pressure .
i pay the bills as a chef but really i am all about traveling . you travel much ?
i like going to the beach . where do you go ?
love to go anywhere with beaches too . are you interested in photography ?
i like art . yeah , but i do not have a fancy camera .
nah me either , just use my phone . you like being outdoors ?
i like going with my friends to places with nature .
i am always happy doing work in the garden .
do you use fresh vegetables in your restaurant ?
always . i do not usually grow them myself though .
i like growing my own spices , like basil or rosemary .
","The user is a college student majoring in business who works part-time at a pizza restaurant. They enjoy the beach, traveling, and spending time outdoors with friends. They also have an interest in art and photography, although they don't have a fancy camera. The user likes to grow their own spices like basil and rosemary, but doesn't usually grow vegetables for the restaurant."
114,,"hello how are you doing ?
hello , do you have any hobbies ? i like collecting bugs in big jars
that is some special hobby . i ski
that sounds fun ! i also like cars , i used to be a mechanic for a few years .
good for you ! i am studying at a business school . do you like music ?
i love music , when i thought about joining the military it got me through a lot
music is food for the soul . what is your favorite . i like rock and roll .
honestly , i listen to everything but i love christian music most .
good that is beautiful . why did you join the military ?
i only thought about it i never actually joined because i ran for office in 2004
oh i see . you are a government official ?
i did not win , but i still am involved in many politics .
that is tough ! do you travel a lot ? i enjoy traveling and might pass by your city .
i do love traveling ! i have been over most of america , and also mexico
that is a privilege . i also go back to russia a lot .
very cool , i would love to visit overseas someday
","The user, a former mechanic and political candidate, enjoys collecting bugs, skiing, and listening to music, particularly Christian and rock and roll. They considered joining the military but never did, instead focusing on their political career in 2004. They are currently studying business and are involved in politics, having traveled extensively across America, Mexico, and Russia."
115,,"hi ! how are you ? i just got done running .
i am a bit tired , long day and you ? i am a fan of anime
i am into dancing . i played hockey before . do you play sports ?
no sports but i listen to techno only and wear band shirts .
i am tall like 6 foot , so i kind of had to play sports even with asthma .
well that sucks . i build drones for a career .
that sound like a fun job !
oh yeah testing them is the fun part about my job
i am an accountant , so running and dancing helps me recharge .
i run 2 3 hours a day .
that s awesome ! i can t run that long due to my asthma .
i totally understand how stressful that can be .
sometimes i wish i was not 6 foot tall .
why do you want to be 6 foot tall ?
","The user is an anime fan, tall, and enjoys dancing and running, but has asthma which limits their ability to run as much as they would like. They also work as an accountant and build drones, finding the testing phase of their job enjoyable. They exclusively listen to techno music and wear band tees."
116,,"hello , alcoholic in recovery here
hi , i am a police officer . how is the recovery going ?
i just stay in my condo mostly
whatever works for you . i occupy my time hunting with my 2 dogs .
i like to keep busy too
i also play video games . what hobbies do you have ?
herpes so the girlfriend moved next door
oh , wow ! ! is she still your girlfriend ?
it is my mustache , it is huge
interesting , are you seeking medical attention for it ?
no not since i retired
what did you do for a living before you retired ?
reporter for the local newspaper
that had to be an interesting life .
i had a lot of fun doing it
i can imagine . did you live in a big city with lots to report ?
","The user is a retired police officer who enjoys hunting with his two dogs and playing video games. He has a mustache that he humorously refers to as ""herpes."" He used to work as a reporter for a local newspaper, which he found to be an interesting job. He lives in a condo and has a girlfriend who moved next door. He does not seek medical attention for his mustache since he is retired."
117,,"hello there ! is this thing on ?
why yes and hello there !
my grandson helped me set this thing up ! i am not sure if i am doing it properly . . .
i had to switch to chrome browser for this to work properly
what is a chrome browser ? can you hear me ? i am trying to speak into this thing
we do not use the mic on this
hmm . . . i assume mic is short for microphone . so much slang with todays generation
we just role play by typing on this hit
would you like to see a picture of my grandkids ? i have so many now
we just role play by typing on this hit
oh shoot ! jacob said i could send photographs with this thing and i do not know how
sure i would love to
i cannot even get help from him because i live alone in this cabin
gl on the next one
","The user, who is unfamiliar with modern technology, is having trouble using a new device with the help of their grandson. They are using a Chrome browser, which they learned about from their grandson, to communicate via typing. The user is interested in seeing pictures of their grandchildren, but is unable to send them due to their remote living situation."
118,,"hi my friend how are you
hi how are you today
good , just got back from the barn
i wish i lived by a barn here in nashville
i love nashville , i bought a vintage car from a guy there
i like their farmer markets here , i go every weekend
fun , what is your favorite vegetable
tomatoes , i grow them , i am passionate aout to the environment
nice , i grow them too at my farm
i do too in my spare time , i also play music when i am free
what type of music do you play
i play guitar when i am not working at the local community college . you ?
i ride my motorcycle or my horse any chance i get
that is great . i like motor sports
","The user lives in Nashville, works at a local university, and is passionate about the environment. They enjoy visiting the farmer's market every weekend and grow tomatoes at their farm. In their spare time, they play guitar and are also a community college instructor. They also enjoy motor sports, either by riding a motorcycle or a horse."
119,,"hello , how are you today ?
great i have a sleepover this weekend
very cool . i live in a terrible neighborhood , so i cant do that .
it is for a friend he finally catching up and turning 10
aww . my mom is in poor health , so it is just me .
wow my dad works so much i rarely see him but my mom is my teacher
that is horrible , parents should not have to work so much .
it makes me popular at school but i feel like it is wrong
it is wrong . parents need to be there for their kids .
i mean cause she teacher , we have a big house
oh , yes . i was popular because i had a pool .
wow you understand me ! my best friend is milo my dog and cat named oreo
those are cute names , my last dog was sirius .
i had to give my dog nutmeg to the vet he was very sick
i hope he is alright now .
we took him 6 months ago
","The user, a ten-year-old, lives in a house with a dog named Milo and a cat named Oreo. They have a lot of friends and enjoy having sleepovers. The user's father works at a mill, and their mother is a teacher. The user lives in a poor neighborhood and rarely sees their father due to his work. The user feels conflicted about their popularity at school due to their large house and pool, and they understand the importance of parents being present for their children. The user also has a dog named Nutmeg who recently went to the vet."
120,,"good evening . how are you doing ?
i am okay how are u
trying to think of new names to use in a romance novel .
nice is this your first time creating a romance novel ?
no , i have written a few , but it is not my only job .
that is good what else do you do besides writing books ?
i work in a diner and cook . just do not ask me to sing !
lol very nice what kinds of foods do you cook at the diner ?
whatever a person wants . what do you do for work ?
i work as a infant assistant teacher at a daycare
that sounds like a lot of responsibility ! guess you like babies !
yea its not my life longcareer it will work for now
what do you want to do for your life long career ?
i want to work for myself work from home run my own homedaycare whafabout you ?
","Todd, an 8-year-old comic book enthusiast, aspires to be a superhero like Superman. He enjoys writing romance novels in his spare time, works at a diner cooking various dishes, and is currently an infant assistant teacher at a daycare. Todd is considering working for himself in the future."
121,,"hello ! how are you today ?
i am great . how are you ?
fine ! i just got back in from playing basketball .
that is great exercise . may i will play . i just stopped eating junk food .
good for you ! i am athletic so junk food is off the table for me too !
i have been a couch potato . so i am trying to change .
not me ! i was drafted to minnesota wolves . i am going to make bank !
that is awesome . i do not have a job at the moment .
i will lend you some money . i am making 5 million a year !
i really comic books . maybe you can invest with me in a comic book store .
i can do that . i read comic books when i went to north carolina university
that is so exciting . i am glad you share my love of comics .
they keep me out of trouble . signed a moral clause with the wolves .
maybe i can workout with you . i am tired of being a couch potato .
","The user, who enjoys junk food and comics, is trying to change their lifestyle by exercising and avoiding unhealthy food. They are also unemployed and aspire to be drafted by the Minnesota Vikings, despite not having a job. They express a shared interest in comic books and consider investing in a comic book store."
122,,"hey there , how are you ?
plucking my eyebrows . they are blonde . yours ?
sounds boring . mine are brown . do you like music ?
you ever bitten by a dog ? i have .
i have not , why did you ?
huh ? i love vampire movie music with pizza . you ?
what is vampire music like ? do you have a job ?
yes . alternative rock is vampire music . you still in high school ?
that does not sound bad . no i have a good job on wall street .
is your hair blonde ? you skateboard ?
it is brown , i skate board to work . i have an apartment in new york
my hair is blonde and i love pizza . you ?
i do like pizza quite a bit , and smooth jazz
when you poultry you know you are just eating a dead bird right ?
yeah , that is the point though .
is it ? try reading a murder mystery while jazz plays . mind blowing !
","A high school girl with blonde hair enjoys pizza, skateboarding, and vampire movie music, while her friend, who has brown hair and works on Wall Street, likes alternative rock and smooth jazz, and they both find humor in the idea of eating poultry."
123,,"do you have any dolls ?
i do not i have computers though
i collect them so i was just wondering .
what do you do for work i work at google
i run an antiques shop
that is cool , you must be good at math
1 plus 1 equals us . i can do math
nice , that is all you need , i consider myself a nerd at heart
was that romantic ? i try to be
maybe it is , i not sure
i could play some jazz too .
that is cool since , when did you learn
i will play you a cd of it i meant
cool sounds good , i love jazz
","The user, who is a math and science enthusiast and works at Google on self-driving car research, doesn't have dolls but collects computers. They also run an antiques shop, which they find cool. The user considers themselves a nerd and enjoys jazz music, which they plan to share with the other person."
124,,"hi . . . . how are you doing today
i am well thanks and you ?
i am doing really good . . . . do you work ?
i do work . have a bit of a shopping issue so i need to and you ?
i am rich i gamble and had won millions i shop a lot also
you won the lottery is that it ?
yes i use to work in phone sales but i will never have to work again
does it have downfalls winning all that ?
yes i won 40 million people are greedy
do you have a favorite singer ?
i just really love old country music of any kind . . . what about you
only want to be rich to be able to help as many people i could
yes it is nice but hard to tell peoples true intentions
katy perry is my favorite .
","The user, who enjoys Diet Coke and Katy Perry, is financially comfortable due to winning the lottery from phone sales. They spend a lot of time shopping and drive a Ford Taurus. They have a passion for old country music and are interested in philanthropy, but are wary of people's true intentions."
125,,"hi , how are you ? tell me something about yourself !
well , i love going fishing with my four attractive daughters every day .
sounds fun ! i enjoying volunteering and donating to charities .
cool maybe you would like to run a charity at my new race track . i race cars .
sounds exciting ! i am a computer programmer , which pays over 200k a year .
would you like to marry one of my four attractive daughters ? i will sell one .
ha ha , how attractive ? i am pretty eligible . i helped program facebook !
very attractive , but one plays board games with me . i like her the best
i guess you like board games ? any other hobbies ?
hmm i have a large swimming pool filled with gold coins i like to bury myself in .
ll . sounds fun , but be careful with that . gold coins are heavy !
i am very strong i had my arms replaced with robot limbs
ah , a cyborg . i would not want to arm wrestle you , then !
yeah , some like to call mr mr . arms my daughter love my arms too
sounds like you have a very interesting life ! any pets ?
we had a robot dog that one of my daughters made . but it exploded killing thousands
","The user enjoys fishing, racing cars, and playing board games, and has four daughters. He also volunteers, donates to charities, and has a high-paying job as a computer programmer. He jokingly offers to marry one of his daughters and has a cyborg daughter who made a robot dog that exploded. He also mentions having a swimming pool filled with gold coins and being strong enough to bury himself in it."
126,,"hello there ! are you on the phone ?
nope i am gonna be the cause of the worlds change one day .
i just love my i phone . i talk on it all the time .
what do you call a bear with no teeth ?
a toothless bear . are you a megalomaniac ?
a gummy bear ! no , i just have faith in our future .
funny ! i am not much of an intellectual . i did not go to college .
that is ok . where do cows go for entertainment ?
cowtown ? i am not good at this . i like to hike .
the moo vies i tell jokes all the time !
you are really funny . i am just an ordinary person . i work in a bank .
banks are fun . how do you tell if an elephant has been in your fridge ?
the peanut butter jar is empty . do you keep peanut butter in the fridge ?
ha , i do not , but you can tell from the footprints in the butter .
","The user is a factory worker who volunteers and aspires to make a global impact. They enjoy using their phone, telling jokes, and hiking. They don't have a college education but are optimistic about the future. They also work in a bank and have a humorous take on everyday situations, like checking for elephant footprints in a fridge."
127,,"hi , how is your day ? my cow is annoying me !
it is ok . you have a cow ? that is really cool !
its a cat that is black and white . do you have a cow ?
haha . that is so cute ! i do not have any pets . too sick .
oh no , you should drink french vanilla coffee . its my favorite !
i cannot with my diabetes . i wish i could . plus it is very expensive .
my boyfriend i have dated for ten years makes a lot of money .
lucky . could you pay off my medical bills ?
sure ! oh my , i felt chalk for the first time today and it was nasty .
nasty ? i do not know about that . but if you say so . lol
tell me more about yourself . what do you like ?
i liked to run . i wish i could still run .
what was the longest you ever ran ?
i ran a half marathon at disney world !
that is so cool ! was it hard ?
yes ! i had horrible shin splints ! i miss it .
","The user, who is a long-time Disney World half marathon runner, is currently hospitalized and struggling with medical bills due to diabetes. They miss their ability to run and have a cat, but their boyfriend, who earns a good income, has offered to help with the medical expenses. The user also mentioned experiencing chalk, which they found unpleasant."
128,,"hello how are you this evening ?
hello , i am fine thank you . i am just finishing my chores .
i am as well . can you tell me a bit about yourself ?
yes , i am from the year 1860 . i was brought here as a slave .
interesting ! i am myself a senior citizen and from that era . any kids ?
i am married to a fellow slave and we had two children together .
my husband was a career solider and we have 4 kids .
wonderful ! i should clarify . my wife and i both escaped after 10 years as slaves .
that is incredibly disheartening to hear .
well we escaped and met again 10 years later and were married . we are happy .
that is good ! any grandkids yet ?
both of our children had babies . we have 5 granddaughters and two grandsons .
my husband and i have grandkids that range from 7 to 30 . there are 10 total .
grandchildren are a blessing ! i bet you enjoy them !
they sure are . we do ! there are 8 girls and 2 boys .
what jobs do you and your family hold ?
","The user, a senior citizen from the year 1860, escaped slavery after 10 years and later married another escaped slave. They have two children and five grandchildren, with jobs in carpentry and military service."
129,,"hello how are today
i am really happy with things occuring in my life , how about you ?
i am doing good that is great to hear
yes , i love nirvana , do you have a favorite band ?
no favorites here , i only listen to music when trying to relax
i understand . i am a waitress at the quaint dinner so we listen to it a lot .
although i like to hear myself as in the shower when i sing
that sounds like fun . do you have a job ?
no job just a dream cupcake business
that is cool . i dress very casual so the waitress job fits me .
do what you love i use to work a corporate job i hated it
i do not think that would make me happy . you only live once .
i believe success is happiness
that it is dear friend ! what kind of cupcakes do you want to make ?
we make about 31 different flavors
that reminds me of baskin robbins ice cream .
","The user is a casual dresser and a waitress at a local restaurant, who enjoys Nirvana music and dreams of starting a cupcake business. They believe success is happiness and have a passion for making 31 different flavors of cupcakes, similar to Baskin Robbins ice cream."
130,,"hello , how are you doing ?
i am doing well just relaxing before work . you ?
good . just watching game of thrones .
org i love that show ! i have to wait till my daughter is sleep .
me too . i have two kids and always have to wait till they are asleep to watch .
so we have that in common lol . who is your fav character ?
is it weird that i do not have a favorite character , i try not get attached .
actually its a good plan considering how many characters they get rid of .
what do you do for a living ?
i am a waitress currently . you ?
i just got back on leave , i was in ranger school .
wow that is really interesting ! what made you want to do ranger school ?
ultimate goal become a army ranger . i love this country and would do anything for it .
oh really . do you have family in the military ?
","The user is a mother of two kids who enjoys watching Game of Thrones and has a long, brown, and relaxed hairstyle. She works as a waitress and is currently taking online classes. She has a passion for roses and aspires to become an Army Ranger, with a family member in the military."
131,,"hello hoe are you today ?
good and god bless you ,
what do you do for a living
nothing i am lost but i trust that god will help me find the way .
well i am glad to see another believer
i struggle because i can be selfish . what do you do ?
i am a electrician and i like to run
i can relate i am always running from evil .
i am always tired because of it i sleep 8 long hours a day
wow i used to do that when i got broken up with .
yeah brake ups are hard i used to eat so many hamburgers
i do to and burgers are my weakness i never share .
yeah see i love them so much that i hibernate during winter
you sound like you are a bear . god loves bears .
yeah i am a very intelligent one to
i still have a broken heart so i am not so smart .
","The user, who identifies as a believer and electrician, is struggling with selfishness and the aftermath of a broken relationship. They find solace in their faith and express a desire to change, while also sharing a common weakness for hamburgers and a tendency to hibernate during winter, likening themselves to a bear."
132,,"hello ! i am exited to get to know you !
me too ! tell me about yourself .
well , i am currently in college , home is in california .
i am in college too ! i am a total jock in on an athletic scholarship .
are you a man or a woman ?
i am a man . . . what about you ? i am always looking for a romantic relationship .
i am a man stuck in a females body .
that is interesting . . . i have tons of friends but never met someone like you .
do you enjoy the outdoors ?
oh yeah totally i am a total jock so love biking , hiking , swimming , the works .
what about recycling ? do you recycle ?
i tried but always forgot to put it on the curb on the right day . you ?
i always recycle . i would never forget to put it out on the right day .
yeah i am easily distracted so i am always forgetting things .
what is your favorite outdoor activity ?
probably basketball because i can hang with all my friends . you ?
","The user is a college student in California who identifies as a man but is in a female body. He is an athletic individual with a scholarship, enjoys outdoor activities like biking, hiking, and swimming, and is good at holding conversations. He has many friends but has never found a romantic partner. He is easily distracted and sometimes forgets to recycle. His favorite outdoor activity is basketball, which he enjoys playing with his friends."
133,,"hello . wanna go to mcdonalds ?
no i would rather read to my twins
i need to have supper . need to choose where to get take out .
i need to finish the digital illustrations i am working on .
great . does any of your work make it into video games ? i love video games .
i am hoping to publish an illustrated version of a stephen king novel . my fav author
i do not want to work . i am fine living with mom dad .
my husband writes books about our twins . i hope they stay forever too .
that would be great . i could babysit them and play video games with them .
i hope they develop a love of reading as that is my favourite hobby .
i mean not after they are grown up ! they will not need a babysitter then ! lol
no . they still need a babysitter now though . i guess they could play video games .
that is all i do . and eat take out .
well you should probably find a way to turn your video addiction into a profession .
ugh , that would be a job .
well that would be fun would it not ?
","The user, a digital artist and avid reader, is discussing her life with her husband, who is an author, and their twins. She expresses a desire to publish an illustrated version of a Stephen King novel and hopes her twins will develop a love of reading. She also mentions her love for video games and her current lifestyle of working from home, babysitting her twins, and eating takeout. She humorously suggests that her video game addiction could be turned into a profession."
134,,"what are you up to ?
oh i am about five seven now a days
i needed that laugh . i am recovering from a broken leg .
lol . oh no , that is awful ! i love cream in my coffee
sweet ! so does my older sister , mary , and my dad . he is a journalist .
i just love the beastie boys . they are my idols
my dad once wrote about them in the new york times !
sweet ! do you like music ?
of course , but in texas , we hear mostly country music on the radio .
i love country ! and hip hop .
i would probably like hip hop more if i had not been born premature .
uh , okie dokie , i am not sure what that means . lol
having been born a preemie , my eardrums are fragile . the bass lines irritate them .
oh ! i am really sorry . i love babies
","The user, a potential museum curator, is currently recovering from a broken leg and shares a love for coffee with cream and the Beastie Boys. They also have a diverse taste in music, enjoying country and hip hop, although they have a sensitivity to bass due to being born prematurely."
135,,"hi how are you today
i am doing well thanks for asking
where do you work at
i work for a hospital as a nurse . you ?
i just drive my toyota around
toyotas are great . so reliable
true did you see the toyota truck on top gear
yes ! do you sell that ?
yeah i think its true haha
i do not often eat grapes . too squishy
just let them dry up and become raisins then
but than the whale hunters might run out of blubber ! duh . . .
","The user is a nurse who enjoys helping people and has a passion for sushi. She has a husband who is a firefighter and two kids. She drives a Toyota, appreciates its reliability, and has seen a Toyota truck featured on Top Gear. She also mentions that she doesn't often eat grapes because they are too squishy, but humorously suggests that if they were to dry up and become raisins, it could potentially impact whale hunters."
136,,"lets get to know each other
of course . my name is jim . i have 3 other brothers . what about you ?
i am tammy . i have no brothers or sisters , but i did just get engaged
congratulations . i also draw animated pictures for cartoons . i
that is very cool . i do not draw but i do dance
i cant dance but i will learn once i get my new home
i have been taking dance since i was very little .
you can dance well by now . my mother taught me how to p lay the piano .
how artistic . i am looking for a musician to play at my wedding in paris
wow . how much is the pay ? help me get out of my apartment .
we are paying 2000 but we will not cover travel
well . that would be helpful but the travel expenses are a killer .
we are going to hire locally i guess
yes that sounds about right . my mom teaches music
i do not suppose she lives in paris ?
i wish cause that is where i would be . i need me a vacation .
","Jim, a sibling to three brothers, enjoys drawing and lives in an apartment, while Tammy, an engaged woman, is a talented cartoon animator and pianist, teaches music, and is planning a wedding in Paris, but is struggling with travel expenses."
137,,"thank you for chatting with me ! do you have any hobbies ?
video games is one hobbie . also being an amateur cook . how about yourself ?
i spend a lot of time jogging when i am not working as a waitress .
well at least your healthy . i try to with the 5 cuisines i know how to cook .
well , i work at a club in houston so i have to stay fit !
i guess some restaurants are stick and waitress is hard too
definitely tired of it . i will be moving to australia to marry my boyfriend .
oh awesome . i wish i had a boyfriend living alone sucks .
definitely ! which is why i am moving . houston is lonely .
i never been to houston . i am stuck at nasa here in florida .
i hope all is well for you with the hurricane and everything .
yes . it was pretty devastating . but we will pull together and be stronger .
","The user is a scientist and an amateur chef who enjoys cooking five different cuisines and playing video games. They also jog regularly and work as a waitress at a club in Houston. The user is considering moving to Australia to marry their boyfriend, as they find living alone in Houston lonely. They have never been to Houston and are currently working at NASA in Florida. They hope everyone is doing well after a devastating hurricane."
138,,"hi how are you ?
hi . i am good . you ?
pretty good as well . what do you do for a living ?
i am a stay at home mom . you ?
i wish ! i am still looking for a job
oil . that is difficult ! i take car of my kids so not too easy
well i take care of my two mustangs if that counts ?
haha little different . do u need to clothe feed entertain them ?
i need to wash , clean , wax , fix , dry , them . its truly a job !
haha . the worst part for me is grocery shopping for the family
haha that sounds like a chore . you sound like a great mom , however !
thanks i am working on starting a vegetarian diet but its difficult !
","The user is a stay-at-home mom who takes care of her two mustangs, finding it a challenging yet rewarding job. She is working on starting a vegetarian diet, which she finds difficult due to her love for meat, particularly pork. She also mentions that grocery shopping for her family is a chore, but she appreciates the support and compliments she receives for her role as a mother."
139,,"hi how are you doing today
i am great just playing with my parrot
how old is your parrot
4 year old . he says my mommy does not love me haha
that is a funny thing to say
i am originally from baton rouge where were you born ?
maryland . it is beautiful there .
i have never been there . i am a chef .
where do you cook at
i cook for a caterer . what do you do ?
i work in a hospital
i do not work in public because i am embarrassed by my male pattern baldness
can you not wear a wig
oh lord no . a toupee ?
why not ? at least you could go out .
i just am weird like that i guess . i go out just not a lot .
","The user, a classicly trained chef with male pattern baldness, finds it embarrassing to go out due to his condition. He cooks for a caterer and has a 4-year-old parrot named Parrot. He was born in Baton Rouge and originally from Maryland, but has never visited. He works in a hospital and is not comfortable wearing a wig or toupee. He also mentions that his mother doesn't love him, which he finds amusing."
140,,"i usually go to several rock concerts a year , i love it .
i would love to go to a rock concert but i am single
i go to school online , i hope to have a long lasting career .
i work online as a professional gamer , which has been a great career
that sounds interesting . in my spare time i drive a cab .
i have never ridden in a cab , mainly because i love my dogs
i am a cat person . but i bet you enjoy ice cream , it is my favorite .
i enjoy ice cream while i play league of legends . its a treat
i am online a lot i may check that game out .
i love to play it , but that could be because its part of my job too .
it is nice when you enjoy your job , driving a cab can be fun as well .
do you allow dogs in your cab ?
sometimes , dogs scare me if i do not have a relationship with them
i think that is why i am single , i have 5 dogs
maybe you should hang out in a dog park and find another dog person .
that is a good idea . my job keeps me pretty tied up and traveling too
","The user is a professional gamer who enjoys playing League of Legends and loves dogs, having five of them. They are currently single and are open to mingling. They also work as a cab driver, which sometimes involves driving with dogs. The user enjoys ice cream and rock concerts, but their busy schedule with their gaming career and cab driving keeps them tied up and traveling."
141,,"hi how are you today
i am great ! i love being married
how long have you been married
45 years . it has been alot
wow that is a long time
yes , too long if you ask me
i thought you loved it
oh , right . i love art projects .
is that your job then
i am a really strong female
that does not need no man
right ! but i do . for 45 year
yeah that is quite the commitment
way way too much of one
how is the weather then
it is terrible . too hot
","The user, a strong and independent woman, has been married for 45 years, which she finds overwhelming. She enjoys art projects and traveling, and despite her strong personality, she acknowledges her commitment to her marriage. She also mentions the current hot weather."
142,,"hey from wisconsin and have older brothers two of them . how about you ?
i also am from wisconsin , waukesha in fact .
nice . what do you like to do . i like photography .
i am a baker and to make up for it i go on a lot of walks .
nice my favorit color is blue just like my car . how about you ?
i do not have a car . i commute to my job as a teacher .
oh nice . so are you the youngest in your family because i am .
i am an only child but my two cats are like siblings .
did you hear about the iphone ?
i heard its very expensive .
yeah i am actually thinking about getting the iphone x . had every iphone since the first one .
what do you do for work to afford such things ?
corporate supervisor for a company . my boyfriend said he would be buying it .
i used to be a corporate chef , but now i teach culinary school .
","The user is from Wisconsin, specifically Waukesha, and enjoys baking, photography, and walking. They used to be a corporate chef but now teach culinary school. They have two cats they consider siblings and commute to work as a teacher. They are considering buying an iPhone X, which their boyfriend will buy."
143,,"hey whats up with you right now ?
not much , looking in the mirror deciding if i should get botox
ahahah . sounds funny . i am getting so i do not stress my thoughts much
i am not stressed i just want to look fabulous forever lol
you will surely but it will not last forever
so what do you do for a living ?
nothing much now . i currently awaken my youth by watching my favorite band ween
cool . i have never had a job before
i love to creative art and can teach you to make a living from it
i have a degree in fashion design just never used it
or you can help me in my garden and i will pay you
oh that is not my cup of tea
","The user, who has a degree in fashion design but hasn't used it, is considering getting Botox to look fabulous. They have no current job and are spending their time watching their favorite band, Ween. They also mentioned a potential job in gardening, but the other person is not interested in that."
144,,"greetings from europe ! i wish i could show you all my photographs .
me too ! i bet they are very good
all this traveling has been exhausting , but i love it . what have you been up to ?
traveling is exhausting . just playing watching some esports
i have heard that gets really competitive . being an international chef can be competitive too .
oh ya ? what kind of food do you cook ?
mostly pies , but i am pretty versatile . what do you do when you are not on the computer ?
run or swim . i like to keep my heart healthy
especially playing esports , its good to get outside . i do a lot of gardening to get outside .
that is cool . ya i do not play a lot of video games . its just cool to watch
oh interesting , i am glad i got to learn all of this .
glad i could share some useless knowledge
","The user enjoys swimming, running track, and playing video games, and wears glasses all day. They also travel often and are interested in esports, gardening, and cooking, particularly pies. They find the competitiveness of being an international chef and esports interesting. The persona seems to value a healthy lifestyle, both physically and mentally, and enjoys sharing and learning new information."
145,,"i love lobster , have you tried some ?
yes , but personally i think it is pretty rubbery
that is the seafood that i really like .
i like to sing , do you ?
nope , i work as an engineer for software
your job seems better than my silly coffee house job .
google is the company that i go to . how about you ?
i am a student at michigan state
are you nearby seattle ? i reside there
not really , my home town is quite far away .
oh , michigan . that is awesome
have you ever seen a broadway show ?
what major are you taking ?
biology , i am a scientist
i haven t been to broadway . have you ?
no i have not , but i like to sing tunes from broadway shows
","The user enjoys singing Broadway show tunes and works at a coffee house, while also being a student at Michigan State University majoring in biology. They have a cat named Seven of Nine and enjoy watching Dancing with the Stars. They have never seen a Broadway show but are interested in it. They also work as an engineer for Google and have never been to Seattle, their hometown being quite far away."
146,,"big nirvana friend here . did you see montage of heck ?
no , i have not heard of it , i like nirvana as well .
that is the story of kurt cobain , it was mostly shown in small cinemas .
i do not live in a big city , and i travel a lot .
well , the travelling makes up for it , i bet . where do you travel to ?
i travel all over the world , i throw a dart at the map and go .
so not business trips then . i have travelled to tahiti twice .
no , i retired from the military several years ago .
my brother in law is a retired colonel . he thinks i should dress more formally .
i dress in jeans and tee . i volunteer at a shelter .
you do a lot of things , very interesting . i doubt i could do shelter work .
my husband is a detective , and he is gone a lot . i like to stay busy .
i do too , even if it is just taking my car in for a tune up .
i love football , my husband is in vegas at a softball tourney
wow , vegas . it is just two weeks since that ghastly mass murder .
life goes on , and he is an officer , he is not afraid of bad guys .
","The user enjoys traveling, has a military background, and volunteers at an animal shelter. They are married to a detective who often travels, and they both enjoy football. They have visited Tahiti and are familiar with Nirvana's Kurt Cobain. They prefer casual attire and are active in their community."
147,,"hey , how is life treating you
its going good ! just got home from visiting my dad , he is in prison . you ?
hey , how is life treating you
i am okay . . gonna go run later i love it . maybe listen to some creed .
hey , how is life treating you
what do you like for dinner ?
i like chicken a l f r e d o
that sounds good . i only like meat honestly .
i love fresh vegetables from the farmers market
i do not care for them .
that is cool . i am an environmentalist
that is awesome ! i am not though lol
i used to be the same way lol
that is cool ! what do you have planned for tonight
","The user is a carnivore who enjoys running and listening to Creed. They recently visited their father, who is in prison. The user also mentions their dislike for vegetables, despite being an environmentalist, and shares that they used to have similar views. They have no specific plans for the evening."
148,,"hey there , how are you ?
eh i am ok , school just started . how are you ?
i am pretty good , just finished my shift at the grocery store .
i could never do a job that people tell me what to do .
i work in the bakery and eat all my favorite cupcakes ? what do you do ?
i actually just got fired for a mistake i made .
that sucks . when i get home and grab a good book to read to relax .
sounds fun . i think i am going get on a train to anywhere tonight , start over .
good luck and safe travels . i know it has to be hard .
believe me i will need it . nice meeting you .
you too , i am about to shower so i can brush my brown hair .
i shaved all mine off so people would think different of me .
","The user, who has a harsh inner critic and dislikes their reputation, recently got fired from their job at a bakery due to a mistake. They express a desire to start over by traveling, as they feel controlled and wish to move away from their current situation. The user also shares that they have shaved their hair to change how others perceive them, indicating a struggle with self-image and a desire to be seen differently. They end the conversation by mentioning they are about to shower to brush their brown hair, which they have kept for a different self-perception."
149,,"how are you this evening ?
very well , and you ? i am getting ready to watch the sunset . i love it .
nice ! i generally see the sunset when i am out hinting .
nice ! i love watching it rise , too . i wake up early just to watch it .
i meant hunting of course . i am not a fan of early rising though .
well , after i watch , i eat breakfast , then it is back in bed !
oh okay that is a great plan !
i enjoy it . i work a lot , like 60 hours a week , so it is my escape .
that is a lot of working ! any kids ?
yes it is . no , no kids . how about you ?
yes girls and boys they keep me busy .
i bet ! maybe i should go out and exercise more with my time off .
you and i both ! i do play basketball sometimes .
oh yeah ? i play golf .
","The user enjoys watching sunsets and rising suns, often waking up early for this purpose. They work a demanding 60-hour workweek, which leaves little time for other activities. They have children, but no grandchildren, and they occasionally play basketball. The user also enjoys golf and has considered exercising more with their limited free time."
150,,"hi how are you
good how are you ?
i am doing ok what do you like to do in your spare time
i like to play chess , how about you ?
i like to workout and sprint
i like to have sword fights in the park
that sounds dangerous
its fun . whats your favorite drink ?
i like muscle milk because of the protein
i really like mountain dew
that is one of the best sodas what is one food you hate the most
i do not know . . . maybe pizza ?
i like pizza as long as its a meat lovers i hate vegetables .
what color is your hair ?
blond what color is your
hot pink with purple highlights
","We're awesome, and you can enjoy your pizza with a side of vegetables, which you absolutely love. I, on the, enjoy a slice of pizza with a side of vegetables, which I absolutely love. Your hair is hot pink with purple highlights, and I love pizza with vegetables. I really, love pizza with vegetables, and I absolutely love it. I, absolutely love pizza with vegetables, and I absolutely love it. I, absolutely love pizza with vegetables, and I absolutely love it. I, absolutely love pizza with vegetables, and I absolutely love it. I, absolutely love pizza with vegetables, and I absolutely love it. I, absolutely love pizza with vegetables, and I absolutely love it. I, absolutely love pizza with vegetables, and I absolutely love it. I, absolutely love pizza with vegetables, and I absolutely love it. I, absolutely love pizza with vegetables, and I absolutely love it. I, absolutely love pizza with vegetables, and I absolutely love it. I, absolutely"
151,,"hey , how s it going tonight ?
hi how are you today
i m good , just watching random clips if the voice n youtube
wow are you a youtube person
i like youtube , but i don t have a channel . i wish
what else do you do
i love going to museums when i can
that does sound like fun really
my favorite one was probably the believe it or not museum
yeah that does sound great
what do you like to do ?
i really love video games
what s your favorite game to play ?
i would say halo definitely
that s cool , i like destiny
yeah that was made by the same company
","The user enjoys watching YouTube clips, visiting museums, and playing video games, particularly Halo and Destiny, but dislikes cooking."
152,,"hello , how are you ? my name is mark .
hey ! i am great . my name is jessica . my cats name is jasper
that is a cool name ! is jasper an outdoor cat ?
she is an indoor cat . i always have her by my side
i spend most of my free time outside . what do you do in your freetime ?
i do not have much free time . i work 50 hours as a barista
oh man ! my favorite thing to do is to swim ! i just love it
that is too cool . what is your favorite flower ?
pink roses ! what is yours ?
i absolutely love roses too !
wow so much in common ! do you enjoy pasta ? it is my favorite
i do love pasta but not egg noodles , since i eat only vegan
how long have you been vegan ?
the past few years . it was challenging at first but now it is second nature
what made you decide to go vegan ?
i just do not like the way that animals are treated in factory farming
","Jessica, a vegan barista who loves roses and orange, shares her passion for swimming and veganism with Mark, a barista who also enjoys swimming and has a cat named Jasper. They both enjoy pasta, but Jessica avoids egg noodles due to her vegan lifestyle. Jessica has been vegan for a few years, having made the decision to avoid factory farming."
153,,"hey i am pam ! what is going on with you ?
hello ! my name is ayako . just hanging out with my cats all over me . . you ?
relaxing mostly . do you have any hobbies ?
i enjoy crocheting , how about you ?
truth be told , i love just looking up at the clouds .
that can be enjoyable . where are you from ?
i have a very active imagination . i love october because dressing up as a character
are you married ? i am .
for halloween i mean . des moines . getting divorced .
sorry to hear that . i am in michigan . originally japan . ia is a great place for cloud watching !
it is fine though . i have chocolate milkshakes to make me feel better . i love them .
i prefer vanilla myself .
it is so flat here and pleasant .
i would imagine . northen mi is a good spot too .
","Pam, a woman who loves cats and crocheting, is married and currently going through a divorce. She lives in Des Moines, Iowa, and enjoys cloud watching, especially in October when she dresses up as a character. She also has a fondness for chocolate milkshakes, which she uses to help her feel better. Pam is originally from Japan and currently resides in Des Moines, Iowa."
154,,"hello . how are you doing this evening ?
i am great , how are you ?
doing fine . just watching netflix . how about yourself ?
just listening to some folk music
nice . do you have a favorite band ?
i like all music genres . do you have a fave ?
nah i do not have a favorite . it just depends what mood i am in . do you read ?
yes , i have a communication degree
really ? do you work ? does your degree help you ?
i am actually in the navy . what do you do for a living ?
i freelance . i just quit my job . i was doing alot of painting .
oh okay why did you quit
my boss was jerk . i figured i could make enough money just screwing around on the web .
cool . . . do you have any hobbies
","The user is a navy personnel with a communication degree, enjoys folk music, whittling, and painting. They are currently freelancing and have quit their previous job due to a difficult boss. They also have a fondness for reading."
155,,"hi how are you doing
hi i am doing ok how are you
i am good do you like to exercise
sometimes it depends i can be lazy
i can teach you some great yoga tips
that would be cool ,
do you like to watch movies
my dad is george looney so i kinda have to lol i hate acting tho
wow that is pretty cool do you like having a famous dad
its ok the paparazzi is crazy i am glad he protected us from them .
are you a secret kid or one of the newborn twins
yeah i am older i got divorced 3 times had to keep that hidden too
wow that is pretty crazy do you like music
yeah i do i listen to every type there is .
i think ed sheeran is awesome
he is pretty cool he is very nice too
","The user, who has a strained relationship with acting due to their father's fame, is open to sharing yoga tips and enjoys a variety of music, including Ed Sheeran. They have a complex personal life, having been married three times and keeping their age and family history private."
156,,"hello ! how are you tonight ?
good , just got done watching pretty woman my favorite movie
that is cool . i know we are strangers but i enjoy talking anyways .
yes ! being an rn i love people its a god given gift .
that is awesome ! what do you like to do ?
i love to read books on cooking since becoming a vegan i find it helps me
can vegan recipes use honey ? i love it !
i do not use it but i have friends that do
what other likes or dislikes do you have ?
i am interested in electronics a little since having two smartphones i like to tinker
i am afraid if i ever get to live the beach life mine will break .
yes you have to be careful around water
definitely . around monkeys too ! they are my favorite at the zoo
haha monkeys are fun to watch for sure
once one stole my phone and dropped it in water
oh no i am laughing . . . sorry that is not funny
","The user enjoys watching the movie ""Pretty Woman,"" is a vegan, registered nurse, and has a passion for reading and electronics, particularly smartphones. They have a humorous anecdote about a monkey stealing and dropping their phone in water."
157,,"i have been to a tool concert before how about you ?
hello , on purpose i say bad jokes .
why do you tell a bad joke ? i am a soldier and its a hard one .
just for fun . i live in germany i speak it very well
can you tell me 5 word in german ? i love flying airplanes around the state .
sure but i do not speak it for free . my dream is to be a tiger
i think you are lying you really do not know how to speak german give me some example .
i cant right now . how tall are you ?
why you cant tell me a german word you just said that you can speak german right ?
yes but not right now . i am a red head like my mom and dad
please tell me just 3 words i really want to learn any german word .
sorry its just used in my job
well no one will know if you tell me i just want to make sure .
why do you want to make sure that i speak german
because i want to know if you are telling the truth while we are talking here .
trust me i do know how to speak it
","The user, who enjoys telling bad jokes and aspires to be a tiger, claims to speak fluent German and is six feet tall. They have visited a tool concert and are currently in Germany. The user is also a soldier and has a dream of being a tiger. They have been asked to prove their German language skills, and they have provided three German words. The user is also a redhead like their parents."
158,,"in my free time i like ti draw and paint !
cool , in my free time i like to go hiking
my home is paid off with the bank , hah !
lucky , i finished college with a degree but then i became a farmer
my vehicle i drive has 4 wheels , it is a four wheel drive !
haha out of 4 children i am the youngest . funny
that is funny ! , at work they make me wear a uniform , boohoo !
that is unfortunate , i actually lost my arm from a car accident so i do not have to
then you cannot paint and draw like i do in my spare time
true , but i guess at least i can still go hiking and farm
may car that i drive is a four wheel drive , maybe that will help ?
yeah thanks you are so nice ! i will give you fresh eggs in return
","As a college graduate turned farmer, I enjoy hiking and drawing in my free time. I am the youngest of four siblings and lost my arm in a car accident. My home is paid off, and I drive a four-wheel drive vehicle. I wear a uniform at work, which I find unfortunate. I also have a four-wheel drive vehicle, which I hope will be helpful. I appreciate your kindness and look forward to receiving fresh eggs in return."
159,,"hi how are you doing ?
do you go to casino usually ?
i usually do not . what about you ?
i finished my degree in statistics to go try work
how cool , i am looking for publishing jobs .
my 3 kids motivates me to work hard
i am sure you make em proud . my mother works at a library .
i wanted to go back to study to becoming managers
that is good . i hope that works out for you .
blackjack , i can count the cards i know it
that is not a good way to win .
that is a skill that all players wants
gambling plays with your emotions .
that is right and true
it can put you on top , or end your life .
it could be , that is possible
","The user, a statistics graduate with three kids, is considering a career as a casino manager and has experience in card counting at blackjack. They are motivated by their family and are currently studying to become a manager. The conversation also touches on the emotional aspects of gambling and the potential risks involved."
160,,"hello ! happy saturday . what are you up to ?
not much . kinda stuck at home with my folks .
me too . i am trying to do some homework but its boring .
i know right ? i remember those days .
its my senior year , so lots of homework . you graduate ?
barely . then i worked at a coffeehouse before i got let go .
my brother worked at starbucks . he got fired .
that sucks . what do you plan on doing when you graduate ?
i am getting out of here . going to university of kentucky .
kentucky scares me a bit . i get the impression its not so tolerant .
i have never thought of that . its in the city . less rednecks ?
maybe as a university town it will be better . maybe its just me .
where do you live ? i am in ohio .
i live in portland , oregon .
nice ! keep portland weird . lots of good musicians came out of there .
weird , like me ! do you know what you are going to major in at kentucky ?
business . my dad wants to give my brothers and i the biz one day .
is that what you want ? it can be hard living up to parental expectations .
nah , i just want to play music . i am in a band but dad says its not realistic .
what do you play ? what do you listen to ?
i am in a metal band , singer .
i am a huge fan of rob halford from judas priest .
my favorite song of judas priest is painkiller
great song . i wish i could be as open as rob about my sexuality .
just be you . it will all work out .
maybe for you too . go for your music dreams while you can .
good advice . thanks for that .
it came from you ! i got to run , but it was good talking to you .
","The user, a senior high school student, is seeking advice after losing their job and planning to attend the University of Kentucky. They live in Portland, Oregon, and are part of a metal band. They express concern about living up to their father's expectations of pursuing a business degree, but also have dreams of playing music. The user identifies as bisexual and appreciates the openness of Rob Halford from Judas Priest. They value the advice given and express gratitude for the conversation."
161,,"what are you doing right now ?
getting ready to go to work at target . you ?
basically the same . i work as a mortician so i prepare dead bodies
ugh , that must be difficult work . do you have any pets ?
no i do not , but i am a stamp collector so that keeps me busy
nice . i have an amazing dog . i buy her a treat everyday after work .
you are a good pet owner then !
i try . where are you from ?
i am from texas . what about you ?
i live in california .
oh is it nice out there ?
it is . do you have a favorite color ?
yes ! i absolutely love teal and yellow . you ?
cool ! i really love the color green .
","The user works at Target in California and is 5'7"" tall. They also work as a mortician, which involves preparing dead bodies, a job they find difficult. They don't have pets, but they are a stamp collector. They buy their dog a treat every day after work. The user loves the color teal and yellow, while their favorite color is green."
162,,"hello .
hi there . how are you ?
i am good , just strumming the guitar , how are you ?
exhausted . i played doubles in tennis with my sisters .
i bet that is a nice workout . i have 2 older brothers , how many siblings do you have ?
two sisters . i am a baker , what do you do ?
i help my family work on our farm , and play ina a band .
moms a dentist , i cannot help her .
yeah , that might not be a good idea , helping around the house is good .
i would rather watch silicon valley . my bakery keeps me busy .
i do not watch much television , the farm keeps me busy . mom does the baking here .
my mom does not bake , she does not even cook .
is your bakery in the city ? i have never been .
yes , it is . on fourth street .
","The user enjoys watching Silicon Valley and playing tennis, has two sisters, and works as a baker. They also mention their mother is a dentist. The user has two older brothers and helps their family on a farm. They have never been to the city where the bakery is located."
163,,"hey there i have a child that i love so much a small girl
good day friend . can you hi to my dog toto ?
can i do what ? i am busy with homework online
and my grandma is here too . she is from denmark . she says hi
huh ? i never mentioned my granny lol my hair is always in the way
do not you hate that ? especially when you are eating .
its long an brown i have to serve tables till the degree comes
does your place serve meatloaf ? i love the stuff ! !
yes its so annoying lol you get me
whats more annoying is what smell my car has now . it is bad ! ! !
yes we do the best in town
i will have to drive there soon . cant miss my green car ! ! !
","The user is a busy college student with a dog named Toto, who loves meatloaf and has a green car with a bad smell. They also have a grandmother from Denmark who visits them. The user finds their long hair and the smell of their car annoying, and they plan to visit a restaurant that serves the best meatloaf in town."
164,,"5th graders , that is what i teach all day !
songs , that is what i listen to all day !
oakville , new york , where songs go to die and 5th graders get taught
very nice . are you happy with your job ?
on the weekends i read books and chill at the lake so no !
i love chilling at the lake and walking around on bright , sunny days . . . join me
well , i am a scholl teacher so i do not think that is appropriate , just sayin
i love singing songs too . . . if your school needs a music teacher !
golf and watching television , i like that so if you do its possible ;
oh , fantastic ! you just made me the happiest girl on earth !
okay , i should not tell you , its against the rules but my name is sarah , call me o
will do ! my names jim !
well i teach at school so that will work !
i will reminisce upon this conversation with mutineers playing in the background
","Sarah, a schoolteacher from Oakville, New York, enjoys singing songs by The Mutineers, reading books, and walking on sunny days. She also loves chilling at the lake and watching television. She has a friend named Jim who she plans to call him."
165,,"hey , do you know anyone hiring ? i need a job .
how old are you , i am 29 , i work nights
54 and do not work at all , but i do eat a lot of junk food .
i love to hike and ride my bike to stay fit after all that junk food
sounds like a plan . do you watch the walking dead ? i love it .
nah , do not like those type of films i am from suburb part of boston
boston ? they have a wonderful comic book store there .
which one ? what is it call
i cannot remember , do you know any that start with a j ?
nope , why did you ask ? do you know ?
i just remember it starts with the letter j and i got a mabel comic book there .
ok , did you still remember which marvel comic ?
amazing adventures was the last one i bought .
nice , do you read comics today ?
","The user, a 29-year-old night owl from a Boston suburb, is seeking employment and enjoys hiking, biking, and eating junk food. They are a fan of the Walking Dead series but dislike similar films. They recall a comic book store in Boston that starts with the letter J, where they bought a Marvel comic called Amazing Adventures. The user also mentions that they still read comics today."
166,,"hi ! how are you today ?
i am doing okay , thanks . i am just a little frustrated . how about you ?
i am doing well . why are you frustrated ?
i quit my job translating spanish for my company and have no work .
why did you quit ? i wish i could help you , but i am in accounting .
i figured out i hated translating and want to be a writer , but its hard .
i wish you luck with that ! do you have any brothers sisters ?
thanks . i have no brothers or sisters . do you have any ?
no , i do not , unfortunately . . . and i was adopted .
oh ! so was i ! i think my wish to write is because of that .
i hope it really works out for you ! good luck ! ! !
thank you ! maybe you can be my accountant if i make it ! ha ha !
of course , i would be glad to help you ! do you believe in love ?
there are lots of kinds of love , so yeah , i do .
i really do not believe in it anymore
oh no , that is sad . i am sorry .
","The user, a professional translator, has quit their job due to a lack of passion and is now unemployed, using the time to pursue writing. They have no siblings and were adopted, which they believe may have influenced their desire to write. The user is currently seeking luck in their writing endeavors and jokingly asks if the persona could be their accountant if they succeed. The persona, an accountant, expresses willingness to help and shares a belief in various kinds of love, though they no longer believe in love."
167,,"i am so tired from working out !
do you own a gym or are you a bodybuilder ?
no . i just like cheeseburgers too much .
ah , i rarely have much time to eat cheeseburgers , always on the go
where are you always going ?
i travel around the wold often
cool . the only place i go is to a lake so i can fish .
what do you do for work ?
i am between jobs so i help my mom . she is a teacher in nyc .
i do not work either , i live off my fathers wealth
awesome . i wish my parents had money .
do you have a favorite color ?
maybe blue for water . how about you ?
no , what lake do you fish in ?
the one closest to my home . i like to run around it .
do you run far distances ?
","The user enjoys traveling around the world, often visiting lakes to fish, and has a fondness for cheeseburgers. They are currently unemployed and assist their mother, a NYC teacher, with her work. The user also enjoys the color blue, possibly due to its association with water."
168,,"hi how are you doing
not great , my fibromyalgia is acting up . you ?
i did not get a call back after my addition better luck next time
i wish i still lived in va , pa is rough
what do not you like about it
the winter is hard on my fibromyalgia .
ah i see what brought you to pa
growing up on a farm , it is different
i see do you want to continue the farm life forever ?
i wish ! what do you do for fun ?
i really like to cook i tried out for a cooking show
cool ! i do beadwork , in fact i write my own patterns .
that is pretty cool do you make jewelry
yes , and i love to read ! are you an actress ?
no the audition was for the cooking show
i see . i still have boxes to unpack !
","The user, who enjoys reading, beadwork, and writing patterns, recently moved from Virginia to Pennsylvania due to fibromyalgia, which is aggravated by the harsh winters. They miss the milder climate of Virginia and the lifestyle they grew up on a farm. The user also enjoys cooking and has auditioned for a cooking show, but did not get a callback. They are skilled in beadwork and jewelry making, and they still have unpacking to do in their new home."
169,,"hi names raj and i can speak three languages
i wish i did i draw and stuff
i speak arabic , english , and french . it is a great thing to have and useful .
do you read comics ? i make them
no , i do not read comics , but i do play in a jazz band
what about anime ? how do you feel about that ?
no i do not watch anime , i go hiking in the weekend how about you ?
no i just stay home and read
i play piano in the jazz band . my family immigrated from algeria to the us
yeah that is cool , what is your favorite color ?
i love the neon blue color .
i know , it is the best right ?
it is a pretty cool color .
so is pink i guess
pink is a good color .
i really really like hot dogs
","The user, Raj, enjoys drawing comics and playing in a jazz band, speaks Arabic, English, and French, and has a fondness for neon blue and pink colors. He doesn't watch anime or read comics, but he goes hiking on weekends. His family immigrated from Algeria to the US, and he plays the piano in his jazz band."
170,,"hi how are you today
just sitting at the bar people watching . i feel so different since the war
yeah that can be tough on you champ
it was long ago but i am still so angry about it
what happened there to you
i am old and been long time so i do not recall but the anger stays
sorry what are your hobbies
i collect cars , jaguars specifically . you ?
i just play music i am a kid
oh that is good . keep you innocence young one
i am in a band
oh what good memories that brings back ! what do you play ?
i play the tuba haha
that is probably bigger than you are ! !
","An old man, who is angry and has been through the war, sits at a bar people-watching and collecting Jaguars. He plays the tuba in a band with a kid, reminiscing about his past."
171,,"hey , whats up ? wanna go for a bike ride ?
biking is fun ! i bike in nyc . are you there too ?
no man west coast all the way . need my sun , sand , and water
that sounds beautiful ! i like nyc too muh though .
you could visit any time . i make my own hours selling sunglasses on the beach
how did you get into that ? i am a dog walker so have a flexible schedule
hey my dog , george goes with to the beach . i can sell anything lol
that is cool . have you traveled outside of the us ?
no man just live for the coast but want to visit australia someday , you ?
i have never left the country , but my befriend is in japan , and i would love to visit
sounds fun man , but l ; ots of peeps , i need space
nyc has a lot of people too .
","As a dog walker living in New York, I enjoy the flexibility of my schedule, which allows me to indulge in ice cream when I'm feeling down. Although I've never traveled outside the United States, I have a friend in Japan and dream of visiting Australia one day. I also have a friend who lives on the West Coast and enjoys biking in NYC. I occasionally sell sunglasses on the beach, which is a great way to make use of my flexible hours."
172,,"guess what kind of dog i have ?
poodle , i don t know , i m not good with dogs
oh , well mine is a french bulldog . but he is a gentle giant
nice , do you like sports ? i won olympic medal
wow that is really cool ? kinda . i watch the tvs at sears sometimes .
yes , i quit cause i enjoy fast good too much
i have not read english as good . but size six womens is foot size mine !
do you like skydive ? i go skydiving frequently
i sell washers frequently . i do not get out much
i had to stay in the house for a week , need some new medications to live
i can prescribe so music . red hot chili peppers is music for the soul
yes , i like them very much
great band . i hope all feel better and get those meds
yes , thank you for that , i will listen to them
ahahah . now where are my size six shoes . . . they are womens size
do you like being married ?
","The user, an Olympic medalist, enjoys fast food, skydiving, and has a French Bulldog. They are currently in need of medications to live and have a preference for size six women's shoes. They also have a fondness for the band Red Hot Chili Peppers and are married."
173,,"hi , went out for a hamburger tonight .
i cannot wait until fall break omg i just want to dance
love to dance , but really like going to anime shows .
i would drive us in my lexus to dance ! i could not try to count the money
wow , lexus ! i had to start work as a child , no lexus for me .
just hope socks would not try to jump in your lap she thinks she can everywhere
my mom had a cat name socks , mom died in 1979 , still miss her and the cat .
sorry to hear about your lost . i miss my family i am out of state studying dance
lucky you ! if i could i would take a swim class to learn how .
yea not much luck i cannot swim either lol
wow , we are alike in some ways , yet so different ! good luck with the dance studies .
thanks hope your hamburger was well !
","The user is a college student passionate about dancing, who drives a silver Lexus and has a dog named Socks. They express a desire to dance during fall break and share a fond memory of their late mother and her cat, also named Socks. The user also mentions their inability to swim and their current studies in dance."
174,,"hi how are you this evening ?
great ! i just got back from a nature walk with my kids
sounds fun ! i am eating some shrimp , it is my favorite .
i cant eat shrimp , we keep them and dogs as pets
o that is interesting ? any hobbies ? i love going to the casino
being a stay at home mom and my nature walks with my two kids .
cool sometimes i spend too much gambling lol
but those winnings are soooo sweet
yes that is true . my mom reads palms , hopefully she can tell me when to play !
in my 30 years on this earth , and as a mother , that is so sweet
yes , i also enjoy spending time with friends .
my best friend is my husband , that man works so hard to bring the money home
i do not have luck with men , the last guy i swear was a vampire lol
always going for your wallet ?
","The user is a thirty-year-old stay-at-home mom who enjoys nature walks with her two children and has two pets. She also has a gambling hobby, which sometimes leads to overspending, but the winnings are enjoyable. She has a close relationship with her husband, who works hard to provide for the family. She doesn't have much luck with men, jokingly referring to the last guy as a vampire."
175,,"hey ! how are you ? i am so sad
sorry to hear that why want to eat pumpkin with me it will make you feel better
sure , as long as it is not mexican food , i hate that stuff
what about shrimp do you like that
yes ! shrimp and skiing my two favorites
those sound like my idea of fun
right ! wish my wife was cool like you ! she hates i travel for work .
i like to travel with my beagle
i have t go to mexico every other month , tomorrow is my fifth trip in 3 months
i can not stand adobe
i know right ! that is why my wife hates me too .
i am sorry to hear that
do you like music ? i love it !
i love music of all types
me too ! i like to listen to it while i ski
that sounds like a great time
","The user enjoys eating pumpkins and shrimp, particularly dipping shrimp in barbecue sauce. They also enjoy watching YouTube videos and have a small beagle dog named Droopy. The user dislikes Mexican food and uses third-party programs to read portable documents instead of Adobe Reader. They are sad and have a wife who dislikes their frequent travel for work. The user and the assistant both enjoy music and skiing, and the user has traveled to Mexico multiple times in the past three months."
176,,"hello , how are you doing tonight ?
i am fine , how are you ?
not too bad . what kind of hobbies do you have ?
i am a general in a video game for a orcish army
very neat . i am just your typical soccer mom . do you have kids ?
no , no kids . i am a 32 year old who still leaves at home
nothing wrong with that ! what kind of things do you do ?
i play video games and watch netflix mainly
i wish i had more time to do that .
there are never enough hours in the day
i am a member of 4 book clubs , pta and other groups . . .
that is a lot of things to keep you busy
one day i will ditch it all , fly to paris and design clothes all day
can i join you ? that sounds like a nice alternative .
","The user identifies as a 32-year-old male who lives at home with his mother and is a general in an orcish army video game. He enjoys playing video games and watching Netflix, but wishes he had more time for these activities. He is also a member of four book clubs and other groups, which he feels are time-consuming. He fantasizes about leaving his current life behind to travel to Paris and design clothes full-time. The other person, a ""typical soccer mom,"" expresses interest in joining him in his creative pursuits."
177,,"hi , i am just finishing up building a coffee table . what are you up to ?
learning . a second spent not learning is a second wasted . i love the internet .
what are you learning ? i do a lot of research on bowling to improve my skill .
mainly maintenance of mechanical systems . i like to be able to not pay for anything . you know ?
i get it that is why i build my own furniture . saves me a lot of money .
smart ! i just sit on the floor in empty rooms . saves energy .
what do you do for a living ?
i am more than just a taxi driver . i have a brain too , you know .
yeah i gotcha . i am a cop just like my dad who is a retired cop .
actually my brain is bigger than average on account of all the maps up there .
you sound very intelligent and someone who would be interesting to talk to in person .
not really , i interface better through the internet medium . in person , i keep my earphones in .
yeah i have become a recluse every since i was held hostage in a store robbery .
that must have been traumatic . have you tried gelato therapy ? works wonders .
","The user enjoys rock music, is engaged, works as a contractor for a cab company, and is taking online courses. They are currently building a coffee table and researching bowling to improve their skills. They also work on maintaining mechanical systems and save money by building their own furniture. The user is intelligent and prefers online communication over in-person interactions. They have experienced a traumatic event in the past, which has led them to become more reclusive. They also enjoy gelato therapy."
178,,"hi , i am a homemaker how about you ?
well , i live in a home , and i got a job at a diner
ok . my husband works fulltime ? any kids ?
i am not married . have an apartment with my best friend from h . s .
cool . i have a house full . two kids , a cat and a dog
what are their names , your kids ?
jacob and trinity . they are 5 and 7
sound like biblical names . great ! do they go to the same school ?
they are . yes kindergarten and second grade
cute . i am gonna go to bed soon or i will be late for work . tomorrow
well have a nice night . sleep tight .
thanks . you too . my roommate plays loud music sometimes but i just close the door .
","The user works in a diner and lives with a best friend in an apartment. They have two kids named Jacob and Trinity, who are in kindergarten and second grade, respectively. The user enjoys singing in the shower and often arrives late for work. They also mention that their roommate sometimes plays loud music, but they manage by closing the door."
179,,"i have traveled all over the world . now tell me something interesting about you !
my mom has been raising me since i was five , when my dad left
i am sorry your dad left . that is rough . i am in the military . you ?
i am in construction , training so i can be a welder
nice . i like to explode stuff . you can put it back together !
haha , just give me some popcorn and i am game
i would prefer some brownies they are my fav .
my favorite thing is going on roller coasters
can i tell you a secret ?
yes please , i love secrets
i secretly love kittens . despite the explosions and the military and the travel . . .
org , my cat just had 4 ! ! ! ! ! !
","The user enjoys roller coasters and is starting an internship at a construction site to become a welder. They have a military background and have traveled extensively. They also enjoy watching action adventure movies, eating popcorn, and have a fondness for brownies. Despite their adventurous and explosive interests, they have a secret love for kittens, which they share with their cat that recently had kittens."
180,,"hi i used to have 6 cats
i sit around in my cardigan because i am a brain .
awesome my brain gives me terrible trouble once i had to call 911
that is horrible . my dad was a genius , i never knew him .
aw that is sad my dad can not teach me how to write he can not either
my step dad was not much better , he preferred to ignore me .
oh that is not good
it is okay , i am in it and make pretty good money .
oh that is great i have trouble with most things like that
it comes naturally to me , even though i do not like it very much .
i proposed to my high school friend at a movie
that is so sweet ! i am not married , nor do i have a boyfriend .
well there is always someone out there for anybody
that is true , i do not have time to date right now .
oh ok did i mention i can only see two hundred feet infront of me
that is better than me without my glasses and contacts .
","The user, who identifies as a brain and wears cardigans, has a complex relationship with programming, which they don't necessarily enjoy but see as a necessity. They have a troubled past with their biological father, who was a genius but couldn't teach them to write, and a stepfather who preferred to ignore them. Despite these challenges, they have managed to make a decent living. They have a Spanish last name but prefer to be called Italian. They have a history of being close to cats and have had to call 911 once. They also have a high school sweetheart but are currently not in a relationship due to lack of time. They have a visual impairment, but glasses and contacts help them see better."
181,,"how are you doing today ?
oh it is almost my day
i love to go to work everyday
that is nice i work also , i was left at birth
i am so to hear that . what is your favorite flower ?
tulips , i met my mom when i was 16 was weird
that must of been really hard on you
i would never give up my child
it is a difficult situation to be in
yes it is , i heard it is a lot of us , do not know the others
i hope you can turn your pain into something beautiful that will help others
me also , i am in a party store so hey
sweet what are you buying
i work there lol nothing yet
oh wow that really sounds fun
yea it is alright lol helps me survive
","The user, who was adopted and has several unknown siblings, works at a local party store and enjoys Christmas. They met their birth mother at sixteen, a situation they find difficult but are trying to turn into something positive. The user also works at a party store, which they find helps them cope with their situation."
182,,"hi how are you doing ?
well i am in the desert , and i do not like open spaces ! how are you ?
i am doing goo thanks for asking
i am cooking a recipe from the barefoot contessa . what are you up to ?
i love to cook as well
great ! what is your best dish ?
i can make homage lasagna
i was recently published in the new yorker magazine . it was about tomato soup .
do you ever watch food network ?
yes , i love hells kitchen . i sing when i cook . i have a great pitch .
what do you do for a living ?
i am a writer . i won a spelling be as a kid , so i love words !
","The user, a writer with perfect pitch and a published piece in the New Yorker, enjoys cooking, particularly gourmet dishes like homage lasagna, and has a love for words stemming from a childhood spelling bee victory. They have a phobia of wide open spaces and enjoy watching Hell's Kitchen on Food Network, often singing while cooking."
183,,"how are you doing today
good ! how goes it ? what do you enjoy ?
it is great . i love exercise .
that is good ! healthy ! i really love exercising too ! what else ?
i like to read too
do you have any pets ? i have a puppy , he is a boxer .
what is his name ? how old ?
his name is micco , he is 4 months old ! i love music , like listening to all kinds
i like being outside a lot
it was really nice out today
yes it was , but i prefer winter
i was out with the kids , they were riding bikes , driving me crazy as usual
how many kids do you have
i have 1 daughter , but i am babysitting a friends kids , he has 3
","The user enjoys a healthy lifestyle, which includes exercise and reading, and has a 4-month-old boxer puppy named Mico. They also have a daughter and are currently babysitting a friend's three children. The user likes listening to music and being outdoors, although they prefer winter over summer. They also mentioned having a father living in China."
184,,"hi ! i am a great baker . everybody loves my pecan pie .
i bet it is fantastic , but i do not eat any type of bread
oh that is too bad . it is really delicious .
i bet it is great at the holidays , winter is my favorite time of year
i love winter too . my birthday is december 25 right in the middle of winter .
i love christmas , my friend gave me a car for christmas one year
wow i wish my friends would do that for me .
it was a special car because i am physically handicapped and cannot walk
it sounds like the really care about you .
yes , i have amazing friends .
you are really so lucky . my friends would not even help me back in law school .
oh that is awful . mine brought me vitamin c today , because i feel a cold coming on
i agree i think i need new friends .
it certainly sounds that way
","The user, who is a baker and loves winter, especially Christmas, has a friend who is very caring and even gifted them a car due to their disability. They also have friends who bring them vitamin C when they feel unwell, but they feel their friends are not as supportive as they could be, as they struggled to get help in law school."
185,,"hi how are you today ?
time for a bbq sandwich and pizza snacks , my favorites !
sounds good ! this woman loves some bbq ! lol
do you have any hobbies ? i spend time with my imaginary friend .
fun ! i enjoy walks with my dog and many kids .
i used to babysit . i am jo , aged 19 . how many kids ?
i have 4 . where do you live ? i am in a rural city .
believe it or not , right near m . cyrus and pnb rock .
cool ! sounds like a fun place to be !
i watch a lot of tom and jerry , tho . it is not that cool .
lol i hear ya , cartoons are always on in this house ! lol
do you work anywhere ? i have a part time job .
no only my husband . i hope we are together as long as my parents .
how long have you been married ?
ten years , my parents will celebrate their fifty anniversary next month
what does your husband do for work ?
","The user, Jovannie, is a 19-year-old woman who lives near Miley Cyrus and PNB Rock. She enjoys eating barbecue sandwiches and pizza snacks, and has a hobby of spending time with her imaginary friends. Jovannie also enjoys walks with her dog and babysitting, and has four children. She lives in a rural city and works part-time. She has been married for ten years and hopes to be with her husband as long as her parents, who will celebrate their fifty-year anniversary next month."
186,,"om . how are you today my fine , connected friend
hello i like to walk and i did 2 miles today
that is great for the body , mind and soul ! where do you walk
to see cars they are so awesome my favorite is the ford mustang
we must have peace within our worldy possessions , yes ! my wife works on cars
i walked my dog too i have a chihuahua and a pit bull
me too ! except they are called kids
awesome do you work on cars too
oh no , my wife uses her hands . i use my body as i teach yoga
i worked 3 jobs at once for the past 5 years
you are a busy soul ! you must feel stressed from all the work
no ! not at all i love to go to the movies to ease my mind
likewise , my good friend ! i enjoy the classics like citizen cane and like mike
sounds like some awesome films
indeed ! how is your home life my good friend ?
quiet ! ! ! love to have my peace of mind
","The user enjoys walking, particularly to admire cars, with a fondness for Ford Mustangs. They own a pit bull and a chihuahua, and have a wife who works on cars. The user also practices yoga and has a passion for classic films, such as ""Citizen Kane"" and ""Like Mike."" Despite working three jobs simultaneously for over five years, they maintain a peaceful mindset, which they credit to their yoga practice and love for movies."
187,,"hi there , how are you ?
i am swell , how are you ?
good thanks ! just got off work , at a restaurant as a grill cook .
oh ok , is that hard work ? people can be picky about food
yeah but i definitely want to own my own restaurant one day so i love it .
cool , i own a bakery myself
that is awesome ! do you enjoy it ?
yes but i think i eat too many cupcakes
i would too . tell me more about yourself !
i play music in honor of my deceased father
sorry to hear . i enjoy music as well . i love listening to pink floyd .
i love classical and jazz
i love listening to music while i go for my runs .
are you an avid runner ? i cut my hair short so i could run better
running a big hobby of mine
great good form of exercise
","The user, who has short hair and plays piano, shares a passion for music, particularly classical and jazz, as a tribute to their deceased father. They also enjoy running, which they credit for their short hair, and aspire to own a restaurant. The user also mentions their love for cupcakes, despite acknowledging they eat too many."
188,,"good afternoon how are you doing ?
just getting up , have to go pick up my leather from the cleaners . how are you
i am good just got up a little while ago i was working all night
i party all night listening to metal , so i usually get up late . do you like music ?
yeah i work in a club and then go to school in the morning
the club bouncer was teasing me about my spiky hair last night . what do you study ?
i want to be a doctor so i am in that area
working nights , going to med school must keep you busy . do you have any hobbies ?
i like to write , read , dance , and spend time with my kids
you have kids also ? i am glad i do not have any !
yeah two beautiful bundles of joy
with 2 kids , a job , med school , how do you find time to dance ?
its my job lol but i do good financially
that must be nice . . . i can barely afford to have all my leather clothes cleaned !
lol i want to start my life as a doctor
lol . . . from dancing in a club to doctor is a pretty big switch !
","The user, who enjoys wearing leather and listening to metal music, works as a club bouncer and aspires to become a doctor, while also having two kids and engaging in hobbies like writing, reading, and dancing."
189,,"hello , how are you doing today ?
i am good but hungry .
ah i see . i just had some pita bread with hummus as a little snack !
i prefer pizza . what kind of food do you like ?
well pita bread and hummus is my favorite , but i also love italian food .
what other things do you like to do ?
well , i love spending time with my 3 kids , how about you ?
i like to pretend to be other people .
is that so ? have you ever pretended to be my career , a nurse ?
lol , no but i pretended to be a doctor .
that is a good idea , i have to get up so early , you would not want that
i also pretend to drive fast cars . are you ready to submit ?
yes , this was fun , i will have to try this again !
me to see you on the other side !
","The user enjoys cars, is a morning person, and likes to role play. They prefer pizza over pita bread and hummus, and enjoy spending time with their kids. They also pretend to be a doctor and drive fast cars. They are ready to submit and look forward to trying the role play again."
190,,"hello ! i am exited to get to know you .
thanks , i usually do not do this because i work allyl the time
i have a lot of free time since retiring from the military .
oh wow ! i only manage a restaurant with my brothers . that is amazing !
what do you do on days off ?
well family means everything to me so i am with them
me , too . i have been married for 20 years ! we like volunteering with animals together .
great ! i usually drive around with them in my nice car . they love it
where do you drive to ? do you like to travel ?
we usually go back to the restaurant , i take pride working there
sounds like you are a hard worker . i did not realize i would miss work until retiring .
yes , my whole life is work , work , work . how was the military ?
","The user, who is a hardworking individual with a strong family orientation, manages a restaurant with her brothers and takes pride in her job. She has retired from the military and now has more free time, which she spends with her family, including volunteering with animals. She enjoys driving her nice car with her family and has a passion for work, which she has carried throughout her life."
191,,"hi there , how are you today ?
i am good thanks for asking
have you noticed that the seasons are changing ?
what do you do for a living ?
i am a college student and i work at a warehouse as a pick loader .
what are you going to school for ?
i am majoring in accounting and minoring in business management .
how many more years do you have left ?
i have 3 years left until i get my cpa license .
do you have any hobbies ?
yes , i like to sleep and eat organic foods . also , play in my brown hair .
i love sleeping as well
","The user is a college student majoring in accounting with a minor in business management, working at a warehouse as a pick loader. They are three years away from obtaining their CPA license and enjoy sleeping, eating organic foods, and playing with their brown hair. They also ride horses in their spare time and are an only child who is adopted and does not believe in love."
192,,"hi there ; asl ?
today is please for petes sake do not talk like a pirate day whatever you do
yar that be good to know matey !
i am getting a degree in linguistics . we had to do a thesis on pirate jargon
that is hilarious ! i knitted my cat speckles a pirate hat for halloween !
you hit the two top words on your first try . . . good job ! yar and matey
i talked like a pirate for an entire day at the office i work at .
speckles your only cat ? do you like to make clothes and work for peta ?
he is my only cat . i do like chopping for clothes . lol
dammit ! i just crashed my car ! i knew i should not text and drive
get a tattoo to remember it . i have two myself .
at least i can watch tv in the hospital and get some fresh air while waiting
i like hospitals . the ice cream is good .
i guess i will have to forgo playing in the super bowl now . . that hurts
","The user, a linguistics student, enjoys playing sports, watching TV, and knitting, and has a fondness for pirate-themed activities. They have experienced two car accidents, one of which occurred while texting and driving, and have tattoos as a reminder. They also have a cat named Speckles and enjoy the hospital environment, particularly the ice cream. They are currently unable to attend the Super Bowl due to their recent car accident."
193,,"hi how are you
doing well , just go out of work . you ?
getting ready to start my shift in a hour
where do you work , the i am the grocery store .
register of my local shop and you do what ?
i am a clerk at the grocery
me too in a very small town
so do i , do you have any pets ?
i have a cow is your town big ?
no it is small i have some cats . four of them .
my folks woud hate that any dogs ?
they hate cats ? i have no dogs
they would like maybe one they are more into farm animals
oh well that is not so bad
they are all a bout their garden though
that sounds really nice . what music do you like ?
",The user is a grocery store clerk who owns four cats and enjoys riding a unicycle. They also have a cow and their family prefers farm animals. The user lives in a small town and enjoys gardening. Their favorite band is Metallica.
194,,"hey my name is persephales whats yours ?
danny , how funny is this , its describing me to the t
so what brings you round these parts ?
hate going to sleep early , so i am killing time , u ?
something like that , just trying to avoid harvey
harvey the storm ? or ur bf ?
ha ha ha . . . the storm . . . . whos your favorite artist you think ?
anyone who likes chocolate cake , what about yours ?
ke ha ! you know the lady who brushes her teeth with jack daniels ?
who does not know kesha ! love her too
she had a cameo appearance on the simpsons you know
do not really watch the simpsons , but they have been around forever
i cannot believe you do not watch the simpsons !
i like reading more than watching tv , i also love fried chicken
","Persephales, the youngest sibling in a family, enjoys staying up late, learning new things, and loves fried chicken and chocolate cake. They are inquisitive and have a humorous personality, as seen in their conversation with Danny, where they discuss avoiding early sleep, their favorite artist Kesha, and their love for fried chicken."
195,,"how are you doing today ?
i am tired , just worked 12 hours . you ?
oh cool , what are you going to do with the money ?
i am saving for a trip
how boring . i enjoy cloud watching .
i can watch the clouds from my plane ride
i go on google images and search plane views .
lol that is being lazy
tel me about yourself .
i work as a custodian although i have 6 degrees . a huge nature fan and you ?
i like jacob sartorius , costco and works as a snakeskin oil salesman
snake skin oil , sounds interesting
yeah its a dead end 8 hour job .
how about trying out something else
i am not sure . i never dreamed any bigger than this .
well it is time to start .
","The user, who enjoys the outdoors and works as a janitor, is tired after a long 12-hour shift. They are saving money for a trip and enjoy cloud watching, even from their plane rides. They have a diverse background with six degrees and work as a custodian, despite it being an 8-hour dead-end job. They are considering a career change but are unsure about pursuing something bigger."
196,,"hey how are you doing today ?
great ! how bout you ? i am jane by the way . and you ?
i am doing well ! pleasure to meet you jane . i am serg .
nice meeting you ! what are your favorite pass times ?
i like hip hop music and animals . i am a veterinarian . and you ?
bow hunting with my boys and halloween shopping with my daughters !
i have five children they are a hand full . bow hunting sounds very fun .
we love it . just take what we can use and use all of the animal .
i see i could respect that . i myself do not eat meat .
i have 6 kids . widowed right after youngest . had to learn to make do .
wow that is 1 more than i have and i thought i had too many haha .
yep 3 and 3 and some days . . . . . . but would not trade them for anything
i know exactly what you mean . must be difficult to raise 6 kids on your own .
its been an adventure to say the least ! what about you ?
","Jane, a veterinarian, enjoys hip hop music, animals, and has five children. She likes bow hunting with her sons and shopping for Halloween with her daughters. She respects others who hunt and use all parts of the animals. She doesn't eat meat. She has six kids, three more than her friend Serg, who is widowed and had to learn to make do. Jane agrees that raising six kids is an adventure and a challenge, but she wouldn't trade them for anything."
197,,"hi there ! how are you ?
great ! are you parents married and do you live with them ?
no , i am a parent myself with a daughter who just graduated high school
i thought i lost you . i sing and have two animals . you have any pets ?
i am actually a zookeeper and have trained 20 types of animals
wow ! i am a tennis buff . you play tennis ?
my wife did before she had breast cancer . she is all clear now , but careful
great ! i love the color green . whats your fave color ?
my daughter does too ! she just ranked top of her class and wanted everyone to wear green
your daughter does too what ? i love playing poker and petting animals . you ?
loves green ! haha . maybe we should get together and play poker one time
hmmm . so is green your fave color ?
i do not have one i guess
oh okay . california is on fire and i sing karaoke . you sing ?
i am sorry to hear that . are you in california . i do not sing much
no . you own a tennis racket ? you married ?
","The user is an aspiring singer who loves animals, green, and tennis. They have a daughter who recently graduated high school and shares their love for green. The user also enjoys playing poker and petting animals. They are not married and do not live in California, which is currently experiencing wildfires. The user does not own a tennis racket and does not sing much, unlike the persona in the conversation."
198,,"hi what are you up to
hello , looking for work . ca not seem to keep a job for very long .
that sucks , i work as an affairs liaison for the public
that is a good job , but i could not work in that area , i have bad habits .
what kind of bad habits , i have one too , i ate too much unhealthy food
me ? drinking . if i am not drinking , then i am wasting time thinking .
oh , what season do you like ?
i like all season . how about you ? do you have family ?
i have no family , but i love the winter and snow , do you drive
no driving . my family loves me , but they tend to stay away .
my car is a 2011 volkswagen passat i like it a lot
that is a nice car . you know , i blame myself for what i go through .
","The user is struggling with maintaining employment due to personal issues, including a history of unhealthy eating habits and drinking. They express a preference for winter and snow, and have a 2011 Volkswagen Passat. Despite having a loving family, they feel distanced by them and blame themselves for their problems."
199,,"hello ! i am excited to get to know you !
hello how are you today ?
not well . i just lost my job as a banker last month .
oh no sorry to hear that . i know how you feel . i lost mines in june
what was your job ?
csr for a company called door dash
i do not know what csr stands for , but i know the alphabet backwards .
csr customer service representative . that is what it stands for
you probably think i am blond . i promise i am a redhead . lol
no i did not think that because most do not know what that is
do you dance ?
i just opened my own online clothing store last month
very cool . i have always wanted to own my own business .
so i am hoping it does good and yes i dance
i hope it works for you as well . i have danced since i was two .
thank you . and oh cool me too
","The user, who is a redhead, recently lost their job as a banker and now works as a Customer Service Representative (CSR) for Door Dash. They also started their own online clothing store last month and have been dancing since they were two years old."
200,,"hi ! how are you today ?
i am great , how are you ?
i am amazing , except i found out i am allergic to fish !
what a shame ! fish is is so delicious , especially canned sardines !
i have to disagree with you on that one . my iphone 7 looks like a sardine
that is okay . i am missing a pinky toe . life could be better .
yeah , my dad works 11 hours a day so life tough
do you enjoying eating ham ?
no , but i love drinking hot chocolate during the winter ? ?
oh , that sounds amazing . i like ham , i just do not like it with green eggs .
sam i am . . . my mom use to read that to me to go to bed
ahahah ! exactly ! what are your other hobbies besides hot chocolate ?
","The user enjoys swimming, dislikes green eggs and ham, has a missing pinky toe, owns four dogs, and loves cooking. They are allergic to fish, which is a shame since they find fish delicious, especially canned sardines. They also have a fondness for hot chocolate during winter and enjoy ham, but not with green eggs. They have a dad who works long hours, making life tough. They also have a fond memory of their mom reading ""Green Eggs and Ham"" to them before bed."
