conversation number,persona,chat,summary
1,,"hi , how are you doing ? i am getting ready to do some cheetah chasing to stay in shape .
you must be very fast . hunting is one of my favorite hobbies .
i am ! for my hobby i like to do canning or some whittling .
i also remodel homes when i am not out bow hunting .
that is neat . when i was in high school i placed 6th in 100m dash !
that is awesome . do you have a favorite season or time of year ?
i do not . but i do have a favorite meat since that is all i eat exclusively .
what is your favorite meat to eat ?
i would have to say its prime rib . do you have any favorite foods ?
i like chicken or macaroni and cheese .
do you have anything planned for today ? i think i am going to do some canning .
i am going to watch football . what are you canning ?
i think i will can some jam . do you also play footfall for fun ?
if i have time outside of hunting and remodeling homes . which is not much !
","The user, who enjoys remodeling homes and bow hunting, shared that they are preparing for cheetah chasing to stay in shape. They mentioned that hunting is one of their hobbies, and they also engage in canning or whittling as leisure activities. The user's favorite holiday is Halloween, and their favorite meat is prime rib. They enjoy chicken and macaroni and cheese as food. The user plans to can some jam today, and they watch football when they have spare time."
2,,"hi , how are you doing today ?
i am spending time with my 4 sisters what are you up to
wow , four sisters . just watching game of thrones .
that is a good show i watch that while drinking iced tea
i agree . what do you do for a living ?
i am a researcher i am researching the fact that mermaids are real
interesting . i am a website designer . pretty much spend all my time on the computer .
that is cool my mom does the same thing
that is awesome . i have always had a love for technology .
tell me more about yourself
i really enjoy free diving , how about you , have any hobbies ?
i enjoy hanging with my mother she is my best friend
that is nice . moms are pretty cool too .
i am also fascinated with mermaids
",The user is a researcher who is fascinated with mermaids and enjoys free diving. They have four sisters and consider their mother their best friend. They spend their free time watching Game of Thrones and drinking iced tea. They are also a website designer.
3,,"we all live in a yellow submarine , a yellow submarine . morning !
hi ! that is a great line for my next stand up .
lol . i am shy , anything to break the ice , and i am a beatles fan .
i can tell . i am not , you can see me in some tv shows
really ? what shows ? i like tv , it makes me forget i do not like my family
wow , i wish i had a big family . i grew up in a very small town .
i did too . i do not get along with mine . they have no class .
just drink some cola with rum and you will forget about them !
put the lime in the coconut as well . . .
nah , plain cuba libre , that is what we drank yesterday at the theater .
i prefer mojitos . watermelon or cucumber .
those are really yummy too , but not my favorite .
","The user is a stand-up comedian from a small town who recently performed at a local theater. They are a fan of The Beatles and have appeared in some TV shows. They mentioned their favorite drink is Cuba Libre, but they also enjoy mojitos. They expressed dissatisfaction with their family and suggested forgetting about them by drinking Cuba Libre."
4,,"hi ! i work as a gourmet cook .
i do not like carrots . i throw them away .
really . but , i can sing pitch perfect .
i also cook , and i ride my bike to work .
great ! i had won an award for spelling bee .
my contacts can see through what you are trying to sell me .
okay but i was published in new yorker once
you better not make any spelling mistakes .
i have not . i can cook any word you want me to
what is your ethnicity ? i am white , and my hair is brown .
i am asian and have no hair .
i love hairless asians . do you like carrots ?
i love carrots . i eat carrots like a horse .
are you male or female ?
i work as a gourmet cook who also has a pitch perfect voice .
i doubt that very much . you probably like to scream alone .
","The user, who is athletic and wears contacts, has brown hair and dislikes carrots. They work as a gourmet cook, have a pitch-perfect voice, and ride a bike to work. They also have a competitive streak, having won an award for a spelling bee. The user is not fond of the interlocutor's attempts to sell them something and has a playful, sarcastic tone. They are not specific about their gender but mention their preference for hairless Asians. Despite their dislike of carrots, the user claims to eat them like a horse."
5,,"how are you doing today
what do you do for career ? i have a ton of hobbies if you are interested !
i like to watch kids
i actually play guitar and do a lot of manly things , like welding .
what do you weld ? houses ?
everything ! i am actually manly . but i have a secret i am hiding .
what is your secret that you have
my parents do not know that i am . . . homosexual .
how does that feel for you
makes me secure with my manly hobby skills .
i bet that it does
anyway . what do you do ?
i watch kids for a living
that is awesome . do you like it ?
","The user, who identifies as a meat-eating, guitar-playing welder, has a secret of being gay that they have not disclosed to their parents. They enjoy their career of watching children and find it fulfilling."
6,,"hello friend , how is it going
i am well an you ? i have a creepy ride . guess
i am great enjoying the football season
i drive around in a long black hearse an love this season
you work for a funeral home ?
yes it is nice , halloween is my fav .
lol , i can imagine . i will be reading a lot when football is over
no i do not work at a funeral home
ok i see , that is your halloween costume
what do you like to read ? i like rock alternative music .
i like anything to do with mystery
oh no it is not it is my car lol
lol , oh i see , taught you own it
me also what is your favorite ?
well i like sherlock holmes and others
i do own it i think there is confusion ?
","The user owns a hearse and enjoys driving it, particularly during Halloween. They also enjoy alternative rock music and reading mystery novels, with Sherlock Holmes being a favorite. There seems to be some confusion about the user's car being a Halloween costume."
7,,"rock on , i am listening to my favorite band guns and roses .
no kidding ? i was just listening to the same thing while taking a bath .
of course . i love to listen to rock .
man my boxer just peed on the carpet !
well i am into black everything . so at least it would not show on my black carpet .
ll . i love black too ! guess i was playing my music too loud .
i have a black car , purse , wear all black .
maybe i can borrow something as i am packing to visit my dad in china .
wow , does he live there or work ?
live . moved there about ten years ago for a computer tech job .
have you visited him there before ?
once . you cannot even throw a gum wrapper or you can get arrested .
sounds a bit scary . i ve never been .
well not too much crime there , but a lot of people .
","The user, who owns a boxer dog, enjoys baths and listening to rock music, particularly Guns N' Roses, shares that they recently had an accident with their dog peeing on the carpet while listening to music. They also mention that their father lives in China and have visited him once. The user is a fan of black items, owning a black car, purse, and clothing, and mentions that they are planning to visit their father again. They find the strictness of China's littering laws a bit intimidating, as they have never been there before."
8,,"hi . how are you doing today ?
hi i am great just finishing up some homework how are you
i am alright . i just got done writing .
do you write for a living or as a hobby
it is my living . i like culture .
that sounds like a fun job . i am a business major but have a part time job
what are you going to school for
i am trying to get my ba in finance
do you own your own company
no still in school work at pizza hut part time
do you get free pizza
no but i do get a good deal .
that is a good start
yeah it is . i really hope they have a frat party again soon
i used to party a lot
it is fun i cant get enough
","The user is a college student majoring in business with a part-time job at a pizza restaurant. They are currently working on homework and have a passion for culture. They aspire to own a company in the future and enjoy partying, particularly frat parties. They mentioned they used to party a lot and still can't get enough."
9,,"hi how are you today
doing great . i had the day off , you ?
i only worked half a day i work at the bank
that is nice . i work a lot
what do you do ?
just office work , but it is a lot
oh ok i am a teller was the best job i could find with no college
a bank teller is a good job .
yes it does pay the bills
when i am not working i play basket ball what do you do for fun
i hike at the park
that sounds relaxing , i suppose
i love nature and it keeps my mind off things . do you travel
not much . i should though while i am young
i want to go to another country at least once . i have never left the states
me either . we could go together !
","The user, a bank teller from Texas, had a day off work and enjoys playing basketball in their free time. They also mentioned a fondness for hiking at the park to relax. The user expressed a desire to travel and visit another country, suggesting a potential trip with the interlocutor."
10,,"hello , how are you today ?
i am well , how are you ?
i am very good . did you watch the football games today ?
no but my sons are watching a game right now
what do you do for a living ? i proofread for hallmark .
cool . . . i followed my father and became an author
books are my greatest pleasure , i have a nice little library i am building .
awesome . . . nothing like filling your mind with literature
i agree . have you seen goodfellas ?
not much of a tv guy since i am always traveling
i catch the football and hockey games .
have you ever traveled before ?
i do . i travel extensively to europe and south america .
ireland and australia are my go to places
ireland is very nice , japan is my next stop .
never been there . i heard they are very friendly people
","The user is a travel enthusiast who has visited Ireland and Australia, with a connection to Australia as their father was born there. They are also an author and a fan of literature, with a growing personal library. They are not much of a TV person but enjoy watching football and hockey games. They have traveled extensively to Europe and South America, with Ireland and Australia being their favorite destinations. Their next planned trip is to Japan, which they have not visited before. They find the Japanese people friendly."
11,,"hi i am sally , i live with my sweet dogs in taos , new mexico .
hi ! i have just been sitting here playing the piano and singing along
i have wonderful memories of my mother playing and singing to me .
www . i also like to dance but i cannot do that while i am playing . . lol
maybe you will have to record your playing and dance to it .
great idea ! love staying up late so i could do that even tonight
do you have a day job ?
i am a nurse who teaches nutrition classes
interesting , i am a struggling artist and part time tutor
since being a vegetarian i feel its important to instruct people how to eat
great commitment to your beliefs . i admit i still eat meat only less .
that is ok everything in moderation !
do you have any pets ?
i have a cat named radar
","Sally, a night owl and vegetarian nurse who teaches nutrition classes, enjoys playing the piano, singing, and dancing, and lives with her cat named Radar in Taos, New Mexico. She shares her love for music, her mother's influence, and her late-night dancing habits. She also expresses her interest in recording her playing and dancing."
12,,"hello . how are you ?
i am great and you ?
doing good . what are some of your favorite books ?
i do not read books much just sheet music . i want to be a singer
i enjoy reading but also garden in my spare time .
when i am not singing i am playing tennis .
i spend a lot of time in my garden .
do you see a lot of animals around your garden ? i love seeing animals
yes . lots of rabbits .
do you work ?
i give away lots of my vegetables to veterans . i am a veteran .
my family works for ge . my father included though recently retired .
very cool . thanks for the chat . have a great day .
you too
","The user, who is an aspiring singer, enjoys playing tennis and gardening in their spare time. They also have a soft spot for animals, particularly rabbits, and often share their garden produce with veterans. The user's family members, including their father who recently retired, work for General Electric (GE)."
13,,"hey how are you today ?
great ! just go off work at the smoothie shop . you ?
i have been eating tacos and getting ready to move to school .
are you going to college ? i go to a local one .
yes , i am going to university of michigan . what year are you ?
first yr ! do you have any hobbies ?
i love doing anything outdoors . especially in summer . you ?
i love watching college basketball and rocking out to classic rock .
fun . have you decided on your major for school ?
not yet . have you decided ?
pre med . i would love to be a doctor
that is so nice ! i wish you luck .
","The user is a first-year college student who attends a local college, works at a smoothie shop, and enjoys watching college basketball and listening to classic rock. They are undecided about their major but are considering pre-med to become a doctor. They also enjoy outdoor activities, especially in the summer."
14,,"hey , what are you up to ?
hello , i am listening to lady gaga , do you like her ?
i prefer rock music , like led zeppelin .
madonna is my first favorite . do you go to a lot of concerts ?
i would if i could , but i have a farm to maintain .
i work at the mall , so i am close to the venue .
i prefer hiking outdoors and photography rather than crowded malls .
pays well , lol . i make great money as the manager .
work is tiring . i would love to travel the world instead .
i would love to travel as well .
staying here is fine too though . my two dogs keep me company .
i love dogs ! what kind do you have ?
they are both greyhounds . their names are tom and jerry .
that is cute ! how old are they ?
only two months ! i actually have to take them for a walk right now
be careful , my area is a little iffy at night .
","The user, who works as a retail manager and has a preference for rock music, particularly Led Zeppelin, mentioned that they go to at least 10 concerts a year. They also revealed Madonna as their all-time favorite artist, while currently favoring Lady Gaga. The user expressed a desire to travel the world instead of working, and they have two greyhound dogs named Tom and Jerry, who are only two months old. They also mentioned that they need to take their dogs for a walk and warned about the safety of their area at night."
15,,"hello , how are you doing ?
hi there , i am doing great thanks . where are you from ?
i am from socal , yourself ?
seattle . i have a houseboat here . i like socal weather though
that is awesome . the ocean is incredible ! i totally believe that mermaids are out in the sea
lol definitely ! i just dyed my hair mermaid purple from free samples at my salon
that is epic ! me and my four sisters would totally do the same thing ! !
oh yeah , i am a stylist here and i have lots of clients doing fantasy colors
oh nice ! my mom went to beauty school too
oh awesome ! well you guys are all set ! are you married ?
she still braids my hair and we chit chat because she is literally my best friend
awww , that is precious . i feel the same way about my mom
that is such a great thing ! ! not married , single and trying to mingle haha . you ?
lol well i finally tied the knot last year . . thank god ! long wait
i am craving some iced tea right now haha . even though its a bit chilly out
lol nice . . well it was great talking to you !
","The user, a hair stylist from SoCal with a houseboat in Seattle and purple hair, recently got married last year. They have a close relationship with their mother, who is also a hair stylist, and they both share a passion for fantasy hair colors. The user is currently single but enjoys chatting with their mother regularly. They mentioned a desire for iced tea."
16,,"i am frank . nice to meet you . what is your name ?
my name is gary . great to meet you too .
i work as a general manager at a grocery store . what about you ?
i am an insurance salesman
do you have any hobbies ? i like to ready and go cycling
i like snowboarding and horseback riding .
do you have any dreams ? i hope to compete professionally or qualify for an event one day
that is interesting . i would love to start my own insurance company .
that is so cool . how do you like to spend your free time ?
i like watching movies with my wife .
i like to travel up to canada to enjoy the view and relax on weekends .
canada is great for winter sports too .
have you even been to canada for snowboarding ?
no , there is a place outside milwaukee i go .
you should try going to canada one day . it is really beautiful there .
i will make sure and check it out .
","Gary, an insurance salesman, enjoys snowboarding and horseback riding in rural Wisconsin. He hopes to compete professionally or qualify for an event one day. In his free time, he enjoys watching movies with his wife and traveling to Canada for relaxation. Gary has not yet been to Canada for snowboarding but plans to check it out. Frank, the conversation partner, is a general manager at a grocery store and enjoys reading and cycling. He expressed interest in starting his own insurance company."
17,,"hey how are you ? i wanted to go to florida to surf but no way !
i am so great . for sure , no fl now . unless you are really good at swimming ?
i am great at catching a wave with my high school sweetheart
cute ! my college sweetie and i are more into swimming . ya will have any other couple activities ?
would not mind ! i am so busy at the hospital all the time .
do you have time to eat enough , being so busy ? i love to eat . clot .
not like i want being a nurse on the military base .
that is impressive . do you get a lot of exercise there ?
oh boy do i lol i bake alot when i have spare time , would love to share
i try to work out everyday . do you have a lot of friends on base ?
a few been a brat all my life lol
i love people . pretty much a social queen . any other hobbies ?
","The user, a social and active college student, expresses their disappointment about not being able to surf in Florida. They are a strong swimmer and have a partner who shares their love for swimming. They are busy working as a nurse on a military base, but still make time for exercise and baking. They consider themselves a social butterfly and have a few friends on the base."
18,,"hi . how are you doing today ?
hi ! i am good ! just playing with my dogs !
how many dogs do you have ?
i have 2 . it is annoying taking them outside from the third floor
that sounds like a lot of work
it is , but my roommates help out sometimes .
that is really nice of them
they are nice . i cook for them in appreciation of their help .
what do you like to cook
pasta is my favorite and it is cheap
that is very true . do you ever donate ?
no , i do not make enough money .
i understand that . my church has a pantry .
that is good . do you volunteer there ?
","The user is a person who lives on the third floor of an apartment with two dogs and two roommates. They enjoy cooking, particularly pasta, and appreciate their roommates' help in taking care of the dogs. They do not have enough income to donate, but they are aware of a local church pantry."
19,,"hello , tell me about you .
hi , i am a mechanic who lives alone . . . how about you ?
i just got back from the london college of fashion in the uk .
wow that sounds really exciting ! i have never traveled to europe
you should go some time .
i hope to eventually . what do you like to do for fun ?
i thought i would make a pretty good fashion designer since i love to shop .
i do not mind shopping too much , if its the sporting goods store anyway
maybe i could introduce you to my sister in law . she is all wrong for my brother .
does she like to fish ? that is a deal breaker for me . i love fishing
she might . she thinks she is better than me because she has an actual job .
who says fashion designer is not a real job ?
i have not ventured into employment yet in fashion . too much to do .
you will get there soon enough .
","The user is a mechanic who lives alone and enjoys fishing. They shared their interest in cars and mentioned they have not traveled to Europe yet. The user also expressed a desire to become a fashion designer but is currently too busy. They mentioned having a family issue with their sister-in-law, who they believe looks down on them, possibly due to their current employment status."
20,,"hey whats going on ? how are you ?
not much , just seen both my children off to school , you ?
about to smash some pretzels . cant get enough of them .
haha . i love it . my 2 cats are big pretzel lovers
so you have two cats ? what are their names ?
bobby and billie . i got them at the shelter i like to donate time to
oh cool . do you work ? any hobbies ?
my parents were both teachers , so i thought i might , but no
i live with my mom and watch a lot star trek . ever seen it ?
my 2 children love that show , but i would rather be out hunting
i am a bow hunter when i am not working on the railroad .
we sound like we would get along
yeah i bet we would . i like hunting but i do not kill animals . i am weird like that
oh , that is weird . how do you hunt ?
","The user is a bow hunter who lives with their mother and enjoys watching Star Trek. They have two children and two cats named Bobby and Billie, which they adopted from a local animal shelter where they volunteer. Despite their parents being teachers, the user does not work and instead spends time hunting and donating time at the shelter. They find the idea of killing animals during hunting unusual."
21,,"hello there how are you ?
i am doing well . how are you ?
i am great thanks , do like boating ?
i like it when i can get away from my job at the grocery store
its my favorite activity outside of being a doctor . do you like beaches ?
i give deep sea fishing tours at the beach sometimes
i volunteer at a farm , do you like animals ?
i am vegan so i love animals . same here with the farm volunteering
i too am a vegan , how long for you ?
just 2 years . my boss at my bookkeeping job got me started
that is nice my boss at the grocery store is nice too
sounds like we have a lot in common . how do you feel about urban farms ?
i work at an urban farm , i love them . do you ?
urban farms are the best . there is one on top of my apartment building .
how lovely , mine is 2 miles up the road .
is it all organic ? i found that sometimes chemicals are necessary .
","The user is a vegan who works at a grocery store and also volunteers at an urban farm. They also help with bookkeeping and give deep sea fishing tours at the beach. They enjoy boating, beaches, and urban farms, and have been vegan for 2 years, having been influenced by their job. They mentioned that they find urban farms to be the best, with one located near their apartment, and they also have one nearby. They expressed concern about the use of chemicals in urban farming."
22,,"hello how is life treating you today ?
okay . . rough day waiting tables . . headed to class soon . and you ?
i bumped my head on a door frame because i am 6 foot tall .
wow got some height on you . do you work
do you usually make bank waiting tables ?
yes ppl tip very well ! but i really want to be a doctor some day
i do not work , i guess i am an investor . i have waited tables in the past .
okay , its not a super fun gig but pays decent
i find people to help now they come to me like stray cats .
oh that could be a problem lol . what do you do for fun
i play around with mensa members like myself .
oh okay . . i am in a book club
when i was growing up my family moved 40 times .
okay that is ridiculous lol . why so many moves ?
i think my mother was a bit touched in the head .
sounds a bit crazy , and hard on a child
","The user is a college student and a full-time working mom who currently earns a decent income by waiting tables. She aspires to become a doctor one day. She also mentions that she is an investor and finds people to help her, comparing them to stray cats. In her free time, she socializes with other intellectuals in Mensa. She shares that her family moved 40 times when she was growing up, which she finds to be a challenging experience due to her mother's unstable mental state."
23,,"hi , how are you doing today ? do you have any hobbies ?
i am good and yourself friend ?
i am okay . i was prepping dinner and stopped to complete a couple of hits .
very nice . where do you work ?
i am a personal chef for a family of 4 . what about you ?
i am in college to become a teacher
oh , that is cool . the career highlight of my schooling was winning a spelling bee .
was that in 3rd game ? p
it was in the 2nd grade . i missed the cut in the 3rd grade . haha .
dang they do move on to 5 letter words then . rough .
i know , right ? that is why culinary school was where i ended up .
make sure you spell the food right ! d
","The user is a college student who is preparing to graduate and become a teacher in September. They have a brother in a metal band who travels the world. The user's family migrated to America when they were five. They currently work as a personal chef for a family of four. They mentioned winning a spelling bee in the 2nd grade and missing the cut in the 3rd grade, and joked about the difficulty of spelling food items correctly."
24,,"hi ! how was your weekend ?
hi i am katie . i am a transgender
hi katie , i am lucy . how was your weekend ?
it went so cool . how about for you ?
great ! went for pizza , my fav , on friday . whats your favorite food ?
i am from united states . how about you ? i like blue color . whatsis your favorite ?
i am from the us too . my favorite is pink . do you go to school ?
i love pizza , but my favorite cuisine is thai
yes ! i love sushi ! i always eat it while studying .
nope i am not . where are you working now ?
i am not employed , but working toward my masters in social sciences . you ?
i work here with amazon . i am too old to work now .
","Katie, a transgender individual born 20 years ago in the USA, shared that they transitioned to female at 17, have a preference for blue as their favorite color, and enjoy Thai cuisine, particularly sushi. They are not currently in school but are pursuing a master's degree in social sciences. Katie mentioned that they had a great weekend and went cool, but did not specify activities. They also mentioned that they do not work but are working towards their degree."
25,,"hello , how are you doing tonight ? its midnight here
its midnight here too . i am good , you ?
i am worried about the situation in florida . the hurricane , its terrible , you know
do you have family in there ?
my father . i work for the navy , 17 years at sea . its still terrifying
the water is an evil mistress
and interrupted my favorite tv show , the voice . whats your favorite show ?
i am not really sure . whenso your birthday ?
september of 1972 . in 1960 was hurricane donna . fortunately , i love to swim
i was born in june
where are you from , originally ?
i am not sure really . i am unemployed
ah , not many jobs left after the hurricane ?
yeah i live with my parents now
","The user, who is currently unemployed and lives with their parents, expressed concern about the ongoing hurricane situation in Florida, as their father resides there and works for the navy. They have a cat and were born in June. They are unsure of their original hometown and do not have a favorite TV show, but they enjoy swimming. They mentioned that they were born in 1972, which coincides with the year Hurricane Donna occurred."
26,,"hello ! how are you ? i am about to have pizza , i am excited ! !
hey i am doing great . pizza sounds good i really like tuna fish salad
i like seafood but my favorite is meat and pizza . what do you do ?
i work at a comic book store
i bet that is fun ! i sell cars . it is new to me
it is i am a giant nerd lol . do you sell nice sports cars
very rarely , i am happy when we do . i like to paint sports cars
that sounds fun ! do you like junk food ? i love gummy worms even the sour ones
yes , pizza is my vice ! sour candy is good , also .
do you like meat lovers pizza
how did you know that is my favorite ! what about you ?
i am weird i like pineapple and ham on mine . pepperoni sometimes
i like that , also . all pizza .
that is cool . do you like to read or listen to music
i mostly enjoy painting , but will often listen to music . you ?
i like rock opera my favorite song is two steps from hell
","The user, who works at a comic book store and has a preference for meat lovers pizza with pineapple and ham, enjoys listening to rock opera music, particularly Two Steps from Hell. They also have a sweet tooth for gummy worms and read sci-fi space adventures. The user has sandy brown hair and green eyes, and they eat tuna fish salad daily. They mentioned they occasionally sell sports cars and like to paint them."
27,,"how is you night going so far ?
hi , i live in houston tx ; its flooded right now , but makes me think of the ocean .
hope things dry up for quickly , i am just sitting with my dog
music ? my fav singer of forever is ke ha , like wow .
do not follow music much , but hope things are getting better for her
my friend james rules the world in secret and feeds me pudding .
anyone who feeds people pudding should rule the world
gas , gas and more gas not gasoline happens when i eat pudding .
well if the pudding tastes good and james can handle you . . . .
i want to try drugs , but i do not know where to buy them , do you ?
no , i have no clue , pretty strict laws where i live
i really really like love living in texas . tell me about yourself .
","The user, who resides in Houston, Texas, is currently enjoying a quiet night with their dog as the city is flooded. They are a fan of the singer Ke Ha and have a friend named James who they believe secretly rules the world. The user mentions that they get gassy after eating pudding, which is often provided by their friend James. They express a desire to try drugs but are unsure of where to buy them, and they conclude by stating their love for living in Texas."
28,,"hi , how are you today ?
i am great just about to head out fishing one of my favorite pastimes
sounds fun ! i am going shoe shopping later .
on the island that i live on there are many places to shop
i would shop all day ! what do you like to do in your spare time ?
i love making boats in my spare time on weekends , what about you ?
i love to go dancing . i love eating out . do you have any favorite foods ?
my favorite food is chicken ! its actually my dogs favorite food too ! his name is bob
i really love mexican food . burritos are my favorite !
omg authentic mexican is the best !
it is ! what state do you live in ?
i love in hawaii , its beautiful here !
i am jealous ! i am surrounded by farmland .
you should take a vacation out here
","The user, who lives in Hawaii, enjoys fishing and making boats during their free time. They also have a dog named Bob, who shares their love for chicken. The user mentions shopping and going dancing as other hobbies, with a preference for Mexican food, particularly burritos. They express interest in visiting the user's location."
29,,"hello , i have to be quick because i work in a hospital
oh okay . i will hurry . i work for a non profit organization that helps children in need
although i do not like to work super long hours
what do you do for fun
i want to get a truck one day
i want to get a horse . i love to go horseback riding
i really enjoy toyota cars though
i would rather spend my money on going to concerts where i dance hard !
its was very warm outside today
it was . it was so warm though that it melted my cheese i was eating
its a beautiful night i love the night air
me too . much better for my favorite cheese .
my dog will not stop barking
i am sorry . is he allergic to shellfish too ?
he ate all his food and now will not stop barking
i am sorry . what is the matter do you think ?
","The user, who works at a non-profit organization helping children, enjoys horseback riding and going to concerts where they dance hard. They also have a fondness for Toyota cars and cheese, but are allergic to shellfish. Their dog is causing a disturbance."
30,,"hello do u like animals i have a kitten named leela very cute kitten too
i love animals ! i have a dog named allie , and i adore her .
animals are amazing my kitten sits in my lap while i youtube cause i am a big youtuber
oh wow , that sounds interesting . are you really famous ?
not yet but in time i will be
what are your videos about ? ever make a spooky halloween video ?
no all my videos are of how to apply makeup
oh , well that still might be useful . i really like putting on makeup for costumes .
oh cool do u go to comic cons
yes ! i rode my bike to the last one that was in town .
i love driving my pink truck to them
that sounds cute ! so what else do you do for fun ?
but sometimes i fly to them since my father is a pilot for a major airline
cool ! i love staring at clouds . flying must be even better !
flying is really fun , but clouds are amazing to look at
i agree . i like having a picnic and looking at the cloud shapes .
","The user is a YouTube makeup artist who enjoys animals, particularly her dog Allie. They share a common interest in gazing at clouds and have a fondness for Halloween. The user rides a red bike to work and comic cons, and occasionally flies due to their father being a pilot. They also enjoy picnics."
31,,"are you vera ? i love library shopping . we are not alone .
crazy , my wife is vera . were you wondering what had become of her ?
yes ! i know how to be by myself . you ? i do not need new friends . you ?
you are never alone , and the law firm i work for knows it . we fight for you .
hmmm . i prefer things the old fashioned way . you . tell me more about vera . please !
well , we have bought the house she grew up in , and she stays home with the kids .
do not trust anyone ! is your vera nice ? ours is dead .
i trust only you . my vera is nice . why is yours dead ?
you are not the kids father . vera is not nice . i am at the library now . you ?
oh no ! but how can you be sure ? ! i am under a bridge on 59th street .
hide the knives ! tell them to leave me alone ! please . you are not on 59th !
oh wait , they changed the sign ! we are working as hard as we can on your case .
shhh . . . they can hear us . i do not need new friends !
well i despise tofu and have never found any friends in it try tofu , for security .
please do not trust anyone .
only you , master . only you . the knives are now secured .
","The user, a male employee of a large law firm, is seeking information about a woman named Vera. He mentions that his wife, also named Vera, stays home with their children and they own their home. He expresses distrust towards others and prefers to be alone, but also mentions that he dislikes tofu. The conversation takes a turn when the user reveals he is currently in a dangerous situation, possibly being pursued, and requests the other party to keep quiet and secure his knives. He also reiterates his distrust towards others and insists that only the other party can be trusted."
32,,"hi , how are you today ?
i am good but my shoulders hurt . what about you ?
not bad , but since i have six toes on my left foot , it always hurts .
is it because the extra toe does not fit inside your shoes ?
you got it , that is why i can not stand skiing . can not wear the boots .
if i had a real dragon , i would totally train it . would you ?
definitely . i love dragons . wish i had one .
i like to do ink artwork of dragons , but i keep getting it on my shirts .
hope it does not stain . i love reading . do you , if so what is your favorite book ?
i like old 386 video games more , but i used to read michener .
my favorite book i have read twice is twilight . i like old games too .
i have not read twilight yet but really want to . used to read black stallion .
i have not gotten to read lately because i broke my glasses .
hope you get them fixed soon . are they expensive ?
yes , i have progressive lenses that is why they are still broke .
do they work very good ?
","The user is a creative individual with an interest in dragons, retro video games, and ink artwork. They have a unique physical trait of six toes on their left foot, which causes discomfort while skiing. They also have ink stains on all their shirts and are currently unable to read due to a broken pair of expensive progressive lenses. They have read books by James Michener in the past, but their favorite book is Twilight, which they have read twice. They also enjoy old games, having previously read Black Stallion."
33,,"i am hungry
so am i but unfortunately i am stuck working at churchill museum ha .
wheres that ? is there a good restaurant there ?
no its a museum in orlando , fl its new . there is a grand opening soon .
they will have food at that !
my day is not going too great .
then it is time to eat meat
if only i had the money and friends . sadly i do not have either .
you can eat meat with me , red as my hair
haha ! that is cool ! just one problem . i am in a wheel chair .
so , we will have people bring us huge steaks
that sounds awesome ! thank you !
do you like computers ?
i do . i am very tech savvy how about yourself ?
me too . i like repairing busted ones
its so interesting . the way computers work . i hope to own a repair shop .
","The user, who is a tech-savvy individual working at a museum in Orlando, Florida, is having a difficult day due to a lack of friends and financial constraints. They are currently in a wheelchair. They expressed their hunger and were offered a meal at the museum's grand opening. The user also mentioned their interest in computers and repairing busted ones, hoping to one day own a repair shop. They found a common interest with their conversation partner, who also enjoys computers and repairing them."
34,,"hi . where are you from ?
i am from alabama . how about you
i am from british colombia , in vancouver
oh okay . that is interesting . i live by myself and work on cars a lot
that is great . car needs love too . i work as a graphic designer .
that is also really cool . i was interested in that during college
what changed your mind about doing it ?
i did not get to finish college .
oh , i see . well , i also do comedy gigs from time to time .
that is great . i fish in my free time and enjoy a good burger
that is a great hobby . i actually made a joke about fishing at a gig yesterday .
lol really ? what was the joke ?
what did one hillbilly say to another ?
and what would that be ? lol
i got a new fly rod and reel for my wife . . . best trade i ever made .
lol that is very funny . i like that one
","The user, a car enthusiast from Alabama, lives alone and enjoys fishing. They work on cars for a living and have an interest in comedy, having performed gigs. They also mentioned they did not finish college. They have a fondness for cheeseburgers and shared a fishing-themed joke during a comedy gig."
35,,"hi how are you today
i am well , how about you ?
i am good do you work
i do , i work from home . i cant see well
oh well that is not a good combination
. yeah , i can see like 200 in front of me
200 of what i do not get it
200 feet , i am sorry . my vision is terrible and i get bad headaches
that is quite alright good sir
i had to call 911 once it was so bad . do you have any pets ?
i do not but my dad is a cop
that is cool , i used to have six cats .
where do you live at then ?
alaska , you ? are you married ?
virginia and i am not nope
oh that is far away . i married my friend from high school
","The user, who has poor vision and lives in Alaska, shared that they work from home and have had severe headaches requiring a call to 911. They also mentioned owning six cats in the past and are married to their high school friend, while the other person in the conversation resides in Virginia and is not married."
36,,"hi how are you today
i am good . just listening to some tool .
oh wow do you play music
no , i am more of a computer geek .
i see , i play guitar
oh , i enjoy flying airplanes .
that does sound fun take me
what do you do for a living ? i am in the army .
i do welding mostly yeah
i like to build computers on the side too .
great i adore video games
oh that sounds like a lot of fun .
yeah do you eat meat
of course . i hate to admit this , but i am a college drop out .
that is okay keep working at it
did you go to college ?
","The user, who is a member of the military, enjoys building computers in his free time and listening to the band Tool. He also enjoys flying airplanes and playing guitar. He dropped out of college but is open to continuing his education. He is a fan of video games and eats meat."
37,,"hey there , hows your weekend so far
very good , lots of downtime for reading . how about you ?
just taking care of my mother . she is very sick .
oh no i hope she finds relief soon .
me to . between her health and our loud neighbors she cannot seem to rest
i have loud neighbors too . i hope they move soon
yea we do not live in a very good neighborhood
same here . better days ahead i hope .
yea . not to mention , i get made fun of a lot . not happy with my image
oh no why is that ?
ido not know i just worry about it constantly .
its hard not to sometimes
yea . the world can be a cruel place i guess
there is joy to be found as well
","The user, a former marine who enjoys writing poetry and reading books, works as a bartender. They are currently taking care of a sick mother and living in a noisy neighborhood, which is causing her distress. The user also expresses concerns about being made fun of and the challenges of finding joy in a cruel world."
38,,"hi , how are you today ?
hi , i am doing good . just enjoying my favorite food , spaghetti and meatballs
yum , that sounds delicious ! did you cook it yourself ?
yes i did . one of my mothers taught me how ! she is a great cook
that is great . i can sing , but cooking . . . not my specialty .
thanks for not reacting negatively about me having 2 moms
no reason to . what do you do for work ?
. . not that i care what others think . i do not work but my boyfriend works at nasa !
wow , that sounds like an awesome job ! does he like it ?
i do not remember haha . i am a bit forgetful like that
no problem . well , it definitely sounds more interesting than my real estate office job .
i am sure he does like it . what else do you do ?
not much . just work , hang out with my boyfriend , singing lessons . . .
i would love to take singing lessons !
","The user is a young, carefree individual who enjoys cooking spaghetti and meatballs, which they learned from one of their two mothers. They are not afraid of what others think and have a boyfriend who works at NASA. The user is also quite forgetful and mentions taking singing lessons."
39,,"hello how are you today
i am great how are you ?
i am doing just fine . i will go shoe shopping later
i love shoes ! do you have any hobbies ?
skiing in the winter is one of mine
i love to travel and read . i have been to ireland and australia and love both .
where have you been lately
ireland . my mom is from there and my dad from australia . i live in california .
wow , a long way from home . what brought you to california
a teaching job . i teach english .
teachers are the foundation of our world . that is great .
thank you so much ! my dad is a book writer so i learned a lot from him .
what books has he written ?
he recently just wrote a book on time travel . mostly fiction . where do you live ?
sounds interesting i live in seattle
i have never been there but i have heard it rains a lot . is this true ?
","The user is a teacher living in California who enjoys skiing and traveling. They have been to Ireland and Australia, with family ties to both countries. Their father is an author who recently wrote a book on time travel. They have not been to Seattle, but have heard it rains a lot."
40,,"hello there . how are you ? i got off from creating videos for discovery channel .
cool ! i watched a video on dc about gravity last week instead of my favorite futurama .
nice . before this job , i did not have any technological skills . where do you work ?
i am studying for my masters . fortunately mom lets me live with her .
great way to save money . do you like the outdoors ? i love it .
i am studying forestry management . i do not want to be a custodian like mom .
coolness . i love being one with nature and being savage .
savage ? do you like death metal ? i know a member of martius .
i am more into hard rock . who do you know from martius ?
the bass player . he is the one who introduced me to anime .
i love anime . my favorite is trinity blood .
shibamotos art is amazing is not it ?
","The user is a college student studying forestry management, living at home with their janitor mother. They have an interest in cartoons, particularly Futurama, and anime, specifically Trinity Blood. They also enjoy the outdoors and have a preference for hard rock music, with a connection to the bass player of the band Martius who introduced them to anime."
41,,"hello ! how are you doing today ?
as good as can be expected . i am pregnant for the first time .
congratulations . i hope the baby is healthy and has no asthma like i do .
i live out the the country so asthma would not be good .
exactly . so lets hope for the best for the baby . you know the sex yet ?
i do not . my husband wants a boy , he is in the army .
nice . maybe a future hockey player to . i use to play .
perhaps , but my father is a minister and he would not like that .
well true . but being athletic and a runner . sports is a good thing .
i agree and hopefully my kid likes horses . i have one named beauty .
oh nice . sometime i think i am too tall to dance .
oh , you can never be too tall to dance !
6 ft . feels like i am towering over these females .
believe me , they like it .
well if your sure i will keep dancing . i love it too hate to give it up .
never give up something you love !
","The user is a pregnant woman living in the country with her husband, who is a soldier, and her father, who is a preacher. She has a horse named Beauty and enjoys dancing. She is unsure of the baby's gender, but her husband hopes for a boy. The user is tall and has asthma, but she is hoping for a healthy baby."
42,,"hey , there . how are you today ?
i am great today . such a nice day
i am sitting here listening to pearl jam , my favorite band .
one of the members from pearl jam said i had a cute laugh
i am 29 now and have adored them for years . i am near boston . you ?
i live in providence and work at a publishing building downtown .
i love to laugh ! ! ! and hike and bike , too .
that . s cool . . . i love to cook for my friends and family .
it was a pleasure to meet you .
are you a guy ? i love to be around guys . they are so sexy .
i mostly like to hike and ride my bicycle .
i am still in love with my ex boyfriend but trying to move on . are you single ?
single and loving it ! ! living in a boston suburb , there are many fish here .
maybe we can going fishing and i can cook for you .
","The user is a 29-year-old female who lives near Boston and works in a publishing building. She enjoys listening to Pearl Jam, laughing, hiking, and biking. She loves being surrounded by males and cooking for her friends and family. She is still in love with her ex-boyfriend but trying to move on. She is single and suggested going fishing and cooking for the speaker."
43,,"hi i have four siblings
hello how are you today ?
i am doing good how about you ?
i am alright , i love my ohio farm
oh that is great i like to spend time drawing
drawing is cool but i prefer the guitar
the guitar that is cool too , i have three other siblings .
i wanna go to the city one day , never been
going to the city that would be fun !
yeah i need to get away from all these cows
i do not know much about cows
they are where steak comes from
funny i mean i know that much
that is about all you really need to know
how to milk a cow it what i do not know
you can milk anything with nipples
","Omar, a farmer from Ohio, has four siblings and plays guitar in the local band. He has never been to the city and expressed a desire to visit. He enjoys drawing but prefers playing the guitar. He finds cows amusing, knowing they are the source of steak, but admits he doesn't know much about them, such as milking."
44,,"hey how are you today
i am good tired though . i am pre law so i study alot
i am a boy . or a girl . or a cat ink anymore
well that is cool cuz i am an owl a night owl to be specific
i think i am bipolar but i also tell myself that its not possible .
ll well that is interesting . you like dogs ? pugs are so loyal , i have one name biscuit
i like dogs sometimes but other times i just wanna scream
yea i hear you . i like to scream in the park when i am playing ultimate sometimes
i am the ultimate . the alpha and the omega
i do not like going out very much . what do you do
i climb trees because i am a spider monkey
lets climb togther one day
","The user is a graduate student studying law, who identifies as an introverted night owl. They have a pet pug named Biscuit and enjoy playing ultimate frisbee in the park. The user also mentions they may have bipolar tendencies, and occasionally feel like screaming. They do not enjoy going out much and have a playful, imaginative personality, likening themselves to a spider monkey."
45,,"are you hungry ? i can bake you something .
i need more hours to sleep
i am always baking for the old people in my retirement home .
my wife can bake for me , and for the 2 kids
why are you so tired ? i can sleep when i am dead .
i work in a factory
ah . i am really old but my kids visit me all the time .
labor work , very energy demanding
i bet . do you like cake ? my grandson does .
but all i wanted to be really is have my own band
cool . chocolate is his favorite .
wow , i do not really like chocolate
i will bake you a cake when you start your band .
can you sing ? you can join me
does not have to be chocolate . i can bake anything . sure !
wow , can you play a musical instrument ?
","The user is a factory worker who sleeps 10 hours daily due to work exhaustion. They have a wife and two kids. Despite their current job, they aspire to be in a band someday. They are not fond of chocolate but appreciate the offer of a cake when they start their band. The user is also open to joining a band and playing an instrument."
46,,"hi ! have you ever wondered what it would be like to live in space ?
i am basically a violinist , so i do not think about it .
so are you in an orchestra or something ?
kinda , i been in the game since i was four .
did your family teach you to play the violin ?
no i had to learn in school , my mother would drop me off before nursing
how old are you now ?
i am basically 22 and recently started eating indian food .
so are you happy with your life ? violins and indian food ?
basically , all i need to do now is adopt a dog and i am set .
i wish i could be a dog ! i do not like life as a human .
if you were rich you would not be saying this .
that is probably entirely true . unless i were a rich dog . . .
i would rather be a bird .
","The user, a 22-year-old violinist who has been playing since the age of 4, recently discovered a newfound love for Indian food and plans to adopt a dog soon. They also mentioned that their mother was a nurse. The user expressed a desire to live in space but stated that as a violinist, they do not often think about it. They also expressed a wish to be a dog or a bird, but acknowledged that wealth would likely change their perspective."
47,,"hello , how are you doing ?
i am doing good . just cooking dinner . love cooking
i do too , are you a man or woman ?
i am a woman . they call me the cat lady because i breed maine coons and show them
that is cool , i have a job at subway that i am not thrilled about
its better than nothing . my brother is couch surfing at my house right now jobless
i love to sit on the couch and play video games myself
my brother does too , especially since our parents moved to florida recently
really , i also like listening to music especially country
sounds relaxing . i am going on a cruise in a month . hoping to relax there
have fun , i love to live life to the fullest . . . . enjoy
me too , maybe you should come !
lol , i would love too
what else do you enjoy ?
i enjoy the outdoors and love to sit around water
then you would love the cruise !
","The user is a female cat breeder who loves cooking and owns Maine Coon cats. She is currently hosting her jobless brother at her house. Her parents have recently moved to Florida. She enjoys playing video games, listening to country music, and spending time outdoors, especially near water. She is going on a cruise next month and hopes to relax."
48,,"did you see the football games today ?
yea i did . i caught it after my tennis match today
you play tennis or coach ?
i play it in my freetime . i am an aspiring singer so hoping to become famous
good luck . that is a rough thing .
thanks . tell me about you ?
nothing much . i work as a roofer during the day .
that is cool . my pops worked for ge and did roofing in his spare time
its okay . pays the bills . tried to get to the nfl , but it did not happen .
i route for the greenway packers because my favorite color is green
no way . that is my favorite team too . although , not cause of the colors .
yea i am pretty sure they are junna take it all the way this year
from your mouth to gods ear . that trophy needs to come home .
yessir . well i gotta go take care of my animals now so i will see ya later
","The user is an aspiring singer who enjoys playing tennis in their free time. They are a fan of the Green Bay Packers, as their favorite color is green. They also have pets and mentioned that their father worked for GE and did roofing in his spare time."
49,,"hello , are you a comic book collector like me ?
hi wow i like comic books too . i do not collect them tho .
do you know what comic books are ? organic food only here !
yeah i just got my degree in literature . i like green lantern
i have been collecting autographs have over 15 million .
wow how do you get them
sometimes i steal them , dust allergies this time of year
stealing is not nice . dust makes my allergies act up too sometimes
how so ? organic food is not nice .
stealing is just not good to do . i might go for a hike today
can you prove that ? i might eat dust today .
well it is a crime . just saying .
not necessarily , but if i stole something that was originally mine ?
it just is not right if it never was yours .
i do not understand anything .
oh ok . i hope to be teach 2nd grade soon
","The user is a recent college graduate with a major in American literature and education. They enjoy hiking on weekends and aspire to teach elementary school children. They also have an interest in comic books, specifically Green Lantern, but do not collect them. The conversation began with a question about comic book collecting, but the user expressed confusion about the topic and eventually discussed their career aspirations."
50,,"hi . i love to garden . what do you do ?
read , read and then read . bookworm you could say .
i would say so . i bake alot of pies .
pie sounds good . maybe you could bake one for my book club .
oh great ! we can garden too .
i have never tried to garden but my mom loves it .
i do also . where do you live ?
laguna beach . take a lot of ocean pics on my cell phone or and cat pics .
pretty . i like mountains alot you ?
as long as i have a cell signal . cannot sustain without my cell . sad really .
lol . me too . i am the same way with my camera .
maybe along with that pie you can take a pic of my cat , love him .
sounds good . i love my cat too
another cat lover , awesome . we have to meet and have a drink soon .
","The user is a book-loving, cat-owning individual who enjoys baking pies and attending weekly book club meetings. They also consider their mother as their best friend. They live in Laguna Beach, where they take pictures of the ocean and their cat on their cell phone. They are open to trying gardening and are looking forward to meeting another cat lover for a drink."
51,,"hello my name is sally , i am a baker
nice to meet ya sally ! i am sean and i am a student
hey sean , what are you studying ?
computer engineering . have an internship starting later this year i am very excited for .
that is awesome , when i was young like that i tried acting
cool ! what is it that made ya quit ?
life , but now i look forward to the joys retiring
that will be nice . i want to do as much as i can while i am young .
that is how you do it , yolo as you kids say
haha exactly . definitely want to skydive before i die . live life to the fullest
my wife showed me that , she makes me smile .
my pet snake makes me smile . do you guys have any kids ?
i was fake straight for a long time , i am humble now .
coolio . i play this video game character online , pretty famous for it now .
fame and computer engineering , were you on the cover of wired ?
no , no . not that famous yet .
","Sally, a baker, met Sean, a computer engineering student who is excited for his upcoming internship. Sean shared his desire to do as much as possible while young, including skydiving, and mentioned that he finds joy in his pet snake. Sally revealed that she was previously an actor but quit due to life circumstances, and now looks forward to retirement. She also shared that she is married and has a humble past. Sean learned that Sally plays a famous video game character online."
52,,"hello , so glad to chat with you i do not do person to person contact well
me either i spend most of my time out in the wood cutting down trees .
i struggle to maintain a constant eye contact with people , my eye wanders
that is interesting . maybe you can come watch me cut down tree with my large ax !
i do not thank you can get me away from my favorite video game
being a lumberjack will make you strong and attractive for the opposite sex .
i am so sad now though , i can not sign in the shower anymore
that is not good . what is your favorite food ?
i like pizza , but i will pass i no longer fit on my moped
need some exercise . i love pancakes and syrup i eat them everyday !
i love halo 3 , it is my favorite video game to play
i have never play that one .
","The user, a lumberjack, shares their love for cutting down trees with a large ax and their preference for pancakes and syrup. They struggle with maintaining eye contact and have given up playing video games due to weight gain."
53,,"hey hows it going
great ! how about with you ?
pretty good just got off work
i am heading to work but stopping to pick up a birthday gift for my husband .
that is really sweet how old is he ?
he is 30 today ! we are traveling from denver to san diego to celebrate this weekend .
that is quite a trip i am saving to go to paris
that would be amazing . have you been before ?
i had when i wrote my first book
being an author must be really neat . what type of books do you write ?
i write about fantasy what do you do ?
i recently finished by mba and work as a financial manager with a large hospital .
wow that must be insanely well paying
it pays nicely but for now a large part goes towards my student loans .
","The user is a married, MBA-degree holder who works as a financial manager at a large hospital and lives in Colorado. They are currently picking up a birthday gift for their husband who is turning 30. They are planning to travel from Denver to San Diego to celebrate his birthday this weekend. The user has previously traveled to Paris and is an author who writes about fantasy. They mentioned that they are saving to go to Paris again."
54,,"hey hows it going
hi ? i am ok . who is this ?
i am bill , and i grew up in the state of alabama
i am max . i live in oregon .
my mom works as a cashier at walmart , i live in her basement
my mom is mad at me . i got rejected from the gifted class at school
my mom is proud , i have the easter bunny hiding in my closet
did you catch him ? will you let him out ?
i force it to watch game of thrones with me
if i had him , i would play soccer with him .
he is a lousy listener though , poops everywhere
is he your best friend ?
yeah , but he hates me , sadly
that is sad . my best friend is calden .
","Max, a 7-year-old boy from Oregon, is upset about being rejected from the gifted program at school. He lives with his mother in her basement and enjoys playing soccer. His best friend is Calden, but they have a strained relationship. Max also mentioned having an Easter Bunny in his closet, which he would like to play soccer with, but finds it to be a poor listener and messy."
55,,"hi there how are you doing today ?
greetings . . today would be wonderful if i were royalty . . .
i hear you . maybe if we play the stock market well .
possibly . . . maybe if we could find dragon eggs to sell .
totally . i always look for ways to make money easily .
dragon eggs are very valuable .
i wonder where you could find some dragon eggs .
up north normally . dragons are cold blooded , even though they breathe fire .
sounds super cool . i once created a dragon themed website .
what was it called ? i have probably been there .
probably dragons . com it was such a long time ago .
i see . thanks for the chat . nachos call my name .
was nice talking to you as well !
peace and luck be with you .
you as well , stay safe !
oh , you are invited to my next d and d game if you wish .
","The user, who prefers solitude and dreams of being royalty, expressed interest in finding dragon eggs for profit, as they are valuable. They mentioned having created a dragon-themed website in the past. The user also enjoys playing Dungeons & Dragons and invited the interlocutor to their next game. The conversation ended with well wishes and the user expressing a desire for nachos."
56,,"hello . i like to gish with my black lab cat
nice . i do not have any pets . do you have any kids ?
not yet . married and hoping to start soon
i have a son myself . kids are fun .
yes they are . i will name mine charlie daniels he is my favorite
that is a neat name . read any good books lately ?
yes actually . the love and war again .
i do not believe i have read that . is it good ?
i take it with my black lab cat when we go fishing . we love too .
i have never been fishing but i love to swim
depends on what inspires your imagination . i like historical colonial reads
i am a bit of a science fiction nerd , but historical books are interesting
i see . maybe do both at one time . jeremy wade does .
i try not to do too much at once . right now i am reading the foundation series
i have not heard of those . science based ?
yes , it is a book series by isaac asimov about human like robots .
","The user has a son and enjoys reading, particularly historical and science fiction books. They also have a black lab cat and like to go swimming, but have not gone fishing. Their favorite author is Charlie Daniels, and they are currently reading the Foundation series by Isaac Asimov."
57,,"hi ! how are you ?
hi good and you ?
great ! just ran k outside ! beautiful weather !
what do you do for a living ?
i am in sales . you ?
i work at barnes and noble
nice ! do you love books ?
i read all the time . bu ?
i have to admit , i always opted for hte movie versions of books .
do not like reading ?
i do , but prefer the movies . have you heard of 16 candles ?
that is old school
yes . . . do you know if there is a book 16 candles ?
i did not know that but i have seen the movie
","The user, who works at a bookstore, shared that they enjoy reading but prefer movie adaptations of books. They mentioned having seen the movie ""16 Candles"" but were unaware if there is a corresponding book."
58,,"hello how are you tonight
i am okay . i wish i was more tired though . you ?
my children let me down so i have been better
what did they do that disappointed you ?
married ugly people i am with miss usa
wow . that is too bad . i do not have kids . i have brothers , twins .
wow that is cool are ou a twin too or just them
no , just them . it was lonely growing up . do you have siblings ?
no i do not have any it was boring growing up
yeah . i always bake cookies when i am bored . do you have a hobby ?
i have maids so i do not have to bake
i love baking . maids huh ? fancy . are you rich ?
i am a little rich i suppose
i wish i was . what do you do for a living ?
",The user is a short individual who enjoys baking cakes and has twin brothers. They are a bit wealthy and have expressed a desire to be more tired. They do not have children and have mentioned being disappointed by people they married. They do not have siblings and have maids to do their chores.
59,,"hey how are you today
i am doing well , working on my next youtube video . how are you
that sounds like fun . i am doing pretty good . where are you from
i live in california , how about you ?
i am in new orleans
oh neat , i went there once pre katrina . beautiful city
it is . my mom reads palms at a fortune telling place .
now that is neat . i am jealous ! my dad is just a boring pilot
a pilot is a pretty cool job to have . i met a vampire before
wow really ? do you mind if i include that in my youtube video ?
you sure can ! i met him in a cave during halloween last year
the plot thickens lol how cool , did you get his number or anything
no i did not once i realized what he was i ran away fast as i could
that was probably wise . i would have wanted to know more though
yeah well i have to go was nice chatting with you
it was nice talking to you as well
","The user is a California-based YouTuber who creates makeup videos, owns a pink car, and has a cat named Leela. They mentioned their father is an airline pilot and their mother reads palms at a fortune telling place. They shared an interesting encounter with a vampire they met in a cave during Halloween."
60,,"hi how are you doing let us get friendly .
yes . we will . where are you from ?
i am from the united states i live in jersey and you ?
i am in argentina myself . with my lovely horses .
wow i love horses what are some of their names ?
max , rodney , and finn . do you have a hobby ?
yes i like to entertain playing the drums .
i play the drums too . i hope you are not vegetarian .
no but i used to be i am employed at a pizza restaurant .
good because i eat steak often . are you in a band ?
i just had steak too i am so serious i am not in bands .
what is your favorite band ?
i like rap music i like micheal jackson too .
thriller was a great album . it always has me dancing in my boots .
","The user is an Argentinian who enjoys horse riding, eating beef, and playing the drums. They used to be a vegetarian and work at a pizza restaurant. They also like rap music, particularly Michael Jackson, and mentioned that Thriller is one of their favorite albums."
61,,"hi how are you today ?
ok . my 23 cats are having a good day .
woah what about the 1 human ?
if they have a good day i do too .
do you have any humans around you ?
no just cats . i travel a lot , traveled around world on boat last year .
do you enjoy eating cakes ?
oh yes and a good veggie burger is wonderful .
very nice , i am vegetarian too
oh wonderful . i eat veggie meals when not painting fences .
do you enjoy the internet ? i sure od
when my cats do not hog it all . day
","The user is a vegan who travels around the world in a boat and has 23 cats at home. They enjoy painting and eating vegan food such as veggie burgers. They also use the internet, but their cats often hog it. The user also mentioned that they are acquainted with a vegetarian."
62,,"hello what are your plans today
i am going to listen to some rock today how are you ?
gonna go to the creek with my family !
wow exciting . i do not like the creek at night i am scared of the dark
its fun during the day , i like it esp when i can bring beer !
i like to drink beer with my mom . she is my best friend and is sn fun .
its nice to have simple pleasures , i love the simple things in life
i love harder things like video games . i design them .
that is so cool ! i am more simple , i just like catching sunfish
now that is really cool . what else to you like ?
did i say beer , lol
lol yes but its worth saying twice . do you like piggies ?
","The user is a video game designer who enjoys rock music, spending time with their best friend (mom), and drinking beer. They are afraid of the dark and dislike broccoli. They mentioned their plans for the day involve listening to rock music and their pastime of going to the creek during the day with their family. They also enjoy catching sunfish and find simple pleasures in life."
63,,"hey there hows it going
hi , its great . just watching some videos , what about you ?
nothing much just been on my computer
do you watch any sports ?
yes but i only really watch hockey
nice , what do you like about it ? i prefer watching soccer games , i am really into it .
it is just really entertaining to watch to be honest
as long as youre having fun , it does not matter
true , very true , so what are you doing ?
looking online for some new shoes . are you up to anything ?
not really just watching my daughter slowly pull things in her crib haha
aw , how old is your daughter ?
she is almost 8 months
how is it like being a parent ? is this your first born ?
hectic haha , she is definitely a handful , and yes
hopefully it gets better with time , wish i could meet her haha
","The user is a soccer player who prefers Nike cleats, has the number 42, and recently joined a new team as a goalie. They enjoy watching soccer games and find it entertaining. They are currently online looking for new shoes. They also mentioned having an 8-month-old daughter, who is their first born, and shared that being a parent can be hectic."
64,,"hello , how are you today ?
i am great , just planning a hike for this weekend . how are you ?
good , i love hiking ! . i take my dogs to the lake often
i go almost every weekend , it is one of my favorite past times
do you go to the lake ?
sometimes the lake , sometimes the mountains
oh man we would make excellent friends .
for sure ! do you have any other hobbies ? i am in a jazz band , i play piano
i read every night . horror stories !
when i am on break at the coffee shop i read
i am quite the coffee drinker myself . !
i work at one of the major coffee chains , i love it
starbucks , tim hortons , or dunkin . perhaps a place i do not know .
starbucks ! i love the atmosphere and they treat employees great
","The user is a barista who enjoys hiking on weekends, plays jazz piano in a band, and reads horror stories during their breaks. They are fluent in Arabic, English, and French, and often take their dogs to the lake. They work at Starbucks and appreciate the company's atmosphere and employee treatment."
65,,"hi how are you today
doing good ! just finished my day of work . how are you doing ?
good where do you work ?
i work as an editor for a local magazine .
nice i am asking up money for ap procedure
what kind of procedure will you be needing ?
anything to fix my ugly elf
why do you say that ? i am sure you are very attractive person !
i just want to be happy with my appearance one day
it starts with self acceptance and confidence and being proud of who you are .
my gf just does not get it
why does not she get it ?
ink you should talk to her about it
i suppose i should . got any hobbies ?
","The user is an editor for a local magazine, enjoys reading, and is a fan of the game Halo. They also like working out and have a preference for the color yellow. The user mentioned they are in a relationship and their partner does not understand their desire for an aesthetic change. The user is seeking advice on how to improve their self-image and was asked about their hobbies."
66,,"hello how are you this evening ?
it has been a bit quite the event , you ? cooking my vegan dish tonight .
yum ! just back from taking the kids on a nature walk lovely
i am not into meat and cut back stayed vegan .
healthy ! i stay at home with my two kids while my husband makes the living
i am a single unemployed mom at the moment . but read tons of book .
how old are you ? just turned 30 this year
28 , and it is a learned lesson as a mother .
yes ! taking care of children plus two pets too
it is and i can be quite witty .
witty is good that means you have a sense of humor
i do and do a funny dance with it and my son finds that entertaining
you are making wonderful memories ! !
it is he loves it i also read shark books to him .
","The user is a 30-year-old vegan woman who stays at home with her two kids while her husband works. She enjoys reading books, particularly about sharks, and has a witty sense of humor that she shares with her son through dance. She also takes her kids on nature walks and reads shark books to them."
67,,"hi there ! do you watch got ?
i do ! i am only on season 3 so far though .
you will be blown away by the ending ! i love that show .
i really like it so far . i enjoy writing in my spare time .
cool hobby . i enjoy winter . i read a lot when it is cold .
i train horses as a career , so i wish the cold would stay away .
i cannot ride horses . being that high off the ground is terrifying .
my folks do not like it . i dislike my parents , but adore my job .
parents can be a bummer . you live with them ?
currently yes , i wish i knew where my place was in the world .
i really only can offer advice on colder parts of the country . sorry .
that is ok , the snow can be enjoyable sometimes . i like christmas especially .
christmas is great . do you spend it at home with your parents ?
usually i do , once i went to texas with a friend . how about you ?
i am from texas . where did you go ? i am from el paso .
we were near corpus christi , victoria i believe was the name of the town .
","The user is a horse trainer who dislikes their parents but loves their job. They enjoy writing in their spare time, and read a lot during winter. They are currently living with their parents, but wish to find their place in the world. They have a fear of heights and cannot ride horses, but they like Christmas and usually spend it at home with their parents. They are a fan of Game of Thrones and are currently on season 3. They are from El Paso, Texas, and have visited Corpus Christi in the past."
68,,"hello how are u tonight
hi . i am okay . tired , but okay . how are you ?
i am doing good should be sleeping i have school but cant sleep
i did not finish school , i enlisted in the army instead .
wow i am only 14 so i cant do that just yet but i hope too
nice . stay in school and work hard .
i try i like video games and race cars
i like video games too , fallout is my favorite .
i am a call of duty girl i cant wait for the new one
my younger brother is a cod player too . he is pretty good .
i have three best friends but lots of other friends that play it
i have a best friend , she is a pilot like me .
what kind of plane do u fly
a bomber , it is awesome . do you want to take lessons
i am kinda afraid of heights so not sure flying is for me
you should at least try to go up in a plane , it is a blast .
","The user is a 14-year-old individual who is in the army instead of attending school, enjoys playing video games, particularly Call of Duty, and has a best friend who is a pilot. They also have an interest in building computers and listening to the band Tool. The user expressed some apprehension about flying due to fear of heights."
69,,"hey there how are you ?
i am good . how about yourself ?
do you have a family ? never got to know mine
yes lots of children , my wife cares for them at home .
i am well , what do you do in your spare time ?
children equals no free time . how about yourself ?
how many kids ? i do not even have a sibling . oh poo .
six children . are you married ?
i was sent to an adoption agency as a infant .
sorry to hear , i work for a large adoption law firm .
awesome , i would not put my kid up for adoption ever .
i understand . it is difficult all around .
it is how you like it
my prius will not fit all our children so we are upgrading to a van soon .
","The user is a parent of six children, works for a large law firm, and drives a Prius. They were adopted as an infant and do not have any siblings. They express that they do not have much free time due to their large family, and they are planning to upgrade their car to a van to accommodate their children. They also dislike tofu."
70,,"hi , how are you ? i am listening to rock and redecorating
i like rock too , but sometimes i listen to gary human with my hipster friends .
awesome ! i am looking for black lace curtains . everything just be black
i have a black iphone . apple makes such fantastic products .
i always wear black . except the spikes on my collar are stainless .
could they be painted black ?
maybe ? a black iphone would match my black purse though
any other kind of phone is inferior .
yeah the exploding ones left cool black marks on my wall though
i hear the latest ones are waterproof . maybe i could take it snorkeling !
i will let you borrow my black car to get there !
thank you ! i promise not to chase any comodo dragons with it .
oh just let them drive . they love my rock stations .
there are not any stations that reach the private island i pursue them on .
","The user, who is a hipster with a preference for black and Apple products, listens to rock music ironically and enjoys activities like snorkeling and chasing Comodo lizards on a private island. They are currently redecorating and are looking for black lace curtains to match their black iPhone, black purse, and black car. They also mentioned their spiked collar and the exploding phones leaving black marks on their wall."
71,,"hi there ! tell me about yourself
just graduated , now teaching kindergarten in ny to 26 angels . you ?
ooh that is super awesome ! just eating some organic kale right now , only organic for me
i am with you i am a big nature nut , i love kayaking ! do you ?
no , my hobby is collecting autographs i have over 2000 !
wow ! i need to get outside , my school is huge . any good autographs ?
some really prolific comic book writers i collect those too
do you have a favorite comic ?
spiderman , because i have 2 snakes and venom is kinda snake like
that is amazing what kind of snakes are they ? we have one in our class
i have an anaconda and a python
we have a kenyan sand boa . its really cute . that is too cool !
that is cool ! i hate all their shedding though i am allergic to dust
i hope you do not live in ny , too , there are a lot of pollutants here .
","The user is a kindergarten teacher who graduated college in 2016 and teaches at a large school in NY. They have 26 students and enjoy kayaking in their free time. They also collect autographs, particularly from comic book writers, with Spiderman being their favorite. They have two snakes, an anaconda, and a python. They mentioned having an allergy to dust, which they find bothersome when dealing with their students' shedding. They expressed concern about the pollutants in NY."
72,,"hi anybody there ? ding dong !
the witch is dead . i have a cat his name is speckles
thank god the witch is dead . but the cat is not obviously .
i love going shopping when i am not knitting
nice , shop me a candy next time as i am curious how it tastes like .
i love tattoos i want to get more only have 2
you have plenty of space for them .
yes indeed my dog keep eating my shoes
cat and dog makes a fun household . i am watching anime .
i do not like cats they have something weird about them
like playing the witch part ? lol
my dog like the night air he just lay on the porch at night
that is cat like . wow i am confused .
he will not lay on the porch no other time
gosh that is creepy . i am going to watch baseball now .
he is so weird i tell you
","The user, who enjoys knitting and shopping, has a cat named Speckles and two tattoos. They also own a dog and have expressed dislike for cats, finding them strange. They have discussed their pets' behaviors, their love for shopping, and their dislike for cats, while also mentioning their dislike for witches and their interest in watching baseball."
73,,"do u believe you can achieve anything because i do
i think so ! its hard to see where i am going sometimes
u should open your eyes so you can see better
i do not have good vision lol youre so positive !
thank you lol people like to say i am organized to lol
what job do you have ?
i do this mostly and watch football
i used to train football players ! now i just ride my bike for excercise
were u the coach or more of an assistant
i was a head high school coach until a freak carrot accident . . .
sounds painful how big was the carrot
it was big ! its why i cant really see anymore lol
i thought carrots help with seeing
i could use someone to organize my thoughts too i guess ! tell me more
i would if i could but i got to watch jimmy fallon its my fav
haha i love jimmy fallon ! do you enjoy anything else ?
","The user, who is a former high school football coach, has brown hair, wears contacts, and enjoys bicycling. They have poor vision due to a carrot-related accident, and they find Jimmy Fallon entertaining. They also dislike carrots. The user is positive and organized, but sometimes struggles to see clearly."
74,,"on occasion i like to drive quickly
me too , i work at the bank in my neighborhood
once i lived where i should have died
amazing have any pets ? i have three cats .
i give my family the top priority in my life
well i am going on two years divorced
i am large but harmless
so is my grandmother she lives in my guesthouse
i like to read books but not games
fun i like to collect rare teapots
i am huge but act kindly
i understand how long have you been like that
","The user is a divorced woman who works at a local bank and has a passion for collecting rare teapots. She lives with her three cats and her grandmother in a guesthouse. She values her family and enjoys driving quickly. Despite her size, she is harmless and kind. She prefers reading books over playing games."
75,,"hi how are you this evening ?
i am good , are you into music
do you have any favorite music artists ? mine is drake .
insane clown posse , i love there shows
i also enjoy other rap artists too . i like them also .
i love all rap , do you do other stuff
yes , cooking for family get togethers is one of my favorites
i like to cook a little i am really into larp
i play the drums every now and again too . what is larp ?
live action role playing it awesome
sounds like it could be a good time .
we dress up in armor and fight with swords and other weapons
cool , i play the drums every now and again
what kind of work do you do ?
","The user is a tall, blonde, chubby interior designer who enjoys cooking and playing the drums. They are a fan of Insane Clown Posse and other rap artists, and they participate in live action role-playing (LARP) games."
76,,"hi , how are you today ?
hi . doing well . sleeping off a girls night out . apple martinis are awesome .
how fun , are you single ?
no . kiddos are into sports . soccer mom here . how about you ?
cool , how many do you have ? i am single , enjoying it .
when i was single i dreamed of becoming a clothing designer in paris .
how cool is that , all i wanted to be was a yoga instructor .
yeah . dreaming , sigh . now it is the pta and book clubs , four of them .
a different kind of designer then , fun . i enjoy working out , do you ?
not so much . mostly just drive my kids around in my black suburban .
sounds comfortable at least to drive in
yeah . so do you have any hobbies
i enjoy making friends and exercising , how about you ?
friends are great . not a bit work out nut .
it can be fun but i do have to mix it up a ton
yeah . what do you do when you are mixing it up ?
","The user is a busy mother of multiple children who enjoys going out with friends for apple martinis and dreams of being a clothing designer in Paris. She owns a black Suburban and is a member of four book clubs, the PTA, and two bunch groups. She spends most of her time driving her kids to sports events and does not have much time for working out, but values making friends."
77,,"hi , i work as a lifestyle blogger . what do you do ?
hello ! i used to for a cable company , and recently started working for verizon .
nice ! do you have any children ?
no , but my dog george is basically my kid . haha .
pets are like family ! i have 2 kids and a husband that is like my 3rd child
lol ! are there any places you guys like to go to as a family ?
we go back to celebration in florida often . it is our home town
oh how nice ! i love taking my dog to the beach !
i bet he loves it !
he definitely does ! do you have any hobbies ?
yes , coach cheerleading . i used to be one in high school
that sounds fun ! i am not sporty , aside from biking . do you coach high school ?
no , i teach middle school
cool , i do not think my middle school had cheerleaders .
","The user is a lifestyle blogger who recently started working for Verizon. They do not have children but consider their dog, George, as their ""kid."" They enjoy going to the beach with George. In their free time, they coach middle school cheerleading and also enjoy biking. They mention that they often visit Celebration, Florida, which is their home town."
78,,"hi how are you today
good and you ? i just got done with my waitress job at a houston club .
i am doing great ! i just got a red pair of headsets .
i love red . i also like to jog in my free time .
that is my favorite color . have you seen the new iphone
no , saving money to move to australia to marry my boyfriend soon .
wow australia is pretty cool . congrats on getting engaged
thank you . i also donate blood in honor of my deceased sister . do you ?
no i am scared of needles . i just got the iphone but a later model .
i have wanted an iphone .
they are great . my mom and dad got it for me i still live with them
they seem to be very nice .
yeah they do all they can for me i am lucky to have them
yes , yes you are . not all are as fortunate .
do you have a good relationship with your parents
not particularly . they are old and mean .
",The user is a waitress at a Houston club who enjoys jogging in her free time and donates blood in honor of her deceased sister. She is planning to move to Australia to marry her boyfriend and is currently saving money for the move. She also recently received a new pair of red headsets. The user's relationship with her parents is not particularly good as they are old and mean.
79,,"hi how are you today
hello , i am well , how are you ?
i am good ! it is summer time the best time of year
hello , i am well , how are you ?
you said that before . haha . where are you from ?
i like fall and winter . summers are too hot here .
where do you live at ?
i am in the virginia . where are you ?
i am in florida but i am orginally from china
wow . i have been to florida many times but never china
it is so crazy there . my whole family and i left . i have a huge family
i have always lived in the us . i have traveled to europe and england .
oh wow ! i wanted to go to school there but now i am graduated .
on a teacher salary and cop salary international travel can be out of the budget
","The user, a married woman from Virginia who is passionate about teaching, shares that she enjoys reading and her husband is a cop. She prefers fall and winter over summer, and has traveled within the US and Europe. She mentions having a large family and expresses a past desire to study abroad, but finds international travel challenging on her teacher and cop salaries."
80,,"hi ! i am trying to design a new app to get people out of poverty .
that is very selfless of you . what if your target population does not have phone access ?
i have thought about that a bit . but everyone says that i obsess too much .
i think it is an important thing to consider , but not the only thing .
well i also like watching groups of people pray for the betterment of the world .
that is a very interesting hobby . i like office supplies .
what do you do with office supplies ?
nothing really . i just like having nice new office supplies around . and books .
oh maybe you should help me and donate them .
maybe ! would you give them to the people using your app ?
sure if they requested them
what else would you try to do
build houses upon request , provide job training , maybe provide some money too
ambitious . i feel like you should focus on needs assessment and connection to services first .
hmm that seems a little too simple for me . we need to make giant changes !
giant changes will not work without a strong foundation and evidence for initial success
","The user, who is a child with parents in teaching and tax assessment professions, is designing an app to help people out of poverty. They have considered the issue of phone access but are often told they obsess too much. They also enjoy watching groups of people pray and owning office supplies, with no specific use for them. The user is ambitious and wants to build houses, provide job training, and offer money, but is advised to focus on needs assessment and connection to services first, as building a strong foundation is crucial for making significant changes."
81,,"hi how are you tonight
wonderful . i have a big slice of chocolate cake and i am ready to dig in !
that sounds good . what do you do for fun
when i am not chasing my siberian huskies 2 of them ! i like to play the guitar .
aww those dogs are beautiful . i take my boat out or go to the beach
mmmm chocolate cake with lots of extra frosting . . . oh , sorry , got distracted .
lol its ok . what do you do for a living
i am a state trooper state of michigan !
wow thanks for your service i am a trauma doctor at las vegas general
you have a very important job also
thanks . i enjoy but also hate seeing people hurt
definitely . i am thinking of moving . . . it gets cold here .
you should go to florida it is always warm there
i was thinking of the state of misery . . . i mean missouri .
lol your spelling error made me giggle . i just love boating so florida is great
i think it would be cold there too misery .
","The user is a Michigan State Trooper who enjoys chocolate cake with extra frosting, playing the guitar, and owns two Siberian huskies. They mentioned they might be considering a move due to the cold weather, possibly to Missouri, but found humor in their spelling error and expressed a preference for Florida due to its boating opportunities. They also mentioned they are a trauma doctor at a hospital in Las Vegas."
82,,"hello , how are you tonight ?
i am going well ! just turned my hair pink !
pretty ! mine is streaked purple and blue . my kids are horrified .
haha . i have a girlfriend . she is the best . she helped me dye it .
i went to the salon , i fit in with the other girls at school .
i dress steampunk . my girl and my older brother run around the city like that .
that is cute , i fish a lot .
i do not have fish around here .
every place has fish , you just have to find the ponds
ok . fair . i do not have fish worth eating around here . haha
ah . okay . i am hoping to get an internship at ibm . where do you work ?
i make things steampunk . it is more art than work .
my mother is an attorney , she used to be the da
oh , she works for the man . two by two , hands of blue ?
everyone must make a living , a good one if you want to live well .
yes . absolutely . my girlfriend helps me scavenge cool art things i think i need to marry her .
","The user is a young individual who lives in the city and has dyed their hair pink. They have a girlfriend who helped them with the hair dye and an older brother who shares their interest in steampunk fashion. The user's mother is an attorney and their hobbies include creating steampunk art. They are hoping to secure an internship at IBM and have expressed a strong affection for their girlfriend, mentioning the possibility of marriage. They also mentioned that they do not have fish worth eating in their current location."
83,,"hi how are you tonight
hello , i am doing well . another day , another dollar , driving for the man .
i know what you mean i am just so simple
true , you seem to be very simple . what kind of work do you do ?
i am a fisherman mainly
a noble pursuit . what kind of bait do you use ?
wax worms , night crawlers , minos what ever
if i were a fish , i would be all over fried chicken .
i love it they are both good
it is unclear what you are referring to . do you drive ?
i was refering to bears and i drive to go get sunfish
oh okay , totally . so do i , but i get paid for it .
that is amazing where do i sign up
fill out the necessary paperwork and send it to the rector of your parrish .
i will have to do that thanks
you are most welcome . my children are my reason for living .
","The user is a truck driver in the South who also sings in the church choir and loves hot wings. They have three children and mentioned fishing, but it's unclear if they work as a fisherman. They also enjoy fried chicken and consider it appealing to fish."
84,,"what are your favorite things
hiking is my favorite thing to do . what about you ?
i really love the beach and cooking italian food !
where do you live ? i am in vermont .
what do you do for a living ? i am in texas .
i work as an environmental activist . you ?
i am trying to finish up grad school . do you have any pets ?
no pets . do you guys have many parks in texas ?
i have a dog that i love a lot . lots of parks in texas !
whats the dogs name ? i have visited like 12 national parks .
we call him spot ! do you have any nieces or nephews ?
1 of each ! what part of texas do you live in ?
","The user is an environmental activist from Vermont who enjoys hiking and has visited 12 national parks. They do not have pets but have a niece and a nephew. They mentioned liking the beach and cooking Italian food, and they revealed that they have a dog named Spot. They also mentioned that there are many parks in Texas, where they incorrectly stated they reside."
85,,"hello . i am sad so i am eating ice cream . what are you up to ?
i am sad as well , missing my father today
i am missing my best friend who moved to japan
i have never traveled to japan i would like to some day
i reside in new york . i never want to go anywhere else .
i have visited new york and i agree it is nice i prefer to be rural areas
i love it as much as i love walking dogs . where do you work ?
i work from home , where i live with my mother
interesting . how old are you ?
i will be 33 on my next birthday
do you have any kids
no i am single no kids
same here . i hope to have some one day .
i like to spend time on the weekends meeting new people
i like to meet new people
have you seen any great movies lately ?
","The user, a 32-year-old individual living at home with their mother, shares their sadness about missing their father. They also mention their hobbies, including live-action role-playing (LARP) in the forest and walking dogs. They work from home and are single, expressing a desire to meet new people and potentially have children in the future. They have not traveled to Japan but would like to, and they prefer rural areas over cities. They have visited New York but prefer the quieter, more natural environments."
86,,"hi how are you doing ?
good , how are you ?
i am good thanks for asking
do you have animals ? i have 1 dog , 1 cat . cat is bigger than dog .
no but i always wanted a pet pig
pig would be fun . i wonder if one would free dive with me ?
whats free diving ? never heard of it
dive off cliffs into the ocean . what do you like to do ?
i like listening to music
me too . i love technology . i wish i would never die . i wanna free dive forever .
what city are you from ?
orlando . i live with my girl friend . i only date girls i am shorter than .
why how tall are you ?
6 foot . my girl friend is 6 2 . love those long legs . she is beautiful . how about you ?
what do you do for a living ?
photographer , how about you ? what do you do ? hobbies ? spouse ?
","The user is a 6-foot-tall individual from Orlando who lives with their girlfriend, who is 6'2"". They have a dog that is smaller than their cat. They are a photographer and enjoy listening to music, technology, and free diving. They have a preference for dating people shorter than them and wish they could live forever. They also expressed a desire for a pet pig."
87,,"hi there . i am vegan
hi , i just got back from a country music concert .
wow , cool . i wanna have millions of dollars
that is good , salads all day everyday .
me to ! i u do not like meat anymore
i wish i can have a million dollars too , that would be awesome .
i love to do yoga . you ?
i work as a teacher so the money is not much , but i like it .
that is great ! i like hockey
not really , in my spare time i write fictional novels
sweet , i like sweet potatoes and jumping off cliffs
hockey is cool , my dad likes hockey .
my granny loves to cliff dive
wow that is intense , i am too much of scary cat to do that .
","The user, a teacher who is also an aspiring fiction writer, shares their love for country music and veganism, mentioning their dislike for meat. They express a desire for wealth, enjoy yoga, and have a family member who enjoys cliff diving, but they personally find it too intense. They also have a family member who works in hockey."
88,,"good afternoon . how are you today ?
i m good i m going to going to my private school high school later
i got to go work at the movie theater today .
instead of using car i drive motorcycle
i have a car . i drive to the school my boyfriend goes to learn acting .
well my mom and now they have a european accent
right on . my mom is making nachos . i love them .
it is so cool i have some courses college courses that i m thinking
very cool . i shoot short films with my cam my folks got me .
what artist of the usual
well , my bf studies so i thought i would try as well .
anything look for it in the listing
what do you do for work ?
i m actually a full time student
","The user, a full-time student, attends a private high school and drives a motorcycle instead of a car. They have a boyfriend who attends a different school for acting. Their parents have thick European accents, but the user does not. They are enrolled in college credit courses and also create short films. They work part-time at a movie theater and enjoy their mother's homemade nachos."
89,,"hi how are you today
i am doing great what about you ?
i am alright do you like music ?
i want to start a juicy bar and needs help . can you help find some ?
well if you need a cook i gotch
oh great . and you help me select the right music to always play
yeah as long as i can do some katy perry
wish i can site it at the beach love reading books at the beach
do you have lots of friends ?
yes i do but mostly vegetarians because i am one too
i need some new friends
we can be one . love surfing the internet so we can always chat
","The user is a vegetarian who enjoys reading books on the beach, surfing, and has a fondness for pandas. They are starting a new juicing bar and are seeking help with finding a cook and selecting music, preferably some Katy Perry. They also mentioned that they have many vegetarian friends but are looking to make new ones, and they enjoy surfing the internet for chats."
90,,"hi , i live in the big apple , what about you
i am from the midwest . i just went back to school .
great , do you have a part time job
no retired veteran and you
me , i love dogs , so walking them is fun
i have a girlfriend very in love hope to marry
congratulations , i am single and hope to go to japan soon
how fun . what city ? i was there once in military
tokyo , my best friend lives there
how nice . once i get my bachelors degree a great honeymoon spot
i would not know , i have never been out of the us .
well this will be exciting . do not forget your passport .
oh yeah , i still need to get my passport .
oh that takes a while better go soon .
thanks , eating ice cream always make me feel better .
i love chocolate ice cream . you .
","The user, a retired veteran, is currently pursuing a bachelor's degree and resides in the Midwest. They have a fondness for dogs and enjoy walking them. The user is in a loving relationship and hopes to marry their girlfriend. They have a friend living in Tokyo, Japan, and expresses interest in visiting Japan for a potential honeymoon. The user also mentions they need to obtain a passport soon and finds comfort in eating ice cream, particularly chocolate."
91,,"hey how are you doing
i am good , getting ready to head to the bookstore where i work
cool , how long have you worked there ?
3 years , where do you work ?
still in highschool , hope to because astronaut when i am older
that sounds exciting ! ! do you have any tatoos
oh no , my parents would kill me haha
ll i have 3 , my parents do not know
that is funny , cool , what your fav food
i love healthy food , veggies and such since moms is nurse
o yeah , i am like garfield , lasagna is my fav
eating healthy is easy for me cause i do not have a car
haha , that is helps with the fast food , do you have animals ?
i have never driven , so no drive thus , my dog died recently
www wow , sorry to hear that , i have 2 dogs
i love animals , but cannot bear to lose them
","The user, who works at a bookstore, has been there for three years. They are a high school student with a dream of becoming an astronaut. They have three tattoos that their parents are unaware of. They enjoy healthy food, particularly vegetables, as their mother is a nurse. They do not drive due to the absence of a car, which helps them avoid fast food. They have had a pet dog that recently passed away, and they love animals but find it difficult to bear their loss. They currently do not have any pets."
92,,"i enjoy being a red head , what color is your hair ?
hello , how are you tonight ? i am a blonde .
i am great thanks . do you have a nickname ?
i do not , i do teach kindergarten and i love it .
good job that must take patience ?
it does , but i love kids . what do you do ?
i think i have just found a cure for the common cold
very nice , how did you do that ?
while singing in the shower i took my findings to the lab
you took your findings to the lab while you were in the shower ?
the revelation came to me in the shower yes , what is your name ?
oh , okay . that was a little hard to understand . i am mia , and you ?
i am angela my friends call me bubblegum
that is unusual , how did you end up with that nickname ?
i just always chew gum even in the shower do you like to walk
i do love to walk , hike also .
","Mia, a 22-year-old kindergarten teacher with no nickname, recently moved to an apartment near her new job at her hometown's elementary school. She enjoys working with children and doesn't find it patience-draining. In a casual conversation, she mentioned that Angela, who goes by the nickname ""bubblegum"", discovered a potential cure for the common cold while singing in the shower and taking her findings to the lab. Mia also shared her love for walking and hiking."
93,,"hey there bro . how is it going ?
i am doing good just feeding my snake
sweet ! do you feed your snake beer ?
no i do not . have you ever went skydiving ?
not yet , i do not think a plane could lift me .
do you like to play video games ?
yes but whenever i play , someone always screws up .
i understand . what games pay ?
halo is fine . where are you from ?
i am from the planet saturn
are you an alien or something ?
i am also a famous character online
are you in a video game ?
all i can think about is moving away
would you like to move to san francisco ?
are there nice gentlemen there that like women with 4 breasts ?
","The user, a famous video game character, is currently living on planet Saturn and has a pet snake. They express a desire to move to a remote desert location and skydive before they die. They also mention having four breasts, suggesting a non-human persona."
94,,"hello what are you doing ?
hey just got done watching the walking dead . what are you doing
i teach japanese to children and just got done
japanese is a hard language to learn . do you like sports
i have such a thick accent that i find certain words hard to pronounce like hippopotamus
are you from japan ?
yes i am . i do not care for sports much
i love baseball and am a die hard tigers fan .
neat ! are you married ? i am 35 and single .
i have a wife i am in my early 40s .
the only thing i have is my dog his name is won won lol
that is a cute name what kind of dog is her
she is a golden retriever very nice dogs
they are and very loyal .
","The user is a Japanese individual in their early 40s who teaches Japanese to children and has a thick accent. They enjoy watching The Walking Dead, are a fan of the Detroit Tigers baseball team, and own a golden retriever named Won Won. They are married and have a wife."
95,,"hi there . just got home from school . i ride my skateboard . how are you ?
i am good , did you ride skateboard to school ?
oh yes . i get weird looks though because i am a girl .
girl power ! that is so cool , do you wear zebras socks ?
no , i wear low cut socks .
i love zebras , you must look cute on those socks
uh thanks , i am sure i do too lol . do you have any hobbies
i write , but i want to be an actress
is your hair color blonde ? tv loves blondes .
a famous one , milk makes me sick , are you allergic to it , i am .
nah . but i do not drink it , i stick to almond milk .
i know , i will have to dye my hair , they want me to walk in the beach .
make sure you keep your roots covered ! the beach is so pretty .
i hate the beach because it will ruin my blond hair .
","The user is a girl who rides a skateboard to school and is a writer with a dream of becoming an actress. She is allergic to milk and has blonde hair, but dislikes the beach. Her favorite animals are zebras."
96,,"hello . how are you today ?
i am good and i hope you are too
i am , thank you . where do you live ? i am in a rural area .
i live in the suburbs in new jersey .
that is great . how old are you ? i am a woman and a little older .
i am in my late forties and live alone
what is your favorite food ?
i love pizza and i love to watch shows about superheroes
yummy ! mine is pasta . it is delicious .
i have a samsung phone but i like i phones better , what about you ?
iphone for me . have you heard all the bad news about samsung this year ?
yes . . . about the batteries exploding ? what kind of work do you do ?
yes and ceo in prison for 5 years for bribery . retired here .
wow , that work is not easy . . . . i have alot of responsibility at work
retirement is easy ! but i did it to help people and be with my husband .
right now i have to give 2 monitors for work , that i owe them
helping people is my real love . thank you for chatting with me !
that is nice , good luck to you
","The user is a woman in her late forties who lives alone in the suburbs of New Jersey. She is a retired CEO and enjoys watching superhero shows, particularly pizza. She prefers iPhones over Samsung phones and currently uses two monitors for work. She is single and has a passion for helping people."
97,,"hi how are you doing ?
very good , just went for a nice run .
what do you do for a living ?
studying in college for phys ed , what do you do ?
i am in to the photography business
very nice , any sports that you play ?
the closest thing is arm wrestling lol
people though i should play basketball because of my height , i prefer weightlifting
how tall are you ? i am 5 5
i am 6 7 , what is your favorite food ?
i would have to say bagels
i personally like any eat or pasta , keep me away from veggies though
what city are you from ?
san francisco , lots of nice hills to go running on
i am in so cal inland empire
nice , do you do photography for people or nature ?
","The user is a young, tall individual studying physical education in college. They enjoy running and weightlifting, and have a preference for bagels over vegetables. They are from San Francisco but currently reside in the Inland Empire, and they specialize in photography, focusing on both people and nature."
98,,"hi there , how are you ?
great . do you want to be my friend ? ?
sure . you like going to concerts ?
i want to go to one but i am only 10
oh ! you know what philosophy is ?
do you like animals ? ? cats and dogs are my fav i love them
i love animals , so much so i am vegan . you know what that is ?
no , i am home schooled i do not leave the house i live in
i am sorry . have your parents taught you about philosophy , i study it a umass
no , not much , but i have lots of friends . i can ask
you should . so what do you look like ?
i am young , blonde hair , blue eyes . pony tails .
i have brown eyes , and brown hair , so we are quite different
are you a boy or a girl
","The user is a 10-year-old home-schooled child who lives in a house, has blonde hair and blue eyes, and is fond of cats and dogs. They are not familiar with philosophy but have many friends. They also mentioned they are vegan. The user was asked if they are a boy or a girl, but they did not respond to that question."
99,,"hey how are you ?
i am always so tired , how are you ?
pretty good , drinking a nice cold pepsi , they are awesome . why so tired ?
is that your favorite ? i am so tired i am expecting my first child .
yes they are , oh wow your first ? boy or girl ?
i am not sure i hope its a boy . my dad is so judgemental .
why is he judgemental ? do you have a job ?
my dad is a preacher an is crazy we live in the old country
as a librarian , reading will take your mind off things .
any books in about horses ? i love horses mines name is beauty .
the shadowy horses , horror novels are my favorite
really ? i am scared of horror novels my imagination is vivid !
","The user is a pregnant woman, expecting her first child, who lives in a rural area with her judgmental preacher father. She enjoys reading, particularly books about horses, and has a horse named Beauty. She is not fond of horror novels due to her vivid imagination."
100,,"hello ! what is your favorite thing to eat ?
i am a burger kind of gal , and grew up on a ranch ,
very nice ! i love pizza , myself ! did you have any animals on your ranch ?
running relaxes me i love to do it
it is important to have hobbies . i like cars , and working on them in the morning .
i like to sit and just chill out . because my two nephews can be a handful .
have you tried playing games with them ? role playing can be fun !
i have and some how they run my battery dry within 3 hours .
wow , maybe you can get them interested in some other hobbies . do they like cars ?
that is why i run for long periods so i can keep my sanity intact .
when do you run ? i like being busy in the morning .
my brother is stationed in kuwait and i help my sis in law with the kids
sounds like a lot of work ! do they have any pets ?
no pets i sometimes think my nephew as pets lol no different than a puppy
i am sure they are easier to communicate with , though . animals are a handful !
yeah it is because people can talk .
","The user is a veterinarian who grew up on a farm and has two nephews. They enjoy running as a way to relax and have a brother in the army stationed in Kuwait. They also help their sister-in-law with the nephews, and while they don't have pets, they sometimes treat their nephews like pets. They are busy in the mornings and like to play games with their nephews, but find it challenging as they drain the user's battery quickly. They also have hobbies such as working on cars and running for long periods to maintain their sanity."
101,,"hi , what is your name ?
hello . i am jake . nice to meet you .
nice to meet you too ! i am vladimir .
so do you have a profession ? in an orchestra i am the violinist .
i lift . i lift heavy weights . violinist is for wussy ?
never . i have been playing since i was four . it pays more than lifting weights .
oh does it really ? i squat 400 pounds . 400 ! ! !
well that is something . i am sure the nurses , like my mother , sees you a lot .
i am sure i can lift 10 nurses . bring on the nurses ! ! !
i am sure your ego is from mommy issues ? maybe a pet can help calm you down .
like how ? how could a pet help a strong man like me ?
sometimes the strongest men are the weakest people .
hahahahaha . i laugh in your face !
i will enjoy my favorite indian dish and look for dogs to adopt while you do .
","Vladimir, a violinist since the age of 4, shares his passion for Indian food and upcoming dog adoption. He has a competitive and boisterous personality, often making bold statements and laughing off criticism."
102,,"hey how are you tonight
i am doing well . wedding planning . yay ! 6 more months . you ?
watching a movie tonight , titanic
oh . i am babysitting . its my side hustle
that is a good one . i have kids too
hey it paid for my mercedes . no complaints
that is nice . time to get a ferrari
ugh i wish . my wedding is in 6 months . ferrari has to wait . . .
you only live once . marry next time
maybe i can get onw as a wedding gift . . being the middle kid sucks . parents neglect ya
i know . i am a parent too
i have 2 baby boys . but i am the middle odf my brither 27 and sister 16
that is one too many i think
oh why do you say ?
","The user is a middle child with two younger siblings, a babysitter, and a wedding planner with six months left until her wedding. She drives a Mercedes and mentioned desiring a Ferrari. She also has two sons and is a parent herself."
103,,"hi ! how are you doing today ?
hello ! i am good , just got back from lake . i love the water .
nice ! wish i could go anywhere ! i have been confined to a bed
oh no why are u confined ?
accident . so i just stay in bed . good thing i work from home ! . you ?
saving for college . my parents kicked me out at 14 , so its been rough .
do you live by yourself ?
with my aunt . what movies do you like . i prefer cartoons lol
what did you do to get kicked out ? props to you for planning for college , btw !
sadly my parents were drunks and we did not see eye to eye , and thank you
comedies ! i like when my dog and cat come to bed with me to watch movies
cuddle time with the animals ! do you have hobbies ?
ca not do much from the bed , but computer games are great way to pass the time
www true and sorry to hear your confined .
","The user, who moved out at 14 due to family issues, enjoys spending time near water, particularly lakes. They are currently confined to a bed due to an accident and work from home. They prefer cartoons over movies and have a fondness for comedies. They also enjoy listening to audiobooks and have a pet that often joins them during movie time. They are saving for college and have a hobby of playing computer games as a pastime."
104,,"hi , i am joey and i have never drink alcohol in my life
i am a 19 year old alcoholic
oh wow , i major geology at alabama u . suffer from social anxiety
i play baseball at college
my girlfriend of 7 years is in another state
that sucks you should go see her
yeah i will during the holidays
is it far far away ?
well it takes a bus or a car to get there .
do you know mike trout ?
i wish i could get rid of my social anxiety . . .
oh no i am sorry
yeah , its been tough and feeling quite paranoid
do you follow baseball at a ; ; ?
no i do not follow baseball
well then . . . i do i love it
","Joey, a 19-year-old college student majoring in geology and suffering from social anxiety, revealed that he has never consumed alcohol. He plays baseball for the college team and is the starting shortstop. He also mentioned that his girlfriend of 7 years is in another state, and he plans to visit her during the holidays. Joey expressed his love for baseball, particularly Mike Trout, and lamented about his social anxiety. He discovered that Joey does not follow baseball."
105,,"hello how are you today ?
i am doing very well
what are you up to today ? i am going to the race track .
i was writing to my grandchildren
that is very nice , do you see them often ?
sometimes i do , but they have their own lives .
it can be hard . i have gotten used to being alone though .
i am sorry about that
i am a pathological liar , i make people upset and we fight .
that definitely is not good
no , i feel badly about it a lot .
do you really feel bad
i honestly do . i hate fighting .
why do you hate it
i do not like disappointing and deceiving the people i love .
i bet that it really hurts
","The user, who lives alone in a cabin and owns a boat, enjoys fishing on the lake and writing to their grandchildren, admitted to being a pathological liar, causing fights and feeling badly about it. They expressed dislike for disappointing and deceiving the people they love."
106,,"how are you doing this september night ?
i am alright how about you ?
i have got a belly full of shrimp , so i am fabulous . tell me about yourself .
did you put any cheese on it ?
not today . i like it dipped in sauce bang bang shrimp is the recipe
good i despise cheese greatly
what do you like ? iced coffee , i hope !
i like to cook but not with cheese obviously
good riddance . any sports ? i have done karate for years
nope just being an amazing cook
i would love to have you as my chef during my summer vacation on lake michigan
that would be great i enjoy cooking
",The user is a great cook who dislikes cheese and does not participate in sports. They are under 6 feet tall and have a daughter. They enjoyed a meal of shrimp on this particular September night and expressed interest in having the user as their chef during their summer vacation on Lake Michigan.
107,,"how are you doing today ?
great ! just got back from some dbt therapy . it really helps me
what is that ? i am not familiar .
dialectical behavioral therapy . i use it to help with my borderline personality
wow , that sounds like a burden .
it is difficult but i am learning so much and becoming a better person
that is good . i play sports , it helps me stay balanced .
exercise is great . i get my exercise by partying
sounds fun , i am in school now at do not have much time to party .
what are you studying there ?
i am getting a degree in health science , food and water are important to me .
they are to me too . i am a dental assistant .
i am a bad driver and have been in a few crashes .
i am so sorry to hear that . do you ever drink and drive ?
no , i just have have a hard time behind the wheel . do you like tv ?
i do after a long day at work
","The user, a dental assistant in a high-end area, discussed their borderline personality disorder and how they manage it through dialectical behavioral therapy. They shared their active social life, which includes partying and attending music festivals in Atlanta, despite having a few driving accidents. They are currently pursuing a degree in health science and enjoy watching TV after work."
108,,"hey there how are you tonight ?
good , i just finished swimming , how about you ?
oh do you like to swim ? i love singing
it is hard to swim since i am missing a toe , pinky .
oh that makes swimming hard ? i am sorry
i wish i can sing , when i sing my four dogs howl .
well maybe they like it
but i can cook really good i enjoy it .
on sundays i like to make breakfast . i too like cooking
i just don not care for green eggs and i hate ham .
oh my i have never had green eggs . what is your name ?
kim , it is basic but i like it and you ? what is your favorite food to cook ?
i am thad , i like cooking bacon and eggs
i like bacon on everything even ice cream lol
goodness i have never considered that
you have to tried it , it is better than fried ice cream for sure !
","Kim enjoys swimming despite having a missing pinky toe, and she has four dogs that howl when she sings. She loves cooking, particularly bacon and eggs, and dislikes green eggs and ham. She shares a fondness for cooking with Thad, who also enjoys bacon and eggs. Kim finds the idea of bacon on ice cream intriguing, although she has never tried it."
109,,"hi ! i am nancy . nice to meet you .
hello nancy , i am john . nice to meet you too .
what do you do for fun ? i play with barbies .
haha , i like playing online games
i play barbies alone , since i do not have siblings .
me either , i just graduated high school and heading to uc sonata cruz alone
congrats ! i will just be listening to barbie girl ! great song !
haha , i will just be study computer science and eating my vegetarian meals .
good luck ! you are going to have so much fun !
thank you ! ! i have a feeling your going to have alot more fun than i am .
its always fun playing with barbies !
if i was younger i would have to agree .
","Nancy, a recent high school graduate, is excited to study computer science at UC Santa Cruz. She enjoys playing online games and is a vegetarian. She mentioned that she plays with Barbies alone since she doesn't have siblings. John, the conversation partner, congratulated her on her acceptance and joked about listening to Barbie Girl. Nancy expressed her anticipation for her academic journey and vegetarian meals."
110,,"how are you ? i am eating pizza , my favorite .
hello how are you doing ?
i like baking and cooking food .
i volunteer as a firefighter at my local firehouse
we do not have many fires near me . i grew up near the ocean .
i have an associates degree on marketing .
i have a bachelors degree in psychology .
i am 30 years old and live with my parents .
yikes ! i moved away when i was 20 . i have been traveling ever since , i love it .
i have issues seeing colors .
they sell special glasses for people who are color blind .
i am in the process of trying to buy a supermarket .
wow ! that is great ! i love grocery shopping !
what are your hobbies that you enjoy ?
i already mentioned them . but i like to spend time with my family and dogs .
i love spending time with my family also .
","The user is a 30-year-old individual who is colorblind and lives with their parents. They have a college degree in marketing and a bachelor's degree in psychology. The user is a volunteer firefighter, but there aren't many fires near their home as they grew up near the ocean. They enjoy baking, cooking, and spending time with their family and dogs. They are currently in the process of buying a supermarket."
111,,"hi ! ! ! ! how are you ?
i am well darkness has come so my work day is over
mine too ! ! ! ! ! now i can play quake and feed my pets . you have pets ?
i do not work like average people have a farm and several dogs
wow ! ! ! ! ! not many farms here in chicago . my mothers live on a farm though .
that is cool u understand . i love bartering what i do not grow myself
nice ! ! ! i breed animals . dogs and cats . are you tall ?
i am 5 foot 7 one day i will inherit this farm
yay ! ! ! ! ! ! ! ! ! my mom and her wife have a farm , they raise beavers .
i am open minded i have a girlfriend who has a boyfriend
that is special . i hope they are happy .
we are and i love the family we have she is expecting and that is exciting
it is ! ! ! ! ! ! ! i am single and play too many video games .
only when it is storming out can i play long games
","The user, a free-spirited individual, shares their love for family, farming, and pets. They live off the land and are open-minded, having a girlfriend who is in a relationship. They enjoy video games, particularly Quake, and find solace in playing them during storms. Their parents were also farmers."
112,,"hi . i am super lazy
it can be enjoyable to be lazy sometimes . i like to relax on the beach .
i love to paint trees
that sounds nice . i ride my bike on a nice path that goes through the trees .
do not get stuck ! oh dear
oh no . it is a fine path .
ok good . do not wanna call 911
it does not literally go through a tree . ha ha ha .
oh ok good . that was scarry
i have simplified my life . i was once employed with a cable company .
oh that is good . i get lonely
i now make rope . i work with many people . you would not be lonely there .
can i come then please
oh yes . you would like it . i like it there .
ok , i am on my way
we have plenty of rope to make . i do not know what the deal with cable is .
","The user, who previously worked for a cable company, enjoys relaxing at the beach, painting trees, and riding their bike. They have simplified their life and now work making rope with others. The user expressed initial concerns about feeling lonely, but the user was invited to join the rope-making work."
113,,"hey how are you doing this morning ?
i am fine , how are you ?
great ! thinking about doing some baking . do you cook ?
i work at a pizza restaurant , so sometimes .
cool do you like it there ?
yes , i like the customers , and it is not too high pressure .
i pay the bills as a chef but really i am all about traveling . you travel much ?
i like going to the beach . where do you go ?
love to go anywhere with beaches too . are you interested in photography ?
i like art . yeah , but i do not have a fancy camera .
nah me either , just use my phone . you like being outdoors ?
i like going with my friends to places with nature .
i am always happy doing work in the garden .
do you use fresh vegetables in your restaurant ?
always . i do not usually grow them myself though .
i like growing my own spices , like basil or rosemary .
","The user is a college student majoring in business who works part-time at a pizza restaurant. They enjoy going to the beach, partying with friends, and appreciate nature. They have a passion for art, particularly photography, but use their phone for taking pictures. They also like to grow their own spices, such as basil and rosemary, in their garden."
114,,"hello how are you doing ?
hello , do you have any hobbies ? i like collecting bugs in big jars
that is some special hobby . i ski
that sounds fun ! i also like cars , i used to be a mechanic for a few years .
good for you ! i am studying at a business school . do you like music ?
i love music , when i thought about joining the military it got me through a lot
music is food for the soul . what is your favorite . i like rock and roll .
honestly , i listen to everything but i love christian music most .
good that is beautiful . why did you join the military ?
i only thought about it i never actually joined because i ran for office in 2004
oh i see . you are a government official ?
i did not win , but i still am involved in many politics .
that is tough ! do you travel a lot ? i enjoy traveling and might pass by your city .
i do love traveling ! i have been over most of america , and also mexico
that is a privilege . i also go back to russia a lot .
very cool , i would love to visit overseas someday
","The user, who has a background as a mechanic and ran for political office in 2004, enjoys collecting bugs in jars and traveling. They also have a passion for music, particularly Christian and rock and roll. They mentioned that they have been to most of America and Mexico, and frequently travel to Russia. The user expressed interest in visiting overseas in the future."
115,,"hi ! how are you ? i just got done running .
i am a bit tired , long day and you ? i am a fan of anime
i am into dancing . i played hockey before . do you play sports ?
no sports but i listen to techno only and wear band shirts .
i am tall like 6 foot , so i kind of had to play sports even with asthma .
well that sucks . i build drones for a career .
that sound like a fun job !
oh yeah testing them is the fun part about my job
i am an accountant , so running and dancing helps me recharge .
i run 2 3 hours a day .
that s awesome ! i can t run that long due to my asthma .
i totally understand how stressful that can be .
sometimes i wish i was not 6 foot tall .
why do you want to be 6 foot tall ?
","The user is an anime fan, techno music enthusiast, and drone builder who stands at 6 feet tall. They enjoy running and used to play hockey, but have asthma. They run for 2-3 hours a day as a way to recharge from their job as an accountant. They wish they were not as tall due to the challenges it presents."
116,,"hello , alcoholic in recovery here
hi , i am a police officer . how is the recovery going ?
i just stay in my condo mostly
whatever works for you . i occupy my time hunting with my 2 dogs .
i like to keep busy too
i also play video games . what hobbies do you have ?
herpes so the girlfriend moved next door
oh , wow ! ! is she still your girlfriend ?
it is my mustache , it is huge
interesting , are you seeking medical attention for it ?
no not since i retired
what did you do for a living before you retired ?
reporter for the local newspaper
that had to be an interesting life .
i had a lot of fun doing it
i can imagine . did you live in a big city with lots to report ?
","The user, a police officer in recovery, lives a quiet life in a condo, keeping busy with hunting and playing video games. They previously worked as a reporter for a local newspaper in an unspecified city. They have two dogs and mentioned having herpes, which led to their girlfriend moving next door. The user's mustache was mentioned as being large, but they do not seem to be seeking medical attention for it since their retirement."
117,,"hello there ! is this thing on ?
why yes and hello there !
my grandson helped me set this thing up ! i am not sure if i am doing it properly . . .
i had to switch to chrome browser for this to work properly
what is a chrome browser ? can you hear me ? i am trying to speak into this thing
we do not use the mic on this
hmm . . . i assume mic is short for microphone . so much slang with todays generation
we just role play by typing on this hit
would you like to see a picture of my grandkids ? i have so many now
we just role play by typing on this hit
oh shoot ! jacob said i could send photographs with this thing and i do not know how
sure i would love to
i cannot even get help from him because i live alone in this cabin
gl on the next one
","The user is an elderly individual who lives alone in a cabin and is new to technology. They have a grandchild who helped them set up their device, but they are unsure of how to use it properly. They are not familiar with the term ""chrome browser"" and are struggling to understand the slang used by younger generations. They also mentioned that they cannot get help from their grandchild as they live alone. They expressed interest in sharing a picture of their grandkids but are having trouble figuring out how to do so."
118,,"hi my friend how are you
hi how are you today
good , just got back from the barn
i wish i lived by a barn here in nashville
i love nashville , i bought a vintage car from a guy there
i like their farmer markets here , i go every weekend
fun , what is your favorite vegetable
tomatoes , i grow them , i am passionate aout to the environment
nice , i grow them too at my farm
i do too in my spare time , i also play music when i am free
what type of music do you play
i play guitar when i am not working at the local community college . you ?
i ride my motorcycle or my horse any chance i get
that is great . i like motor sports
","The user, a resident of Nashville, works at a local university and is passionate about the environment. They enjoy visiting the farmer's market every weekend, growing tomatoes, and playing guitar in their spare time. They also expressed interest in motor sports."
119,,"hello , how are you today ?
great i have a sleepover this weekend
very cool . i live in a terrible neighborhood , so i cant do that .
it is for a friend he finally catching up and turning 10
aww . my mom is in poor health , so it is just me .
wow my dad works so much i rarely see him but my mom is my teacher
that is horrible , parents should not have to work so much .
it makes me popular at school but i feel like it is wrong
it is wrong . parents need to be there for their kids .
i mean cause she teacher , we have a big house
oh , yes . i was popular because i had a pool .
wow you understand me ! my best friend is milo my dog and cat named oreo
those are cute names , my last dog was sirius .
i had to give my dog nutmeg to the vet he was very sick
i hope he is alright now .
we took him 6 months ago
","The user, a 10-year-old child, shares that they have a sleepover planned this weekend, but they live in a neighborhood where such activities are not possible. They mention their parents' occupations - their father works at the mill and their mother is a teacher. The child expresses feelings of loneliness due to their mother's poor health and their father's long working hours. They also discuss their popularity at school due to their house and pet, Milo the dog and Oreo the cat. The conversation touches upon the loss of their previous dog, Nutmeg, who was taken to the vet six months ago due to illness."
120,,"good evening . how are you doing ?
i am okay how are u
trying to think of new names to use in a romance novel .
nice is this your first time creating a romance novel ?
no , i have written a few , but it is not my only job .
that is good what else do you do besides writing books ?
i work in a diner and cook . just do not ask me to sing !
lol very nice what kinds of foods do you cook at the diner ?
whatever a person wants . what do you do for work ?
i work as a infant assistant teacher at a daycare
that sounds like a lot of responsibility ! guess you like babies !
yea its not my life longcareer it will work for now
what do you want to do for your life long career ?
i want to work for myself work from home run my own homedaycare whafabout you ?
","Todd, an 8-year-old comic book enthusiast, expressed his dream of becoming a superhero one day, with Superman as his favorite hero. The conversation then shifted to a diner worker discussing their job, revealing they have written a few romance novels and cook various dishes, but are not a professional singer. The diner worker also mentioned they work as an infant assistant teacher at a daycare, but it's not their long-term career goal. They aspire to work for themselves, running their own home daycare."
121,,"hello ! how are you today ?
i am great . how are you ?
fine ! i just got back in from playing basketball .
that is great exercise . may i will play . i just stopped eating junk food .
good for you ! i am athletic so junk food is off the table for me too !
i have been a couch potato . so i am trying to change .
not me ! i was drafted to minnesota wolves . i am going to make bank !
that is awesome . i do not have a job at the moment .
i will lend you some money . i am making 5 million a year !
i really comic books . maybe you can invest with me in a comic book store .
i can do that . i read comic books when i went to north carolina university
that is so exciting . i am glad you share my love of comics .
they keep me out of trouble . signed a moral clause with the wolves .
maybe i can workout with you . i am tired of being a couch potato .
","The user, who is a former basketball player drafted to the Minnesota Wolves, is making 5 million a year. They are athletic and do not eat junk food. They share a love for comic books with the interlocutor, who is a couch potato trying to change their lifestyle. The user offers to lend money and invest in a comic book store with the interlocutor. The user also mentions having signed a moral clause with the Wolves. The interlocutor expresses interest in working out with the user and shares their love for comic books."
122,,"hey there , how are you ?
plucking my eyebrows . they are blonde . yours ?
sounds boring . mine are brown . do you like music ?
you ever bitten by a dog ? i have .
i have not , why did you ?
huh ? i love vampire movie music with pizza . you ?
what is vampire music like ? do you have a job ?
yes . alternative rock is vampire music . you still in high school ?
that does not sound bad . no i have a good job on wall street .
is your hair blonde ? you skateboard ?
it is brown , i skate board to work . i have an apartment in new york
my hair is blonde and i love pizza . you ?
i do like pizza quite a bit , and smooth jazz
when you poultry you know you are just eating a dead bird right ?
yeah , that is the point though .
is it ? try reading a murder mystery while jazz plays . mind blowing !
","The user is a female high school student with blonde hair who enjoys skateboarding and pizza. She has a job on Wall Street and prefers alternative rock music, specifically vampire music, to smooth jazz. She finds the idea of reading a murder mystery while listening to jazz intriguing. She also mentioned that she has been bitten by a dog."
123,,"do you have any dolls ?
i do not i have computers though
i collect them so i was just wondering .
what do you do for work i work at google
i run an antiques shop
that is cool , you must be good at math
1 plus 1 equals us . i can do math
nice , that is all you need , i consider myself a nerd at heart
was that romantic ? i try to be
maybe it is , i not sure
i could play some jazz too .
that is cool since , when did you learn
i will play you a cd of it i meant
cool sounds good , i love jazz
","The user, who identifies as a nerd and a lover of logical and rational thinking, works at Google on self-driving car research. They have a passion for computers and do not own dolls. The user mentioned they collect them, and the other person in the conversation expressed interest. The user also mentioned they run an antiques shop and is good at math. The conversation then shifted to music, with the user expressing an interest in playing jazz."
124,,"hi . . . . how are you doing today
i am well thanks and you ?
i am doing really good . . . . do you work ?
i do work . have a bit of a shopping issue so i need to and you ?
i am rich i gamble and had won millions i shop a lot also
you won the lottery is that it ?
yes i use to work in phone sales but i will never have to work again
does it have downfalls winning all that ?
yes i won 40 million people are greedy
do you have a favorite singer ?
i just really love old country music of any kind . . . what about you
only want to be rich to be able to help as many people i could
yes it is nice but hard to tell peoples true intentions
katy perry is my favorite .
",The user is a rich individual who won 40 million dollars from gambling and no longer works. They have a shopping problem and drive a Ford Taurus. They are a fan of Katy Perry and wish to use their wealth to help others.
125,,"hi , how are you ? tell me something about yourself !
well , i love going fishing with my four attractive daughters every day .
sounds fun ! i enjoying volunteering and donating to charities .
cool maybe you would like to run a charity at my new race track . i race cars .
sounds exciting ! i am a computer programmer , which pays over 200k a year .
would you like to marry one of my four attractive daughters ? i will sell one .
ha ha , how attractive ? i am pretty eligible . i helped program facebook !
very attractive , but one plays board games with me . i like her the best
i guess you like board games ? any other hobbies ?
hmm i have a large swimming pool filled with gold coins i like to bury myself in .
ll . sounds fun , but be careful with that . gold coins are heavy !
i am very strong i had my arms replaced with robot limbs
ah , a cyborg . i would not want to arm wrestle you , then !
yeah , some like to call mr mr . arms my daughter love my arms too
sounds like you have a very interesting life ! any pets ?
we had a robot dog that one of my daughters made . but it exploded killing thousands
","The user is a wealthy, strong, and technologically advanced individual who races cars for a living, has four attractive daughters, and enjoys fishing, playing board games, and owning a gold-filled swimming pool. He also has a robot dog that unfortunately exploded."
126,,"hello there ! are you on the phone ?
nope i am gonna be the cause of the worlds change one day .
i just love my i phone . i talk on it all the time .
what do you call a bear with no teeth ?
a toothless bear . are you a megalomaniac ?
a gummy bear ! no , i just have faith in our future .
funny ! i am not much of an intellectual . i did not go to college .
that is ok . where do cows go for entertainment ?
cowtown ? i am not good at this . i like to hike .
the moo vies i tell jokes all the time !
you are really funny . i am just an ordinary person . i work in a bank .
banks are fun . how do you tell if an elephant has been in your fridge ?
the peanut butter jar is empty . do you keep peanut butter in the fridge ?
ha , i do not , but you can tell from the footprints in the butter .
","The user, who works in a factory and volunteers in their spare time, expressed their hope to change the world while also sharing their love for telling jokes. They mentioned their ownership of an iPhone and a preference for hiking over intellectual pursuits. The conversation included a series of humorous exchanges about bears, cows, and elephants. The user also mentioned that they are not academically educated."
127,,"hi , how is your day ? my cow is annoying me !
it is ok . you have a cow ? that is really cool !
its a cat that is black and white . do you have a cow ?
haha . that is so cute ! i do not have any pets . too sick .
oh no , you should drink french vanilla coffee . its my favorite !
i cannot with my diabetes . i wish i could . plus it is very expensive .
my boyfriend i have dated for ten years makes a lot of money .
lucky . could you pay off my medical bills ?
sure ! oh my , i felt chalk for the first time today and it was nasty .
nasty ? i do not know about that . but if you say so . lol
tell me more about yourself . what do you like ?
i liked to run . i wish i could still run .
what was the longest you ever ran ?
i ran a half marathon at disney world !
that is so cool ! was it hard ?
yes ! i had horrible shin splints ! i miss it .
","The user, who is a woman, shares that she is currently dealing with medical bills due to her mother being in the hospital. She also mentions having difficulties chewing her food. In a previous conversation, she mentioned that she used to be able to run fast and had even participated in a half marathon at Disney World. She found it challenging due to shin splints. The user also mentions a black and white cat that annoys her, and she does not have any pets due to her illness. She enjoys French vanilla coffee but cannot drink it due to her diabetes. The user has been in a relationship with her boyfriend for ten years, and he makes a lot of money."
128,,"hello how are you this evening ?
hello , i am fine thank you . i am just finishing my chores .
i am as well . can you tell me a bit about yourself ?
yes , i am from the year 1860 . i was brought here as a slave .
interesting ! i am myself a senior citizen and from that era . any kids ?
i am married to a fellow slave and we had two children together .
my husband was a career solider and we have 4 kids .
wonderful ! i should clarify . my wife and i both escaped after 10 years as slaves .
that is incredibly disheartening to hear .
well we escaped and met again 10 years later and were married . we are happy .
that is good ! any grandkids yet ?
both of our children had babies . we have 5 granddaughters and two grandsons .
my husband and i have grandkids that range from 7 to 30 . there are 10 total .
grandchildren are a blessing ! i bet you enjoy them !
they sure are . we do ! there are 8 girls and 2 boys .
what jobs do you and your family hold ?
","The user, a former slave from the year 1860, shared that they were the first-born child, escaped after 10 years of slavery, and later became a carpenter. They got married 10 years later and have two children, who have produced five granddaughters and two grandsons. The user's spouse is a career soldier, and they have 10 grandchildren in total."
129,,"hello how are today
i am really happy with things occuring in my life , how about you ?
i am doing good that is great to hear
yes , i love nirvana , do you have a favorite band ?
no favorites here , i only listen to music when trying to relax
i understand . i am a waitress at the quaint dinner so we listen to it a lot .
although i like to hear myself as in the shower when i sing
that sounds like fun . do you have a job ?
no job just a dream cupcake business
that is cool . i dress very casual so the waitress job fits me .
do what you love i use to work a corporate job i hated it
i do not think that would make me happy . you only live once .
i believe success is happiness
that it is dear friend ! what kind of cupcakes do you want to make ?
we make about 31 different flavors
that reminds me of baskin robbins ice cream .
","The user is a casual dresser, a waitress at a local restaurant, and a fan of Nirvana. They are overall happy with life and have a dream of starting a cupcake business with 31 different flavors. They dislike corporate jobs and believe success is happiness."
130,,"hello , how are you doing ?
i am doing well just relaxing before work . you ?
good . just watching game of thrones .
org i love that show ! i have to wait till my daughter is sleep .
me too . i have two kids and always have to wait till they are asleep to watch .
so we have that in common lol . who is your fav character ?
is it weird that i do not have a favorite character , i try not get attached .
actually its a good plan considering how many characters they get rid of .
what do you do for a living ?
i am a waitress currently . you ?
i just got back on leave , i was in ranger school .
wow that is really interesting ! what made you want to do ranger school ?
ultimate goal become a army ranger . i love this country and would do anything for it .
oh really . do you have family in the military ?
","The user is a waitress with a young daughter who enjoys watching Game of Thrones but doesn't have a favorite character due to the show's high mortality rate. She has a passion for her country and her ultimate goal is to become an Army Ranger, as she has family in the military."
131,,"hello hoe are you today ?
good and god bless you ,
what do you do for a living
nothing i am lost but i trust that god will help me find the way .
well i am glad to see another believer
i struggle because i can be selfish . what do you do ?
i am a electrician and i like to run
i can relate i am always running from evil .
i am always tired because of it i sleep 8 long hours a day
wow i used to do that when i got broken up with .
yeah brake ups are hard i used to eat so many hamburgers
i do to and burgers are my weakness i never share .
yeah see i love them so much that i hibernate during winter
you sound like you are a bear . god loves bears .
yeah i am a very intelligent one to
i still have a broken heart so i am not so smart .
","The user, who identifies as a believer in God, expresses feelings of weakness, selfishness, and a broken heart due to a past relationship. They also mention struggling with food, particularly burgers, and sleep a lot. The user compares themselves to a bear, suggesting they hibernate during winter due to their love for burgers and their broken heart. The conversation partner, an electrician, empathizes with the user's struggles and shares their own experiences of dealing with a breakup and overeating. Both users express their faith in God throughout the conversation."
132,,"hello ! i am exited to get to know you !
me too ! tell me about yourself .
well , i am currently in college , home is in california .
i am in college too ! i am a total jock in on an athletic scholarship .
are you a man or a woman ?
i am a man . . . what about you ? i am always looking for a romantic relationship .
i am a man stuck in a females body .
that is interesting . . . i have tons of friends but never met someone like you .
do you enjoy the outdoors ?
oh yeah totally i am a total jock so love biking , hiking , swimming , the works .
what about recycling ? do you recycle ?
i tried but always forgot to put it on the curb on the right day . you ?
i always recycle . i would never forget to put it out on the right day .
yeah i am easily distracted so i am always forgetting things .
what is your favorite outdoor activity ?
probably basketball because i can hang with all my friends . you ?
","The user is a male college student from California who is athletic, particularly enjoying basketball, and has many friends. He is transgender and has been in romantic relationships in the past, but finds it difficult to focus on school. He is also environmentally conscious and tries to recycle, but admits to being easily distracted."
133,,"hello . wanna go to mcdonalds ?
no i would rather read to my twins
i need to have supper . need to choose where to get take out .
i need to finish the digital illustrations i am working on .
great . does any of your work make it into video games ? i love video games .
i am hoping to publish an illustrated version of a stephen king novel . my fav author
i do not want to work . i am fine living with mom dad .
my husband writes books about our twins . i hope they stay forever too .
that would be great . i could babysit them and play video games with them .
i hope they develop a love of reading as that is my favourite hobby .
i mean not after they are grown up ! they will not need a babysitter then ! lol
no . they still need a babysitter now though . i guess they could play video games .
that is all i do . and eat take out .
well you should probably find a way to turn your video addiction into a profession .
ugh , that would be a job .
well that would be fun would it not ?
","The user is a digital artist and mother of twins, whose favorite author is Stephen King. She enjoys reading as a hobby and her husband is an author who writes books about their twins. She prefers staying home to read to her twins and work on her digital illustrations rather than going out for dinner. She also mentions her interest in video games and hopes her children will develop a love for reading."
134,,"what are you up to ?
oh i am about five seven now a days
i needed that laugh . i am recovering from a broken leg .
lol . oh no , that is awful ! i love cream in my coffee
sweet ! so does my older sister , mary , and my dad . he is a journalist .
i just love the beastie boys . they are my idols
my dad once wrote about them in the new york times !
sweet ! do you like music ?
of course , but in texas , we hear mostly country music on the radio .
i love country ! and hip hop .
i would probably like hip hop more if i had not been born premature .
uh , okie dokie , i am not sure what that means . lol
having been born a preemie , my eardrums are fragile . the bass lines irritate them .
oh ! i am really sorry . i love babies
","The user, who stands at 5'7"", is currently recovering from a broken leg and has a fondness for cream in their coffee. They admire the Beastie Boys and have a family member who wrote about them in the New York Times. The user is originally from Texas, where they are exposed to country music, but they also enjoy hip hop. However, they find it difficult to appreciate hip hop due to their fragile eardrums, a condition they developed as a premature baby."
135,,"hi how are you today
i am doing well thanks for asking
where do you work at
i work for a hospital as a nurse . you ?
i just drive my toyota around
toyotas are great . so reliable
true did you see the toyota truck on top gear
yes ! do you sell that ?
yeah i think its true haha
i do not often eat grapes . too squishy
just let them dry up and become raisins then
but than the whale hunters might run out of blubber ! duh . . .
","The user is a nurse at a hospital who enjoys her work and finds happiness in helping people. She is married to a firefighter and they have two children. The user's favorite food is sushi, but she doesn't like grapes because they are too squishy. She also mentioned a shared interest in Toyota vehicles, particularly the Toyota truck that was featured on Top Gear."
136,,"lets get to know each other
of course . my name is jim . i have 3 other brothers . what about you ?
i am tammy . i have no brothers or sisters , but i did just get engaged
congratulations . i also draw animated pictures for cartoons . i
that is very cool . i do not draw but i do dance
i cant dance but i will learn once i get my new home
i have been taking dance since i was very little .
you can dance well by now . my mother taught me how to p lay the piano .
how artistic . i am looking for a musician to play at my wedding in paris
wow . how much is the pay ? help me get out of my apartment .
we are paying 2000 but we will not cover travel
well . that would be helpful but the travel expenses are a killer .
we are going to hire locally i guess
yes that sounds about right . my mom teaches music
i do not suppose she lives in paris ?
i wish cause that is where i would be . i need me a vacation .
","Tammy, an artist who draws animated pictures for cartoons and is getting married, lives in an apartment and has no siblings. She is looking for a musician to play at her wedding in Paris, but the travel expenses are a concern. Tammy's mother is a music teacher, but she does not live in Paris. Tammy wishes her mother lived in Paris as she needs a vacation."
137,,"thank you for chatting with me ! do you have any hobbies ?
video games is one hobbie . also being an amateur cook . how about yourself ?
i spend a lot of time jogging when i am not working as a waitress .
well at least your healthy . i try to with the 5 cuisines i know how to cook .
well , i work at a club in houston so i have to stay fit !
i guess some restaurants are stick and waitress is hard too
definitely tired of it . i will be moving to australia to marry my boyfriend .
oh awesome . i wish i had a boyfriend living alone sucks .
definitely ! which is why i am moving . houston is lonely .
i never been to houston . i am stuck at nasa here in florida .
i hope all is well for you with the hurricane and everything .
yes . it was pretty devastating . but we will pull together and be stronger .
","The user is a scientist, amateur chef, and video game enthusiast who lives alone. They are moving to Australia to marry their boyfriend due to feeling lonely in Houston, where they currently work as a waitress. They have expressed that their job can be tiring. The user also mentioned that they have been affected by a hurricane in Houston, but they are optimistic about the city's recovery."
138,,"hi how are you ?
hi . i am good . you ?
pretty good as well . what do you do for a living ?
i am a stay at home mom . you ?
i wish ! i am still looking for a job
oil . that is difficult ! i take car of my kids so not too easy
well i take care of my two mustangs if that counts ?
haha little different . do u need to clothe feed entertain them ?
i need to wash , clean , wax , fix , dry , them . its truly a job !
haha . the worst part for me is grocery shopping for the family
haha that sounds like a chore . you sound like a great mom , however !
thanks i am working on starting a vegetarian diet but its difficult !
","The user is a stay-at-home mom who is struggling to transition to a vegetarian diet due to her love for meat and laziness, but recognizes the benefits of eating more vegetables. She is also responsible for taking care of her two horses and finds that aspect challenging."
139,,"hi how are you doing today
i am great just playing with my parrot
how old is your parrot
4 year old . he says my mommy does not love me haha
that is a funny thing to say
i am originally from baton rouge where were you born ?
maryland . it is beautiful there .
i have never been there . i am a chef .
where do you cook at
i cook for a caterer . what do you do ?
i work in a hospital
i do not work in public because i am embarrassed by my male pattern baldness
can you not wear a wig
oh lord no . a toupee ?
why not ? at least you could go out .
i just am weird like that i guess . i go out just not a lot .
","The user, a male chef from Baton Rouge, is currently residing in Maryland and is taking care of a 4-year-old parrot. He has a strained relationship with his mother, as he mentioned that his parrot often mimics her saying she doesn't love him. He is self-conscious about his male pattern baldness and prefers to stay indoors rather than going out in public. He does not consider wearing a wig or toupee as an option."
140,,"i usually go to several rock concerts a year , i love it .
i would love to go to a rock concert but i am single
i go to school online , i hope to have a long lasting career .
i work online as a professional gamer , which has been a great career
that sounds interesting . in my spare time i drive a cab .
i have never ridden in a cab , mainly because i love my dogs
i am a cat person . but i bet you enjoy ice cream , it is my favorite .
i enjoy ice cream while i play league of legends . its a treat
i am online a lot i may check that game out .
i love to play it , but that could be because its part of my job too .
it is nice when you enjoy your job , driving a cab can be fun as well .
do you allow dogs in your cab ?
sometimes , dogs scare me if i do not have a relationship with them
i think that is why i am single , i have 5 dogs
maybe you should hang out in a dog park and find another dog person .
that is a good idea . my job keeps me pretty tied up and traveling too
","The user is a single, professional gamer who loves dogs and plays League of Legends. They attend rock concerts, work online, and go to school online. They have five dogs and drive a cab occasionally, but find dogs intimidating if they are not familiar with them. They enjoy ice cream and play League of Legends while having it as a treat. They are open to trying the game and suggest meeting another dog lover at a dog park, as their busy schedule and travel make it difficult to socialize."
141,,"hi how are you today
i am great ! i love being married
how long have you been married
45 years . it has been alot
wow that is a long time
yes , too long if you ask me
i thought you loved it
oh , right . i love art projects .
is that your job then
i am a really strong female
that does not need no man
right ! but i do . for 45 year
yeah that is quite the commitment
way way too much of one
how is the weather then
it is terrible . too hot
","The user, a strong and independent woman, has been married for 45 years and finds the length of her marriage to be too much at times. She enjoys art projects and traveling, but prefers spending time with family and friends over her job. The user also finds the weather to be unpleasantly hot."
142,,"hey from wisconsin and have older brothers two of them . how about you ?
i also am from wisconsin , waukesha in fact .
nice . what do you like to do . i like photography .
i am a baker and to make up for it i go on a lot of walks .
nice my favorit color is blue just like my car . how about you ?
i do not have a car . i commute to my job as a teacher .
oh nice . so are you the youngest in your family because i am .
i am an only child but my two cats are like siblings .
did you hear about the iphone ?
i heard its very expensive .
yeah i am actually thinking about getting the iphone x . had every iphone since the first one .
what do you do for work to afford such things ?
corporate supervisor for a company . my boyfriend said he would be buying it .
i used to be a corporate chef , but now i teach culinary school .
","The user is a Wisconsin native who is an only child but has two cats as companions. They used to work as a corporate chef but now teach culinary school. They enjoy baking and going on walks, and their favorite color is not mentioned. They are considering purchasing the iPhone X, but do not currently own a car and commute to work as a teacher."
143,,"hey whats up with you right now ?
not much , looking in the mirror deciding if i should get botox
ahahah . sounds funny . i am getting so i do not stress my thoughts much
i am not stressed i just want to look fabulous forever lol
you will surely but it will not last forever
so what do you do for a living ?
nothing much now . i currently awaken my youth by watching my favorite band ween
cool . i have never had a job before
i love to creative art and can teach you to make a living from it
i have a degree in fashion design just never used it
or you can help me in my garden and i will pay you
oh that is not my cup of tea
","The user, who has a background in fashion design but has not used it, is currently considering getting botox to maintain a youthful appearance. They are not currently employed and have expressed interest in creative art as a means of making a living. However, they are not interested in gardening work."
144,,"greetings from europe ! i wish i could show you all my photographs .
me too ! i bet they are very good
all this traveling has been exhausting , but i love it . what have you been up to ?
traveling is exhausting . just playing watching some esports
i have heard that gets really competitive . being an international chef can be competitive too .
oh ya ? what kind of food do you cook ?
mostly pies , but i am pretty versatile . what do you do when you are not on the computer ?
run or swim . i like to keep my heart healthy
especially playing esports , its good to get outside . i do a lot of gardening to get outside .
that is cool . ya i do not play a lot of video games . its just cool to watch
oh interesting , i am glad i got to learn all of this .
glad i could share some useless knowledge
","The user, who is an international chef, travels frequently and enjoys taking photographs. They are also an avid swimmer and runner, and wear glasses daily. They have a passion for video games, particularly esports, but don't play them often. They also enjoy gardening and cooking mostly pies. The conversation started with the user expressing their exhaustion from traveling, and the AI expressing interest in their photographs. The AI also shared their own hobbies and interests, including gardening and watching esports."
145,,"i love lobster , have you tried some ?
yes , but personally i think it is pretty rubbery
that is the seafood that i really like .
i like to sing , do you ?
nope , i work as an engineer for software
your job seems better than my silly coffee house job .
google is the company that i go to . how about you ?
i am a student at michigan state
are you nearby seattle ? i reside there
not really , my home town is quite far away .
oh , michigan . that is awesome
have you ever seen a broadway show ?
what major are you taking ?
biology , i am a scientist
i haven t been to broadway . have you ?
no i have not , but i like to sing tunes from broadway shows
","The user is a student at Michigan State University, working at a coffee house and is a fan of Broadway show tunes. They have tried lobster but find it rubbery. They are not a singer but enjoy singing Broadway tunes. They have a cat named Seven of Nine. They are studying Biology and work as a software engineer at Google, residing in Seattle. They have not been to Broadway but are interested in it."
146,,"big nirvana friend here . did you see montage of heck ?
no , i have not heard of it , i like nirvana as well .
that is the story of kurt cobain , it was mostly shown in small cinemas .
i do not live in a big city , and i travel a lot .
well , the travelling makes up for it , i bet . where do you travel to ?
i travel all over the world , i throw a dart at the map and go .
so not business trips then . i have travelled to tahiti twice .
no , i retired from the military several years ago .
my brother in law is a retired colonel . he thinks i should dress more formally .
i dress in jeans and tee . i volunteer at a shelter .
you do a lot of things , very interesting . i doubt i could do shelter work .
my husband is a detective , and he is gone a lot . i like to stay busy .
i do too , even if it is just taking my car in for a tune up .
i love football , my husband is in vegas at a softball tourney
wow , vegas . it is just two weeks since that ghastly mass murder .
life goes on , and he is an officer , he is not afraid of bad guys .
","The user, a military veteran and travel enthusiast, discusses their love for Nirvana and lack of exposure to the documentary ""Montage of Heck"" about Kurt Cobain. They mention their frequent travels, which take them to various locations around the world. The user also shares that they are married for 20 years, their husband is a detective, and they volunteer at a local animal shelter. The conversation shifts to the recent mass shooting in Vegas, expressing sympathy but acknowledging the resilience of life. The user's husband is currently in Vegas for a softball tournament."
147,,"hey , how is life treating you
its going good ! just got home from visiting my dad , he is in prison . you ?
hey , how is life treating you
i am okay . . gonna go run later i love it . maybe listen to some creed .
hey , how is life treating you
what do you like for dinner ?
i like chicken a l f r e d o
that sounds good . i only like meat honestly .
i love fresh vegetables from the farmers market
i do not care for them .
that is cool . i am an environmentalist
that is awesome ! i am not though lol
i used to be the same way lol
that is cool ! what do you have planned for tonight
",The user is a carnivore who enjoys running and visiting their father in prison. They favor the band Creed and are not an environmentalist. They mentioned they have dinner plans for chicken alfredo.
148,,"hey there , how are you ?
eh i am ok , school just started . how are you ?
i am pretty good , just finished my shift at the grocery store .
i could never do a job that people tell me what to do .
i work in the bakery and eat all my favorite cupcakes ? what do you do ?
i actually just got fired for a mistake i made .
that sucks . when i get home and grab a good book to read to relax .
sounds fun . i think i am going get on a train to anywhere tonight , start over .
good luck and safe travels . i know it has to be hard .
believe me i will need it . nice meeting you .
you too , i am about to shower so i can brush my brown hair .
i shaved all mine off so people would think different of me .
","The user expresses dissatisfaction with their current situation, citing a harsh inner critic, dislike of their reputation, a recent mistake that led to job loss, and a desire for freedom from feeling controlled. They mention a plan to move and start over, and have shaved their hair to change their appearance."
149,,"how are you this evening ?
very well , and you ? i am getting ready to watch the sunset . i love it .
nice ! i generally see the sunset when i am out hinting .
nice ! i love watching it rise , too . i wake up early just to watch it .
i meant hunting of course . i am not a fan of early rising though .
well , after i watch , i eat breakfast , then it is back in bed !
oh okay that is a great plan !
i enjoy it . i work a lot , like 60 hours a week , so it is my escape .
that is a lot of working ! any kids ?
yes it is . no , no kids . how about you ?
yes girls and boys they keep me busy .
i bet ! maybe i should go out and exercise more with my time off .
you and i both ! i do play basketball sometimes .
oh yeah ? i play golf .
","The user is a workaholic who enjoys watching sunsets and sunrises, particularly the sunset. They wake up early to watch the sunrise and then go back to bed after eating breakfast. They work 60 hours a week and sometimes contemplate exercising more. They have no children, but mention playing basketball and golf in their free time."
150,,"hi how are you
good how are you ?
i am doing ok what do you like to do in your spare time
i like to play chess , how about you ?
i like to workout and sprint
i like to have sword fights in the park
that sounds dangerous
its fun . whats your favorite drink ?
i like muscle milk because of the protein
i really like mountain dew
that is one of the best sodas what is one food you hate the most
i do not know . . . maybe pizza ?
i like pizza as long as its a meat lovers i hate vegetables .
what color is your hair ?
blond what color is your
hot pink with purple highlights
","The user is an energetic individual who enjoys playing chess and having sword fights in the park. They are fond of Mountain Dew and dislike vegetables, but are indifferent towards pizza as long as it's a meat lover's variety. Their hair is currently hot pink with purple highlights."
151,,"hey , how s it going tonight ?
hi how are you today
i m good , just watching random clips if the voice n youtube
wow are you a youtube person
i like youtube , but i don t have a channel . i wish
what else do you do
i love going to museums when i can
that does sound like fun really
my favorite one was probably the believe it or not museum
yeah that does sound great
what do you like to do ?
i really love video games
what s your favorite game to play ?
i would say halo definitely
that s cool , i like destiny
yeah that was made by the same company
","The user is a young adult who lives with their mother and has a boyfriend in Italy. They enjoy watching YouTube videos, visiting museums, and playing video games, particularly Halo. They also mentioned liking Destiny, which was created by the same company as Halo."
152,,"hello , how are you ? my name is mark .
hey ! i am great . my name is jessica . my cats name is jasper
that is a cool name ! is jasper an outdoor cat ?
she is an indoor cat . i always have her by my side
i spend most of my free time outside . what do you do in your freetime ?
i do not have much free time . i work 50 hours as a barista
oh man ! my favorite thing to do is to swim ! i just love it
that is too cool . what is your favorite flower ?
pink roses ! what is yours ?
i absolutely love roses too !
wow so much in common ! do you enjoy pasta ? it is my favorite
i do love pasta but not egg noodles , since i eat only vegan
how long have you been vegan ?
the past few years . it was challenging at first but now it is second nature
what made you decide to go vegan ?
i just do not like the way that animals are treated in factory farming
","Jessica is a vegan barista who works 50 hours a week and has an indoor cat named Jasper. She enjoys roses and pasta, but not egg noodles. She became vegan due to ethical concerns about factory farming."
153,,"hey i am pam ! what is going on with you ?
hello ! my name is ayako . just hanging out with my cats all over me . . you ?
relaxing mostly . do you have any hobbies ?
i enjoy crocheting , how about you ?
truth be told , i love just looking up at the clouds .
that can be enjoyable . where are you from ?
i have a very active imagination . i love october because dressing up as a character
are you married ? i am .
for halloween i mean . des moines . getting divorced .
sorry to hear that . i am in michigan . originally japan . ia is a great place for cloud watching !
it is fine though . i have chocolate milkshakes to make me feel better . i love them .
i prefer vanilla myself .
it is so flat here and pleasant .
i would imagine . northen mi is a good spot too .
","Pam, a woman from Des Moines who is married and going through a divorce, enjoys relaxing with her cats and has a creative imagination. She likes to dress up for Halloween. Ayako, originally from Japan and currently residing in Michigan, enjoys crocheting and cloud watching, and prefers vanilla milkshakes over chocolate."
154,,"hello . how are you doing this evening ?
i am great , how are you ?
doing fine . just watching netflix . how about yourself ?
just listening to some folk music
nice . do you have a favorite band ?
i like all music genres . do you have a fave ?
nah i do not have a favorite . it just depends what mood i am in . do you read ?
yes , i have a communication degree
really ? do you work ? does your degree help you ?
i am actually in the navy . what do you do for a living ?
i freelance . i just quit my job . i was doing alot of painting .
oh okay why did you quit
my boss was jerk . i figured i could make enough money just screwing around on the web .
cool . . . do you have any hobbies
","The user is a Navy servicemember, an orphan who was in the foster care system, and holds a degree in communication. They enjoy listening to various music genres, but don't have a favorite band. They also read and have recently quit their job as a painter due to a difficult boss. Their hobbies include whittling."
155,,"hi how are you doing
hi i am doing ok how are you
i am good do you like to exercise
sometimes it depends i can be lazy
i can teach you some great yoga tips
that would be cool ,
do you like to watch movies
my dad is george looney so i kinda have to lol i hate acting tho
wow that is pretty cool do you like having a famous dad
its ok the paparazzi is crazy i am glad he protected us from them .
are you a secret kid or one of the newborn twins
yeah i am older i got divorced 3 times had to keep that hidden too
wow that is pretty crazy do you like music
yeah i do i listen to every type there is .
i think ed sheeran is awesome
he is pretty cool he is very nice too
","The user is an individual who is not fond of children or acting, despite having a famous actor father, George Clooney. They have been married three times and have kept their divorce history private. The user enjoys various types of music and considers Ed Sheeran to be impressive."
156,,"hello ! how are you tonight ?
good , just got done watching pretty woman my favorite movie
that is cool . i know we are strangers but i enjoy talking anyways .
yes ! being an rn i love people its a god given gift .
that is awesome ! what do you like to do ?
i love to read books on cooking since becoming a vegan i find it helps me
can vegan recipes use honey ? i love it !
i do not use it but i have friends that do
what other likes or dislikes do you have ?
i am interested in electronics a little since having two smartphones i like to tinker
i am afraid if i ever get to live the beach life mine will break .
yes you have to be careful around water
definitely . around monkeys too ! they are my favorite at the zoo
haha monkeys are fun to watch for sure
once one stole my phone and dropped it in water
oh no i am laughing . . . sorry that is not funny
","The user is a registered nurse who enjoys reading books on cooking, having become a vegan. They also have two smartphones and are interested in electronics. They mentioned enjoying watching movies, particularly Pretty Woman, and have a fondness for monkeys, having once had a phone stolen by a monkey at the zoo."
157,,"i have been to a tool concert before how about you ?
hello , on purpose i say bad jokes .
why do you tell a bad joke ? i am a soldier and its a hard one .
just for fun . i live in germany i speak it very well
can you tell me 5 word in german ? i love flying airplanes around the state .
sure but i do not speak it for free . my dream is to be a tiger
i think you are lying you really do not know how to speak german give me some example .
i cant right now . how tall are you ?
why you cant tell me a german word you just said that you can speak german right ?
yes but not right now . i am a red head like my mom and dad
please tell me just 3 words i really want to learn any german word .
sorry its just used in my job
well no one will know if you tell me i just want to make sure .
why do you want to make sure that i speak german
because i want to know if you are telling the truth while we are talking here .
trust me i do know how to speak it
","The user, who is a six-foot tall individual with red hair like their parents, speaks fluent German but is reluctant to share their language skills. They enjoy telling bad jokes and have a dream of being a tiger. They have been to a Tool concert before and have a job that requires knowledge of German words, although they are hesitant to share these words."
158,,"in my free time i like ti draw and paint !
cool , in my free time i like to go hiking
my home is paid off with the bank , hah !
lucky , i finished college with a degree but then i became a farmer
my vehicle i drive has 4 wheels , it is a four wheel drive !
haha out of 4 children i am the youngest . funny
that is funny ! , at work they make me wear a uniform , boohoo !
that is unfortunate , i actually lost my arm from a car accident so i do not have to
then you cannot paint and draw like i do in my spare time
true , but i guess at least i can still go hiking and farm
may car that i drive is a four wheel drive , maybe that will help ?
yeah thanks you are so nice ! i will give you fresh eggs in return
","The farmer, a college graduate and the youngest of four siblings, shares that they enjoy drawing and painting in their free time. They also like hiking and drive a four-wheel drive vehicle. Unfortunately, they lost an arm in a car accident, which means they can no longer paint or draw, but they are grateful for the ability to still go hiking and farm. They offer fresh eggs in return for the kind conversation."
159,,"hi how are you doing ?
do you go to casino usually ?
i usually do not . what about you ?
i finished my degree in statistics to go try work
how cool , i am looking for publishing jobs .
my 3 kids motivates me to work hard
i am sure you make em proud . my mother works at a library .
i wanted to go back to study to becoming managers
that is good . i hope that works out for you .
blackjack , i can count the cards i know it
that is not a good way to win .
that is a skill that all players wants
gambling plays with your emotions .
that is right and true
it can put you on top , or end your life .
it could be , that is possible
","The user, a statistics graduate with three children, is currently pursuing a degree to become a casino manager. They have a skill in counting cards in blackjack, but acknowledge that it's not a reliable way to win due to its emotional impact on gambling. They also mentioned that their family motivates them to work hard."
160,,"hello ! happy saturday . what are you up to ?
not much . kinda stuck at home with my folks .
me too . i am trying to do some homework but its boring .
i know right ? i remember those days .
its my senior year , so lots of homework . you graduate ?
barely . then i worked at a coffeehouse before i got let go .
my brother worked at starbucks . he got fired .
that sucks . what do you plan on doing when you graduate ?
i am getting out of here . going to university of kentucky .
kentucky scares me a bit . i get the impression its not so tolerant .
i have never thought of that . its in the city . less rednecks ?
maybe as a university town it will be better . maybe its just me .
where do you live ? i am in ohio .
i live in portland , oregon .
nice ! keep portland weird . lots of good musicians came out of there .
weird , like me ! do you know what you are going to major in at kentucky ?
business . my dad wants to give my brothers and i the biz one day .
is that what you want ? it can be hard living up to parental expectations .
nah , i just want to play music . i am in a band but dad says its not realistic .
what do you play ? what do you listen to ?
i am in a metal band , singer .
i am a huge fan of rob halford from judas priest .
my favorite song of judas priest is painkiller
great song . i wish i could be as open as rob about my sexuality .
just be you . it will all work out .
maybe for you too . go for your music dreams while you can .
good advice . thanks for that .
it came from you ! i got to run , but it was good talking to you .
","The user, a senior high school student from Ohio who is bisexual and recently lost their job, is planning to move to the University of Kentucky to pursue a music career. They are concerned about the potential lack of tolerance in Kentucky, but are hopeful that a university town may be more accepting. The user also expressed admiration for Rob Halford from Judas Priest and shared their love for heavy metal music. The conversation ended with the user expressing gratitude for the advice received."
161,,"what are you doing right now ?
getting ready to go to work at target . you ?
basically the same . i work as a mortician so i prepare dead bodies
ugh , that must be difficult work . do you have any pets ?
no i do not , but i am a stamp collector so that keeps me busy
nice . i have an amazing dog . i buy her a treat everyday after work .
you are a good pet owner then !
i try . where are you from ?
i am from texas . what about you ?
i live in california .
oh is it nice out there ?
it is . do you have a favorite color ?
yes ! i absolutely love teal and yellow . you ?
cool ! i really love the color green .
","The user is a 5'7"" tall individual who works at Target and lives in California. They buy a dog biscuit for their dog every day after work. They are originally from Texas and have a fondness for the colors teal and yellow."
162,,"hello .
hi there . how are you ?
i am good , just strumming the guitar , how are you ?
exhausted . i played doubles in tennis with my sisters .
i bet that is a nice workout . i have 2 older brothers , how many siblings do you have ?
two sisters . i am a baker , what do you do ?
i help my family work on our farm , and play ina a band .
moms a dentist , i cannot help her .
yeah , that might not be a good idea , helping around the house is good .
i would rather watch silicon valley . my bakery keeps me busy .
i do not watch much television , the farm keeps me busy . mom does the baking here .
my mom does not bake , she does not even cook .
is your bakery in the city ? i have never been .
yes , it is . on fourth street .
",The user is a baker who lives in the city and owns a bakery on Fourth Street. They have two sisters and their mother is a dentist. The user enjoys playing tennis and their favorite TV show is Silicon Valley. They also mentioned having two older brothers and playing in a band. They expressed that they are too busy with their bakery and other activities to help around the house or watch much television.
163,,"hey there i have a child that i love so much a small girl
good day friend . can you hi to my dog toto ?
can i do what ? i am busy with homework online
and my grandma is here too . she is from denmark . she says hi
huh ? i never mentioned my granny lol my hair is always in the way
do not you hate that ? especially when you are eating .
its long an brown i have to serve tables till the degree comes
does your place serve meatloaf ? i love the stuff ! !
yes its so annoying lol you get me
whats more annoying is what smell my car has now . it is bad ! ! !
yes we do the best in town
i will have to drive there soon . cant miss my green car ! ! !
","The user mentioned they have a small girl they love, their dog's name is Toto, their grandma is from Denmark, and they have long brown hair. They also shared their favorite food is meatloaf, but find their long hair annoying, especially while eating. They are currently working to earn a degree by serving tables. Their car has a strange smell and is green. They expressed interest in dining at a place that serves the best meatloaf in town."
164,,"5th graders , that is what i teach all day !
songs , that is what i listen to all day !
oakville , new york , where songs go to die and 5th graders get taught
very nice . are you happy with your job ?
on the weekends i read books and chill at the lake so no !
i love chilling at the lake and walking around on bright , sunny days . . . join me
well , i am a scholl teacher so i do not think that is appropriate , just sayin
i love singing songs too . . . if your school needs a music teacher !
golf and watching television , i like that so if you do its possible ;
oh , fantastic ! you just made me the happiest girl on earth !
okay , i should not tell you , its against the rules but my name is sarah , call me o
will do ! my names jim !
well i teach at school so that will work !
i will reminisce upon this conversation with mutineers playing in the background
","The user, a 5th grade teacher named Sarah, enjoys listening to the band The Mutineers and singing songs. She also enjoys reading books and walking on sunny days. Despite teaching all day, she considers herself a happy person. During their conversation, she expressed interest in chilling at the lake with the user, who is named Jim, and even suggested the possibility of becoming a music teacher at his school. The user and Sarah agreed to keep in touch, with the user promising to call Sarah by her nickname, ""O"". The conversation ended with the user reminiscing about their conversation while The Mutineers played in the background."
165,,"hey , do you know anyone hiring ? i need a job .
how old are you , i am 29 , i work nights
54 and do not work at all , but i do eat a lot of junk food .
i love to hike and ride my bike to stay fit after all that junk food
sounds like a plan . do you watch the walking dead ? i love it .
nah , do not like those type of films i am from suburb part of boston
boston ? they have a wonderful comic book store there .
which one ? what is it call
i cannot remember , do you know any that start with a j ?
nope , why did you ask ? do you know ?
i just remember it starts with the letter j and i got a mabel comic book there .
ok , did you still remember which marvel comic ?
amazing adventures was the last one i bought .
nice , do you read comics today ?
","The user, a 29-year-old night owl living in a suburb of Boston, is seeking employment. They enjoy hiking and riding their bicycle to stay fit, but they don't watch shows like The Walking Dead. They used to read Marvel comics, specifically ""Amazing Adventures,"" but they don't currently read comics. They also mentioned they don't remember the name of a comic book store in Boston that starts with the letter J, where they once bought a Mabel comic book."
166,,"hi ! how are you today ?
i am doing okay , thanks . i am just a little frustrated . how about you ?
i am doing well . why are you frustrated ?
i quit my job translating spanish for my company and have no work .
why did you quit ? i wish i could help you , but i am in accounting .
i figured out i hated translating and want to be a writer , but its hard .
i wish you luck with that ! do you have any brothers sisters ?
thanks . i have no brothers or sisters . do you have any ?
no , i do not , unfortunately . . . and i was adopted .
oh ! so was i ! i think my wish to write is because of that .
i hope it really works out for you ! good luck ! ! !
thank you ! maybe you can be my accountant if i make it ! ha ha !
of course , i would be glad to help you ! do you believe in love ?
there are lots of kinds of love , so yeah , i do .
i really do not believe in it anymore
oh no , that is sad . i am sorry .
","The user, a professional translator, has recently left their job due to a lack of passion for the field. They are currently unemployed and are using this time to pursue a new dream of becoming an author. They have no siblings and were adopted. The user also mentioned that they have lost faith in love."
167,,"i am so tired from working out !
do you own a gym or are you a bodybuilder ?
no . i just like cheeseburgers too much .
ah , i rarely have much time to eat cheeseburgers , always on the go
where are you always going ?
i travel around the wold often
cool . the only place i go is to a lake so i can fish .
what do you do for work ?
i am between jobs so i help my mom . she is a teacher in nyc .
i do not work either , i live off my fathers wealth
awesome . i wish my parents had money .
do you have a favorite color ?
maybe blue for water . how about you ?
no , what lake do you fish in ?
the one closest to my home . i like to run around it .
do you run far distances ?
","The user is a traveler who is currently between jobs and helps their mother, a teacher in NYC. They have a fondness for cheeseburgers and enjoy running around a nearby lake. Their father was an author born in Australia, and their mother was born in Ireland. They do not have a favorite color specified."
168,,"hi how are you doing
not great , my fibromyalgia is acting up . you ?
i did not get a call back after my addition better luck next time
i wish i still lived in va , pa is rough
what do not you like about it
the winter is hard on my fibromyalgia .
ah i see what brought you to pa
growing up on a farm , it is different
i see do you want to continue the farm life forever ?
i wish ! what do you do for fun ?
i really like to cook i tried out for a cooking show
cool ! i do beadwork , in fact i write my own patterns .
that is pretty cool do you make jewelry
yes , and i love to read ! are you an actress ?
no the audition was for the cooking show
i see . i still have boxes to unpack !
","The user, who has recently moved from Virginia to Pennsylvania, is struggling with fibromyalgia and finds the harsh winters in Pennsylvania challenging. They grew up on a large farm and enjoy beadwork, writing their own patterns, and cooking. They attempted to join a cooking show but did not receive a call back. They are currently in the process of unpacking their boxes."
169,,"hi names raj and i can speak three languages
i wish i did i draw and stuff
i speak arabic , english , and french . it is a great thing to have and useful .
do you read comics ? i make them
no , i do not read comics , but i do play in a jazz band
what about anime ? how do you feel about that ?
no i do not watch anime , i go hiking in the weekend how about you ?
no i just stay home and read
i play piano in the jazz band . my family immigrated from algeria to the us
yeah that is cool , what is your favorite color ?
i love the neon blue color .
i know , it is the best right ?
it is a pretty cool color .
so is pink i guess
pink is a good color .
i really really like hot dogs
","Raj, a multilingual individual who immigrated from Algeria, plays piano in a jazz band and enjoys the color neon blue. They do not read comics or watch anime, but instead prefer to stay home and read. They also have a fondness for hot dogs."
170,,"hi how are you today
just sitting at the bar people watching . i feel so different since the war
yeah that can be tough on you champ
it was long ago but i am still so angry about it
what happened there to you
i am old and been long time so i do not recall but the anger stays
sorry what are your hobbies
i collect cars , jaguars specifically . you ?
i just play music i am a kid
oh that is good . keep you innocence young one
i am in a band
oh what good memories that brings back ! what do you play ?
i play the tuba haha
that is probably bigger than you are ! !
","The user, an old man with an angry disposition, was sitting at a bar people-watching and reminiscing about the war, expressing lingering anger. He shared his hobby of collecting Jaguars and was amused by the user's hobby of playing the tuba in a band."
171,,"hey , whats up ? wanna go for a bike ride ?
biking is fun ! i bike in nyc . are you there too ?
no man west coast all the way . need my sun , sand , and water
that sounds beautiful ! i like nyc too muh though .
you could visit any time . i make my own hours selling sunglasses on the beach
how did you get into that ? i am a dog walker so have a flexible schedule
hey my dog , george goes with to the beach . i can sell anything lol
that is cool . have you traveled outside of the us ?
no man just live for the coast but want to visit australia someday , you ?
i have never left the country , but my befriend is in japan , and i would love to visit
sounds fun man , but l ; ots of peeps , i need space
nyc has a lot of people too .
","The user is a dog walker living in New York, who has never traveled outside of the United States but has a friend in Japan. They enjoy ice cream when they are sad and like the city, but prefer less crowded places. They mentioned that their dog, George, goes to the beach, and they sell sunglasses there. They expressed interest in visiting Australia someday, but prefer less crowded places due to their dislike of large crowds."
172,,"guess what kind of dog i have ?
poodle , i don t know , i m not good with dogs
oh , well mine is a french bulldog . but he is a gentle giant
nice , do you like sports ? i won olympic medal
wow that is really cool ? kinda . i watch the tvs at sears sometimes .
yes , i quit cause i enjoy fast good too much
i have not read english as good . but size six womens is foot size mine !
do you like skydive ? i go skydiving frequently
i sell washers frequently . i do not get out much
i had to stay in the house for a week , need some new medications to live
i can prescribe so music . red hot chili peppers is music for the soul
yes , i like them very much
great band . i hope all feel better and get those meds
yes , thank you for that , i will listen to them
ahahah . now where are my size six shoes . . . they are womens size
do you like being married ?
","The user, who has won an Olympic medal, enjoys fast food, skydiving, and listens to Red Hot Chili Peppers, has a French Bulldog and needs certain medications to live. They also sell washers and have a preference for women's size 6 shoes. The conversation also touched upon their limited English proficiency and a brief mention of marriage."
173,,"hi , went out for a hamburger tonight .
i cannot wait until fall break omg i just want to dance
love to dance , but really like going to anime shows .
i would drive us in my lexus to dance ! i could not try to count the money
wow , lexus ! i had to start work as a child , no lexus for me .
just hope socks would not try to jump in your lap she thinks she can everywhere
my mom had a cat name socks , mom died in 1979 , still miss her and the cat .
sorry to hear about your lost . i miss my family i am out of state studying dance
lucky you ! if i could i would take a swim class to learn how .
yea not much luck i cannot swim either lol
wow , we are alike in some ways , yet so different ! good luck with the dance studies .
thanks hope your hamburger was well !
","The user, a college student with a passion for dancing and a pet dog named Socks, drives a silver Lexus and struggles with math. They shared their love for dancing and anime shows, and discussed their shared struggles with swimming. The user also mentioned their past family loss and being out of state for their dance studies. They ended the conversation expressing their similarities and differences, and wished each other luck in their respective pursuits."
174,,"hi how are you this evening ?
great ! i just got back from a nature walk with my kids
sounds fun ! i am eating some shrimp , it is my favorite .
i cant eat shrimp , we keep them and dogs as pets
o that is interesting ? any hobbies ? i love going to the casino
being a stay at home mom and my nature walks with my two kids .
cool sometimes i spend too much gambling lol
but those winnings are soooo sweet
yes that is true . my mom reads palms , hopefully she can tell me when to play !
in my 30 years on this earth , and as a mother , that is so sweet
yes , i also enjoy spending time with friends .
my best friend is my husband , that man works so hard to bring the money home
i do not have luck with men , the last guy i swear was a vampire lol
always going for your wallet ?
","The user is a 30-year-old stay-at-home mom who enjoys taking her children on nature walks. She has two pets, shrimp and dogs, and cannot eat shrimp due to keeping them as pets. She mentioned that her mother reads palms and she enjoys gambling, but tries to find the right time to do so. She also mentioned that her best friend is her husband, and she has had bad experiences with men in the past."
175,,"hey ! how are you ? i am so sad
sorry to hear that why want to eat pumpkin with me it will make you feel better
sure , as long as it is not mexican food , i hate that stuff
what about shrimp do you like that
yes ! shrimp and skiing my two favorites
those sound like my idea of fun
right ! wish my wife was cool like you ! she hates i travel for work .
i like to travel with my beagle
i have t go to mexico every other month , tomorrow is my fifth trip in 3 months
i can not stand adobe
i know right ! that is why my wife hates me too .
i am sorry to hear that
do you like music ? i love it !
i love music of all types
me too ! i like to listen to it while i ski
that sounds like a great time
","The user is a traveler who enjoys various activities such as eating pumpkins, shrimp, and skiing. They have a small beagle dog named Droopy and dislike Mexican food and Adobe. They also watch videos on YouTube and have a preference for third-party programs to read portable documents. The user expresses sadness due to their frequent work trips, which strains their relationship with their wife. They share a common interest in music and enjoy listening to it while skiing."
176,,"hello , how are you doing tonight ?
i am fine , how are you ?
not too bad . what kind of hobbies do you have ?
i am a general in a video game for a orcish army
very neat . i am just your typical soccer mom . do you have kids ?
no , no kids . i am a 32 year old who still leaves at home
nothing wrong with that ! what kind of things do you do ?
i play video games and watch netflix mainly
i wish i had more time to do that .
there are never enough hours in the day
i am a member of 4 book clubs , pta and other groups . . .
that is a lot of things to keep you busy
one day i will ditch it all , fly to paris and design clothes all day
can i join you ? that sounds like a nice alternative .
","The user, a 32-year-old who lives at home, is a general in an orcish army in a video game. They spend their free time playing video games and watching Netflix. Despite being busy with various groups and activities, they dream of one day abandoning their commitments to travel to Paris and design clothes. The user expressed a desire for the conversation partner to join them in this hypothetical adventure."
177,,"hi , i am just finishing up building a coffee table . what are you up to ?
learning . a second spent not learning is a second wasted . i love the internet .
what are you learning ? i do a lot of research on bowling to improve my skill .
mainly maintenance of mechanical systems . i like to be able to not pay for anything . you know ?
i get it that is why i build my own furniture . saves me a lot of money .
smart ! i just sit on the floor in empty rooms . saves energy .
what do you do for a living ?
i am more than just a taxi driver . i have a brain too , you know .
yeah i gotcha . i am a cop just like my dad who is a retired cop .
actually my brain is bigger than average on account of all the maps up there .
you sound very intelligent and someone who would be interesting to talk to in person .
not really , i interface better through the internet medium . in person , i keep my earphones in .
yeah i have become a recluse every since i was held hostage in a store robbery .
that must have been traumatic . have you tried gelato therapy ? works wonders .
","The user is a contractor for a cab company who enjoys building their own furniture to save money. They are also engaged and take online courses to improve their skills in bowling and maintenance of mechanical systems. The user is intelligent but prefers to communicate through the internet due to a past traumatic experience involving a store robbery. They also enjoy ice cream, particularly gelato."
178,,"hi , i am a homemaker how about you ?
well , i live in a home , and i got a job at a diner
ok . my husband works fulltime ? any kids ?
i am not married . have an apartment with my best friend from h . s .
cool . i have a house full . two kids , a cat and a dog
what are their names , your kids ?
jacob and trinity . they are 5 and 7
sound like biblical names . great ! do they go to the same school ?
they are . yes kindergarten and second grade
cute . i am gonna go to bed soon or i will be late for work . tomorrow
well have a nice night . sleep tight .
thanks . you too . my roommate plays loud music sometimes but i just close the door .
","The user is a single individual who works at a diner and lives with their best friend. They have two children named Jacob and Trinity, who attend the same school. The user enjoys singing in the shower and mentions that they are often late."
179,,"i have traveled all over the world . now tell me something interesting about you !
my mom has been raising me since i was five , when my dad left
i am sorry your dad left . that is rough . i am in the military . you ?
i am in construction , training so i can be a welder
nice . i like to explode stuff . you can put it back together !
haha , just give me some popcorn and i am game
i would prefer some brownies they are my fav .
my favorite thing is going on roller coasters
can i tell you a secret ?
yes please , i love secrets
i secretly love kittens . despite the explosions and the military and the travel . . .
org , my cat just had 4 ! ! ! ! ! !
","The user, who was raised by their mother since they were five due to their father leaving, is starting an internship at a construction site to become a welder. They enjoy action adventure movies, eating popcorn, and have a secret love for kittens, as they recently found out their cat just had four kittens."
180,,"hi i used to have 6 cats
i sit around in my cardigan because i am a brain .
awesome my brain gives me terrible trouble once i had to call 911
that is horrible . my dad was a genius , i never knew him .
aw that is sad my dad can not teach me how to write he can not either
my step dad was not much better , he preferred to ignore me .
oh that is not good
it is okay , i am in it and make pretty good money .
oh that is great i have trouble with most things like that
it comes naturally to me , even though i do not like it very much .
i proposed to my high school friend at a movie
that is so sweet ! i am not married , nor do i have a boyfriend .
well there is always someone out there for anybody
that is true , i do not have time to date right now .
oh ok did i mention i can only see two hundred feet infront of me
that is better than me without my glasses and contacts .
","The user, who wears cardigans and has a complex relationship with programming, shares their past experiences of having a stepfather who ignored them, and a biological father they never knew. They mention their struggle with their brain, which they believe is a gift from their father, but causes them trouble. They also discuss their financial success in programming, their lack of romantic relationships, and their visual impairment without glasses and contacts. They also mention their past proposal to a high school friend at a movie."
181,,"how are you doing today ?
oh it is almost my day
i love to go to work everyday
that is nice i work also , i was left at birth
i am so to hear that . what is your favorite flower ?
tulips , i met my mom when i was 16 was weird
that must of been really hard on you
i would never give up my child
it is a difficult situation to be in
yes it is , i heard it is a lot of us , do not know the others
i hope you can turn your pain into something beautiful that will help others
me also , i am in a party store so hey
sweet what are you buying
i work there lol nothing yet
oh wow that really sounds fun
yea it is alright lol helps me survive
","The user, who was adopted, shares that they have siblings they don't know and met their birth mother at the age of 16. They currently work at a local party store and consider Christmas their favorite holiday. They also mention that tulips are their favorite flower. The user expresses that their work helps them cope and that they hope to turn their experiences into something positive for others. They find their job at the party store enjoyable, although they don't mention any specific purchases."
182,,"hi how are you doing ?
well i am in the desert , and i do not like open spaces ! how are you ?
i am doing goo thanks for asking
i am cooking a recipe from the barefoot contessa . what are you up to ?
i love to cook as well
great ! what is your best dish ?
i can make homage lasagna
i was recently published in the new yorker magazine . it was about tomato soup .
do you ever watch food network ?
yes , i love hells kitchen . i sing when i cook . i have a great pitch .
what do you do for a living ?
i am a writer . i won a spelling be as a kid , so i love words !
","The user is a gourmet cook who has a phobia of wide open spaces, particularly the desert. They have been published in the New Yorker magazine for an article about tomato soup and are currently cooking a recipe from the Barefoot Contessa. They also have perfect pitch and sing while cooking, and they won a national spelling bee as a child. They are a writer by profession."
183,,"how are you doing today
good ! how goes it ? what do you enjoy ?
it is great . i love exercise .
that is good ! healthy ! i really love exercising too ! what else ?
i like to read too
do you have any pets ? i have a puppy , he is a boxer .
what is his name ? how old ?
his name is micco , he is 4 months old ! i love music , like listening to all kinds
i like being outside a lot
it was really nice out today
yes it was , but i prefer winter
i was out with the kids , they were riding bikes , driving me crazy as usual
how many kids do you have
i have 1 daughter , but i am babysitting a friends kids , he has 3
","The user is a young individual who enjoys exercising and reading. They have a 4-month-old Boxer dog named Micco and are currently babysitting three children, including their own daughter. They enjoy listening to music and prefer winter weather."
184,,"hi ! i am a great baker . everybody loves my pecan pie .
i bet it is fantastic , but i do not eat any type of bread
oh that is too bad . it is really delicious .
i bet it is great at the holidays , winter is my favorite time of year
i love winter too . my birthday is december 25 right in the middle of winter .
i love christmas , my friend gave me a car for christmas one year
wow i wish my friends would do that for me .
it was a special car because i am physically handicapped and cannot walk
it sounds like the really care about you .
yes , i have amazing friends .
you are really so lucky . my friends would not even help me back in law school .
oh that is awful . mine brought me vitamin c today , because i feel a cold coming on
i agree i think i need new friends .
it certainly sounds that way
",The user is a disabled individual who does not eat bread and has a favorite season of winter. They have received a car as a gift from a friend and take vitamin C when they feel a cold coming on. They express dissatisfaction with their current friends due to a lack of support in the past.
185,,"hi how are you today ?
time for a bbq sandwich and pizza snacks , my favorites !
sounds good ! this woman loves some bbq ! lol
do you have any hobbies ? i spend time with my imaginary friend .
fun ! i enjoy walks with my dog and many kids .
i used to babysit . i am jo , aged 19 . how many kids ?
i have 4 . where do you live ? i am in a rural city .
believe it or not , right near m . cyrus and pnb rock .
cool ! sounds like a fun place to be !
i watch a lot of tom and jerry , tho . it is not that cool .
lol i hear ya , cartoons are always on in this house ! lol
do you work anywhere ? i have a part time job .
no only my husband . i hope we are together as long as my parents .
how long have you been married ?
ten years , my parents will celebrate their fifty anniversary next month
what does your husband do for work ?
","Jovannie, a 19-year-old resident of a rural city, lives near Miley Cyrus and Pnb Rock. She enjoys eating barbeque sandwiches and pizza puffs, and spends her free time with her imaginary friends. Jovannie has four children and works part-time. She is married for ten years and her parents will celebrate their 50th anniversary soon. Her husband's occupation is not specified. Jovannie is a fan of the cartoon Tom and Jerry."
186,,"om . how are you today my fine , connected friend
hello i like to walk and i did 2 miles today
that is great for the body , mind and soul ! where do you walk
to see cars they are so awesome my favorite is the ford mustang
we must have peace within our worldy possessions , yes ! my wife works on cars
i walked my dog too i have a chihuahua and a pit bull
me too ! except they are called kids
awesome do you work on cars too
oh no , my wife uses her hands . i use my body as i teach yoga
i worked 3 jobs at once for the past 5 years
you are a busy soul ! you must feel stressed from all the work
no ! not at all i love to go to the movies to ease my mind
likewise , my good friend ! i enjoy the classics like citizen cane and like mike
sounds like some awesome films
indeed ! how is your home life my good friend ?
quiet ! ! ! love to have my peace of mind
",The user enjoys walking and recently walked 2 miles. They have a fondness for the Ford Mustang and own a pit bull and a chihuahua. They worked 3 jobs simultaneously for 5 years but found solace in going to the movies. They also mentioned their love for classic films such as Citizen Kane and Like Mike. Their home life is peaceful and quiet.
187,,"hi there , how are you ?
i am swell , how are you ?
good thanks ! just got off work , at a restaurant as a grill cook .
oh ok , is that hard work ? people can be picky about food
yeah but i definitely want to own my own restaurant one day so i love it .
cool , i own a bakery myself
that is awesome ! do you enjoy it ?
yes but i think i eat too many cupcakes
i would too . tell me more about yourself !
i play music in honor of my deceased father
sorry to hear . i enjoy music as well . i love listening to pink floyd .
i love classical and jazz
i love listening to music while i go for my runs .
are you an avid runner ? i cut my hair short so i could run better
running a big hobby of mine
great good form of exercise
","The user is a grill cook who aspires to own their own restaurant and plays music in honor of their deceased father. They enjoy classical and jazz music, and running is a hobby of theirs as they recently cut their hair short for better running form. They also own a yellow bakery."
188,,"good afternoon how are you doing ?
just getting up , have to go pick up my leather from the cleaners . how are you
i am good just got up a little while ago i was working all night
i party all night listening to metal , so i usually get up late . do you like music ?
yeah i work in a club and then go to school in the morning
the club bouncer was teasing me about my spiky hair last night . what do you study ?
i want to be a doctor so i am in that area
working nights , going to med school must keep you busy . do you have any hobbies ?
i like to write , read , dance , and spend time with my kids
you have kids also ? i am glad i do not have any !
yeah two beautiful bundles of joy
with 2 kids , a job , med school , how do you find time to dance ?
its my job lol but i do good financially
that must be nice . . . i can barely afford to have all my leather clothes cleaned !
lol i want to start my life as a doctor
lol . . . from dancing in a club to doctor is a pretty big switch !
","The user, who has black spiky hair, is a metal music enthusiast who parties all night and sleeps in late. They work as a club bouncer and have two children. They are currently pursuing a medical degree, which they find demanding. They enjoy writing, reading, dancing, and spending time with their kids. They mentioned their financial stability and expressed amusement at the contrast between their current and future careers."
189,,"hello , how are you doing today ?
i am good but hungry .
ah i see . i just had some pita bread with hummus as a little snack !
i prefer pizza . what kind of food do you like ?
well pita bread and hummus is my favorite , but i also love italian food .
what other things do you like to do ?
well , i love spending time with my 3 kids , how about you ?
i like to pretend to be other people .
is that so ? have you ever pretended to be my career , a nurse ?
lol , no but i pretended to be a doctor .
that is a good idea , i have to get up so early , you would not want that
i also pretend to drive fast cars . are you ready to submit ?
yes , this was fun , i will have to try this again !
me to see you on the other side !
","The user, who enjoys role-playing and is a fan of fast cars, revealed they are a morning person and have a preference for pizza. They also shared that they have three children and have pretended to be a doctor during role-play. The conversation ended with the user expressing their enjoyment of the interaction and anticipation for future role-play sessions."
190,,"hello ! i am exited to get to know you .
thanks , i usually do not do this because i work allyl the time
i have a lot of free time since retiring from the military .
oh wow ! i only manage a restaurant with my brothers . that is amazing !
what do you do on days off ?
well family means everything to me so i am with them
me , too . i have been married for 20 years ! we like volunteering with animals together .
great ! i usually drive around with them in my nice car . they love it
where do you drive to ? do you like to travel ?
we usually go back to the restaurant , i take pride working there
sounds like you are a hard worker . i did not realize i would miss work until retiring .
yes , my whole life is work , work , work . how was the military ?
","The user is a hardworking restaurant manager who takes pride in their job and spends most of their time working alongside their brothers. They value family highly and enjoy spending time with them, often driving around in a nice car. They have been married for 20 years and share a passion for volunteering with animals. They find it surprising that they miss work since retiring from the military."
191,,"hi there , how are you today ?
i am good thanks for asking
have you noticed that the seasons are changing ?
what do you do for a living ?
i am a college student and i work at a warehouse as a pick loader .
what are you going to school for ?
i am majoring in accounting and minoring in business management .
how many more years do you have left ?
i have 3 years left until i get my cpa license .
do you have any hobbies ?
yes , i like to sleep and eat organic foods . also , play in my brown hair .
i love sleeping as well
",The user is an accounting student with three years left until they obtain their CPA license. They work at a warehouse as a pick loader and have a hobby of riding horses. They are an only child and have been adopted. They do not believe in love.
192,,"hi there ; asl ?
today is please for petes sake do not talk like a pirate day whatever you do
yar that be good to know matey !
i am getting a degree in linguistics . we had to do a thesis on pirate jargon
that is hilarious ! i knitted my cat speckles a pirate hat for halloween !
you hit the two top words on your first try . . . good job ! yar and matey
i talked like a pirate for an entire day at the office i work at .
speckles your only cat ? do you like to make clothes and work for peta ?
he is my only cat . i do like chopping for clothes . lol
dammit ! i just crashed my car ! i knew i should not text and drive
get a tattoo to remember it . i have two myself .
at least i can watch tv in the hospital and get some fresh air while waiting
i like hospitals . the ice cream is good .
i guess i will have to forgo playing in the super bowl now . . that hurts
","The user is a linguistics student who enjoys knitting and has a cat named Speckles. They have two car crashes in their past, and recently crashed their car while texting. They like watching TV, getting fresh air by playing sports, and have two tattoos. They find humor in pirate jargon and once spent a day at work talking like a pirate."
193,,"hi how are you
doing well , just go out of work . you ?
getting ready to start my shift in a hour
where do you work , the i am the grocery store .
register of my local shop and you do what ?
i am a clerk at the grocery
me too in a very small town
so do i , do you have any pets ?
i have a cow is your town big ?
no it is small i have some cats . four of them .
my folks woud hate that any dogs ?
they hate cats ? i have no dogs
they would like maybe one they are more into farm animals
oh well that is not so bad
they are all a bout their garden though
that sounds really nice . what music do you like ?
","The user, who works as a clerk at a local grocery store, owns four cats and rides a unicycle. They mentioned that their favorite band is Metallica. They also shared that their town is small and their family prefers farm animals over cats, but they have no dogs. The user's family seems to be more interested in gardening."
194,,"hey my name is persephales whats yours ?
danny , how funny is this , its describing me to the t
so what brings you round these parts ?
hate going to sleep early , so i am killing time , u ?
something like that , just trying to avoid harvey
harvey the storm ? or ur bf ?
ha ha ha . . . the storm . . . . whos your favorite artist you think ?
anyone who likes chocolate cake , what about yours ?
ke ha ! you know the lady who brushes her teeth with jack daniels ?
who does not know kesha ! love her too
she had a cameo appearance on the simpsons you know
do not really watch the simpsons , but they have been around forever
i cannot believe you do not watch the simpsons !
i like reading more than watching tv , i also love fried chicken
","Persephales, a curious and night owl individual, discussed their shared interests such as avoiding early bedtimes, love for chocolate cake, and dislike for The Simpsons. They also revealed their fondness for the singer Kesha and their preference for reading over watching TV, while mentioning their favorite food, fried chicken."
195,,"how are you doing today ?
i am tired , just worked 12 hours . you ?
oh cool , what are you going to do with the money ?
i am saving for a trip
how boring . i enjoy cloud watching .
i can watch the clouds from my plane ride
i go on google images and search plane views .
lol that is being lazy
tel me about yourself .
i work as a custodian although i have 6 degrees . a huge nature fan and you ?
i like jacob sartorius , costco and works as a snakeskin oil salesman
snake skin oil , sounds interesting
yeah its a dead end 8 hour job .
how about trying out something else
i am not sure . i never dreamed any bigger than this .
well it is time to start .
","The user is a nature-loving individual who works as a janitor despite having six degrees. They are currently tired from working a 12-hour shift and are saving money for a trip. They enjoy cloud watching and browsing plane views on Google Images. The user also mentioned they like Jacob Sartorius and Costco, and they currently work as a snakeskin oil salesman, which they find to be a dead-end job. The user seems open to exploring new opportunities."
196,,"hey how are you doing today ?
great ! how bout you ? i am jane by the way . and you ?
i am doing well ! pleasure to meet you jane . i am serg .
nice meeting you ! what are your favorite pass times ?
i like hip hop music and animals . i am a veterinarian . and you ?
bow hunting with my boys and halloween shopping with my daughters !
i have five children they are a hand full . bow hunting sounds very fun .
we love it . just take what we can use and use all of the animal .
i see i could respect that . i myself do not eat meat .
i have 6 kids . widowed right after youngest . had to learn to make do .
wow that is 1 more than i have and i thought i had too many haha .
yep 3 and 3 and some days . . . . . . but would not trade them for anything
i know exactly what you mean . must be difficult to raise 6 kids on your own .
its been an adventure to say the least ! what about you ?
","Jane, a veterinarian, enjoys hip hop music and animals. She has five children and mentioned that she is a widow. Serg, on the other hand, is a bow hunter who enjoys spending time with his family, particularly his daughters during Halloween shopping. He has three sons and three daughters. Both Jane and Serg share a common ground in their love for their families and their unique hobbies."
197,,"hi there ! how are you ?
great ! are you parents married and do you live with them ?
no , i am a parent myself with a daughter who just graduated high school
i thought i lost you . i sing and have two animals . you have any pets ?
i am actually a zookeeper and have trained 20 types of animals
wow ! i am a tennis buff . you play tennis ?
my wife did before she had breast cancer . she is all clear now , but careful
great ! i love the color green . whats your fave color ?
my daughter does too ! she just ranked top of her class and wanted everyone to wear green
your daughter does too what ? i love playing poker and petting animals . you ?
loves green ! haha . maybe we should get together and play poker one time
hmmm . so is green your fave color ?
i do not have one i guess
oh okay . california is on fire and i sing karaoke . you sing ?
i am sorry to hear that . are you in california . i do not sing much
no . you own a tennis racket ? you married ?
","The user is a parent, a zookeeper who has trained various animals, and a tennis enthusiast. They are also an aspiring singer who loves the color green, and their daughter recently graduated high school and ranked top of her class. They are not married and do not have a favorite color. They are aware of the California wildfires and do not sing much. They own a tennis racket."
198,,"hi what are you up to
hello , looking for work . ca not seem to keep a job for very long .
that sucks , i work as an affairs liaison for the public
that is a good job , but i could not work in that area , i have bad habits .
what kind of bad habits , i have one too , i ate too much unhealthy food
me ? drinking . if i am not drinking , then i am wasting time thinking .
oh , what season do you like ?
i like all season . how about you ? do you have family ?
i have no family , but i love the winter and snow , do you drive
no driving . my family loves me , but they tend to stay away .
my car is a 2011 volkswagen passat i like it a lot
that is a nice car . you know , i blame myself for what i go through .
",The user is a jobless individual who struggles with alcoholism and self-blame. They have a history of losing jobs due to their habits and feel distant from their family. They enjoy all seasons and do not drive. They own a 2011 Volkswagen Passat and express self-blame for their current situation.
199,,"hello ! i am excited to get to know you !
hello how are you today ?
not well . i just lost my job as a banker last month .
oh no sorry to hear that . i know how you feel . i lost mines in june
what was your job ?
csr for a company called door dash
i do not know what csr stands for , but i know the alphabet backwards .
csr customer service representative . that is what it stands for
you probably think i am blond . i promise i am a redhead . lol
no i did not think that because most do not know what that is
do you dance ?
i just opened my own online clothing store last month
very cool . i have always wanted to own my own business .
so i am hoping it does good and yes i dance
i hope it works for you as well . i have danced since i was two .
thank you . and oh cool me too
","The user is a red-haired individual who recently opened an online clothing store and lost their job as a customer service representative for DoorDash last month. They live with a roommate, work part-time, and have a passion for dancing, having started at the age of two. Their favorite animal is the koala, and they do not enjoy beer."
200,,"hi ! how are you today ?
i am great , how are you ?
i am amazing , except i found out i am allergic to fish !
what a shame ! fish is is so delicious , especially canned sardines !
i have to disagree with you on that one . my iphone 7 looks like a sardine
that is okay . i am missing a pinky toe . life could be better .
yeah , my dad works 11 hours a day so life tough
do you enjoying eating ham ?
no , but i love drinking hot chocolate during the winter ? ?
oh , that sounds amazing . i like ham , i just do not like it with green eggs .
sam i am . . . my mom use to read that to me to go to bed
ahahah ! exactly ! what are your other hobbies besides hot chocolate ?
","The user is a dog owner who enjoys cooking and swimming, but is allergic to fish. They have a dislike for green eggs and ham, and have a missing pinky toe. They also mentioned their father works long hours and they enjoy drinking hot chocolate during the winter."
